{
"type": "FeatureCollection",
"name": "parroquias_geojson",
"crs": { "type": "name", "properties": { "name": "urn:ogc:def:crs:OGC:1.3:CRS84" } },
"features": [
{ "type": "Feature", "properties": { "DESCRIP": "Bellavista", "CODIGO": "05", "AREA": 4871711.87, "SHAPE_LENG": 19711.233405800001, "SHAPE_AREA": 4871711.8723 }, "geometry": { "type": "MultiPolygon", "coordinates": [ [ [ [ -79.038343248208037, -2.869901871675502 ], [ -79.038404823785768, -2.869915811522207 ], [ -79.03846810225788, -2.869933099728732 ], [ -79.038526257891633, -2.869948661187823 ], [ -79.038577582096337, -2.869962492957679 ], [ -79.038623786386935, -2.869972880062694 ], [ -79.038685382618596, -2.869974704053181 ], [ -79.038750404810557, -2.869971380168864 ], [ -79.038810217160957, -2.869964611462856 ], [ -79.038890744627935, -2.869938981258897 ], [ -79.038955831343827, -2.869897772731857 ], [ -79.039048281825657, -2.869841149991529 ], [ -79.039115890613232, -2.869797504529014 ], [ -79.039220762543977, -2.869734031449891 ], [ -79.039327972691851, -2.869670471960557 ], [ -79.039396827342557, -2.869634514061908 ], [ -79.039450033825744, -2.869599162144435 ], [ -79.039471912576076, -2.869583467228511 ], [ -79.039585477537145, -2.869484655972402 ], [ -79.039699767273305, -2.869382681340619 ], [ -79.03978280196155, -2.869310490545944 ], [ -79.039900225681677, -2.869216387548972 ], [ -79.040004308213227, -2.86914115874974 ], [ -79.04003717266626, -2.86911680266836 ], [ -79.040096715151492, -2.86905722980569 ], [ -79.040218145250023, -2.868933928904549 ], [ -79.04037470913093, -2.868773798209846 ], [ -79.040427947394647, -2.868719729908291 ], [ -79.040539186589612, -2.868613590653493 ], [ -79.040654286883353, -2.868510803446042 ], [ -79.040713017513724, -2.868452675785323 ], [ -79.040811685347791, -2.868335755214778 ], [ -79.040834392150899, -2.868309030774762 ], [ -79.040527713822101, -2.867956871320245 ], [ -79.040361574224477, -2.867772586854311 ], [ -79.040290576769905, -2.867693801904899 ], [ -79.040163302635861, -2.867552170731793 ], [ -79.039954932844566, -2.867347379423082 ], [ -79.039822190853059, -2.867195431317125 ], [ -79.039788082524041, -2.867052332837658 ], [ -79.039778848042033, -2.866983057470433 ], [ -79.039781948257627, -2.866957926849185 ], [ -79.039803934232992, -2.866932014941493 ], [ -79.039845399315197, -2.866926570782403 ], [ -79.039914885057016, -2.866942422808394 ], [ -79.039964134772973, -2.866959867553356 ], [ -79.040005574492241, -2.866969342166888 ], [ -79.040045481480433, -2.866981164989415 ], [ -79.040094652039357, -2.866992280397639 ], [ -79.04013142485536, -2.86699632195951 ], [ -79.040172889946675, -2.866990877789021 ], [ -79.040210399694516, -2.866984613064241 ], [ -79.040269869896917, -2.866967445611798 ], [ -79.040316027109313, -2.86695260611911 ], [ -79.040360650359688, -2.866940838169509 ], [ -79.04043966239972, -2.866907248373555 ], [ -79.040478809408242, -2.866890045978269 ], [ -79.040530476213917, -2.866861020451621 ], [ -79.040597832803968, -2.866806885918594 ], [ -79.040640893484564, -2.866762113012021 ], [ -79.040676136010291, -2.866714162068095 ], [ -79.040684822349476, -2.866682711828761 ], [ -79.040685571105911, -2.866665443441617 ], [ -79.040671606788933, -2.866627715500983 ], [ -79.040645422729824, -2.866583999033815 ], [ -79.040559457013302, -2.86647616451921 ], [ -79.040485690456947, -2.86638643439561 ], [ -79.040436865289209, -2.866330834386541 ], [ -79.040389944698774, -2.866265743853018 ], [ -79.040348143723278, -2.866204278802721 ], [ -79.040332486350479, -2.866157415830834 ], [ -79.040313993158037, -2.866085954530307 ], [ -79.04030429668839, -2.866023911725628 ], [ -79.040271580166433, -2.865908392852849 ], [ -79.040248474459162, -2.865799490945119 ], [ -79.040212674922898, -2.865646082010413 ], [ -79.040201217734563, -2.865561793575538 ], [ -79.040173453869727, -2.865442304870409 ], [ -79.040165561386345, -2.865324116144405 ], [ -79.040169429419834, -2.865164627000319 ], [ -79.036986250168965, -2.865159154609774 ], [ -79.036991571397792, -2.865097137743001 ], [ -79.036994684407404, -2.865064502582825 ], [ -79.036996250067403, -2.865042805210358 ], [ -79.036995743136686, -2.865023635946423 ], [ -79.036987110243615, -2.864970817599717 ], [ -79.036985059656857, -2.864960416123484 ], [ -79.036976910767947, -2.86494023912587 ], [ -79.036960388363795, -2.864926196074308 ], [ -79.036940351641817, -2.864916396572758 ], [ -79.036880658022369, -2.86490643842537 ], [ -79.03681529557403, -2.864898550111555 ], [ -79.036784906984138, -2.864894881148903 ], [ -79.036721084658112, -2.864880304627813 ], [ -79.03669690276125, -2.864875561339566 ], [ -79.036674787299532, -2.864871906609655 ], [ -79.036643410304777, -2.864867783858712 ], [ -79.036617155665496, -2.864865659093381 ], [ -79.036590361475106, -2.864863533399095 ], [ -79.036574896945424, -2.864861969701176 ], [ -79.036539923096498, -2.864857750341664 ], [ -79.03648633471937, -2.86485349894935 ], [ -79.036440570765265, -2.864848718517979 ], [ -79.036412249542053, -2.864845595606195 ], [ -79.03638338707492, -2.86484346634839 ], [ -79.036313890707831, -2.86483403380919 ], [ -79.036283592055511, -2.864830364990213 ], [ -79.036237202941749, -2.864823051802747 ], [ -79.036167709199816, -2.864812082173557 ], [ -79.036130129223622, -2.864806863732363 ], [ -79.036108551630562, -2.864804204505159 ], [ -79.036079691787123, -2.864800538158109 ], [ -79.036058113271352, -2.864798421429882 ], [ -79.036026192430654, -2.864796829401712 ], [ -79.036016392427655, -2.864795727531433 ], [ -79.035988067827361, -2.864794593776522 ], [ -79.035963880557802, -2.864793015057814 ], [ -79.03593753600687, -2.864790890124095 ], [ -79.035917484374892, -2.864789861024279 ], [ -79.035881972686241, -2.864784646136247 ], [ -79.035847539331584, -2.864779885187902 ], [ -79.035815623730059, -2.864775218989527 ], [ -79.035793417589574, -2.864772016174044 ], [ -79.035774898229377, -2.864768910121467 ], [ -79.035705483970034, -2.864764088953526 ], [ -79.035658635552707, -2.864762471219037 ], [ -79.035639573102088, -2.864761443817695 ], [ -79.035607120726041, -2.864755149186725 ], [ -79.035589140150051, -2.864752496143528 ], [ -79.035569092064534, -2.864749387456448 ], [ -79.03553609398044, -2.864746708559041 ], [ -79.035514514549817, -2.864745134321502 ], [ -79.035484667236474, -2.864740471676194 ], [ -79.035466056262052, -2.864738360047264 ], [ -79.035422358776188, -2.864734668141028 ], [ -79.035404824287298, -2.864734095451137 ], [ -79.035390437950269, -2.864733076096889 ], [ -79.035363645632643, -2.864729865378391 ], [ -79.035342516754653, -2.86472774941259 ], [ -79.035323005606472, -2.864726178732885 ], [ -79.035306014211685, -2.864723527389085 ], [ -79.035283898775447, -2.864719872637262 ], [ -79.035260703313483, -2.864716758526616 ], [ -79.035218988654279, -2.864710447939082 ], [ -79.0351659425001, -2.86470466034 ], [ -79.035147960082611, -2.864703092290015 ], [ -79.035125838489265, -2.8647030541988 ], [ -79.03510371782022, -2.864702473607718 ], [ -79.035082044929297, -2.86470297878932 ], [ -79.035060907277469, -2.864706016563651 ], [ -79.035032125062187, -2.864709583674609 ], [ -79.035013056459718, -2.864712172926595 ], [ -79.034987784868832, -2.864713666494406 ], [ -79.034965660659154, -2.864715165481596 ], [ -79.034925998269941, -2.864718261768986 ], [ -79.034898750944862, -2.86471821484615 ], [ -79.034891556161625, -2.864718654539999 ], [ -79.034864758462916, -2.864718608390659 ], [ -79.034838057620931, -2.864714493650319 ], [ -79.034794233262332, -2.864732501541138 ], [ -79.034772651994246, -2.864732012289138 ], [ -79.034737128168175, -2.864733940278112 ], [ -79.034709251369748, -2.864733892266368 ], [ -79.034633087383526, -2.864732224001087 ], [ -79.034565647064582, -2.864730028255857 ], [ -79.034535253135289, -2.864729523820313 ], [ -79.034486870788712, -2.864730977569048 ], [ -79.034463216162663, -2.864733468494523 ], [ -79.03441267715516, -2.86473401435703 ], [ -79.034373555406233, -2.864736478637396 ], [ -79.034347833273628, -2.864738513914749 ], [ -79.034323637249486, -2.864742088905972 ], [ -79.034275254908266, -2.864743542645176 ], [ -79.034251512824525, -2.864744586746408 ], [ -79.034221115511087, -2.864746071465917 ], [ -79.034187661514153, -2.864747098834671 ], [ -79.034166072549951, -2.864751130397358 ], [ -79.034137194103664, -2.864758404405534 ], [ -79.034099587835513, -2.864768647129966 ], [ -79.034058826175496, -2.86478358608903 ], [ -79.034028412068182, -2.864794926202797 ], [ -79.034012482993901, -2.864802132100484 ], [ -79.033991879508221, -2.864808335359392 ], [ -79.033971813878196, -2.864815534129038 ], [ -79.03393466062596, -2.864823788457159 ], [ -79.03391459946495, -2.864828365146594 ], [ -79.033869251623372, -2.864843296193457 ], [ -79.033815719671423, -2.864858755635889 ], [ -79.033782249805014, -2.864869095890024 ], [ -79.033738976405814, -2.864880413833443 ], [ -79.033699297391223, -2.864893275053733 ], [ -79.033667805106731, -2.864904070794831 ], [ -79.033646211520278, -2.86491081483923 ], [ -79.033625156867956, -2.864917921478851 ], [ -79.033582875265651, -2.864927704038342 ], [ -79.033493260379245, -2.864956573370133 ], [ -79.033368544796247, -2.865002923040592 ], [ -79.033168618218937, -2.865068853889668 ], [ -79.032990835262538, -2.865121893272847 ], [ -79.032925966582283, -2.865140949780051 ], [ -79.032593140305536, -2.865253758450368 ], [ -79.032432260796256, -2.865308273525005 ], [ -79.032322047820401, -2.865340181366621 ], [ -79.032052645108976, -2.865384925018446 ], [ -79.032038541376636, -2.865376401521936 ], [ -79.032025072211269, -2.86536489536986 ], [ -79.032013673636726, -2.865352036539567 ], [ -79.032006767303912, -2.865341536292042 ], [ -79.032002283393581, -2.865334295223462 ], [ -79.031996738279148, -2.865316563990504 ], [ -79.031996769752212, -2.865298119043952 ], [ -79.031992299572764, -2.865282830915506 ], [ -79.03198342784853, -2.865264732277657 ], [ -79.031972658904579, -2.865251784117383 ], [ -79.03196098932186, -2.865239648153583 ], [ -79.031943999505216, -2.865236092595801 ], [ -79.031932907868523, -2.865254156795901 ], [ -79.031933952564117, -2.865274321514881 ], [ -79.031934286190435, -2.865289602507192 ], [ -79.031933547196004, -2.865301084149129 ], [ -79.031932096515291, -2.865308043729991 ], [ -79.031925234285836, -2.865324397308792 ], [ -79.031887825465276, -2.865324332774522 ], [ -79.03187466971599, -2.86533995216203 ], [ -79.031871591434964, -2.865352153101166 ], [ -79.03185941838025, -2.865371571683279 ], [ -79.031845942120583, -2.865364224684588 ], [ -79.031838418658225, -2.865346490039434 ], [ -79.03183396036215, -2.865324239849227 ], [ -79.031834282905322, -2.865293317907289 ], [ -79.031829542490442, -2.865278300563493 ], [ -79.031813286115977, -2.865266518352821 ], [ -79.031799438277062, -2.865266132796414 ], [ -79.031784578735881, -2.86527894632674 ], [ -79.031772406299126, -2.865298003241908 ], [ -79.031768957053714, -2.865316803956174 ], [ -79.031772289340793, -2.865366538867298 ], [ -79.031775033658661, -2.865391950682989 ], [ -79.031769427599514, -2.865409933926039 ], [ -79.03175388645947, -2.865400594197406 ], [ -79.031745639586831, -2.865385209137462 ], [ -79.03173740799032, -2.865360872854944 ], [ -79.031729197687497, -2.865324059110789 ], [ -79.031723657978674, -2.865303163305811 ], [ -79.031715430548232, -2.865276385781321 ], [ -79.031708907527332, -2.865252052447237 ], [ -79.03170128704447, -2.865238476801844 ], [ -79.031686102212504, -2.865231126855333 ], [ -79.031668475672276, -2.865231819778309 ], [ -79.031652904446418, -2.865240111245765 ], [ -79.031635643470068, -2.865237368966085 ], [ -79.031620701719376, -2.865245661518916 ], [ -79.031617253707026, -2.865263738900059 ], [ -79.031609937220665, -2.865282804189816 ], [ -79.031598135592702, -2.865295351742126 ], [ -79.031580887732744, -2.865284924068657 ], [ -79.031571949855945, -2.865252901154167 ], [ -79.031566839560512, -2.865243850672311 ], [ -79.031559222011836, -2.865228557115932 ], [ -79.031553406512799, -2.86521118708593 ], [ -79.031551364315519, -2.865195903149131 ], [ -79.031533991658307, -2.865205909422886 ], [ -79.031529812363118, -2.86523094762288 ], [ -79.03152772572443, -2.865241703603441 ], [ -79.031513235913692, -2.865248640684388 ], [ -79.031499406441085, -2.865237495575627 ], [ -79.03148840677224, -2.865201671605871 ], [ -79.031458294391356, -2.865194295901548 ], [ -79.031453508150122, -2.865206132223274 ], [ -79.031431331504436, -2.865238372699229 ], [ -79.031415732346645, -2.865263029525714 ], [ -79.031408789755744, -2.86527377712626 ], [ -79.031403282878514, -2.865286335536816 ], [ -79.031398768880109, -2.865296725661187 ], [ -79.031396312971452, -2.865313086834932 ], [ -79.031395581688116, -2.865320047654194 ], [ -79.031396999808535, -2.865332165930748 ], [ -79.031396989622877, -2.86533813341129 ], [ -79.031410061729161, -2.865371519707685 ], [ -79.031416583506868, -2.865396576370499 ], [ -79.031415469527829, -2.865417008608656 ], [ -79.031411567100847, -2.865437888118207 ], [ -79.031403262668235, -2.865456228365546 ], [ -79.031390740555807, -2.865469407586037 ], [ -79.031377952680742, -2.865480235515014 ], [ -79.031359579575692, -2.865496840470044 ], [ -79.031339232132325, -2.865511091184738 ], [ -79.031314651729531, -2.865529132092299 ], [ -79.031308704329689, -2.865536355159188 ], [ -79.031285911004915, -2.865561089980256 ], [ -79.031278249009389, -2.865571836336322 ], [ -79.031272030444768, -2.865579872684418 ], [ -79.031252628338024, -2.865619803350151 ], [ -79.031244945657832, -2.865642665498139 ], [ -79.031241853784806, -2.865662823070255 ], [ -79.031241113546116, -2.865675028037616 ], [ -79.03124035493849, -2.865697992552132 ], [ -79.031239961433357, -2.865717793114732 ], [ -79.031241269403182, -2.865741755778906 ], [ -79.031243022212678, -2.865768522126372 ], [ -79.031245035226334, -2.865800894754003 ], [ -79.031242207723338, -2.865824217364087 ], [ -79.031234167272771, -2.865898616371571 ], [ -79.03122343716889, -2.86591559617694 ], [ -79.031168067956813, -2.865953746837131 ], [ -79.031132406687632, -2.865983522765965 ], [ -79.031082144826698, -2.866032441811708 ], [ -79.03107178260197, -2.866044630167415 ], [ -79.031047812666657, -2.866073793356143 ], [ -79.031039516401577, -2.866087341526809 ], [ -79.031026335773447, -2.866117517922679 ], [ -79.031022181310135, -2.866127999078111 ], [ -79.031012803009645, -2.866143263295792 ], [ -79.030988913576266, -2.866177942033248 ], [ -79.03096979001522, -2.866212719413932 ], [ -79.030960773266088, -2.866226899255047 ], [ -79.030948336893431, -2.866242519857777 ], [ -79.030916178363299, -2.866274833482202 ], [ -79.030904737650744, -2.866286658305112 ], [ -79.030899505319454, -2.866296414264982 ], [ -79.030883890683228, -2.866330112700103 ], [ -79.030862032145606, -2.866386675755043 ], [ -79.030848126236492, -2.866420286721825 ], [ -79.030844940714417, -2.866442614123207 ], [ -79.030847065095784, -2.866462419028236 ], [ -79.030852515006302, -2.866483224258286 ], [ -79.030871777551354, -2.866525029992149 ], [ -79.030914529894858, -2.866608196678114 ], [ -79.030933532241562, -2.866644396134674 ], [ -79.030946231646539, -2.866685376788445 ], [ -79.030949252189657, -2.866706991574441 ], [ -79.030947512261747, -2.866725343142128 ], [ -79.030945419582935, -2.866739625353126 ], [ -79.030943700349567, -2.86674586113053 ], [ -79.030934675097271, -2.866765013867142 ], [ -79.030886817369932, -2.866827861183452 ], [ -79.030874353183563, -2.866859756721353 ], [ -79.030861803086694, -2.866889301278467 ], [ -79.03085044039554, -2.866908088309505 ], [ -79.030837918253766, -2.866921267508244 ], [ -79.030828554148428, -2.866928213414913 ], [ -79.030815413805982, -2.866934791133336 ], [ -79.030798853374293, -2.866943080860291 ], [ -79.030774917229493, -2.866952442847657 ], [ -79.030753858688243, -2.866961809804156 ], [ -79.030739641097711, -2.866967300661421 ], [ -79.030728210413315, -2.866973248414748 ], [ -79.030716146236799, -2.86698154590534 ], [ -79.030708123901704, -2.866992653291116 ], [ -79.030701542839822, -2.867002316500507 ], [ -79.03069567144685, -2.867017677181164 ], [ -79.030692224633299, -2.867035031214547 ], [ -79.03069084903224, -2.867050670909911 ], [ -79.030690111248589, -2.867061429210675 ], [ -79.030690802689165, -2.867077795809021 ], [ -79.030691405440308, -2.867093438921426 ], [ -79.030691485942228, -2.867098954472894 ], [ -79.030686593219485, -2.867120465172039 ], [ -79.030683419732895, -2.867135740095438 ], [ -79.030672683575574, -2.867156246118449 ], [ -79.030655020711194, -2.867178186842008 ], [ -79.030634931258035, -2.867199309623889 ], [ -79.030606815911923, -2.86723361936357 ], [ -79.030597071245452, -2.867252770848103 ], [ -79.030590461598322, -2.867279161075167 ], [ -79.030584192647723, -2.86731667313121 ], [ -79.03058416885483, -2.867330597245116 ], [ -79.030583778872256, -2.867348318223265 ], [ -79.030585453614094, -2.867368122349785 ], [ -79.030587846520845, -2.867388651049699 ], [ -79.030590251942215, -2.867401856027403 ], [ -79.030602320610143, -2.867443558924939 ], [ -79.030615371192894, -2.867489513099074 ], [ -79.03062115931472, -2.867522886821003 ], [ -79.030626680132912, -2.867554813415857 ], [ -79.030628359045124, -2.86757217630216 ], [ -79.030632425454726, -2.86761323246052 ], [ -79.030634202017296, -2.867626074685956 ], [ -79.030638301182734, -2.867647962583321 ], [ -79.030643397868573, -2.867664969708062 ], [ -79.030650288113293, -2.867684873262479 ], [ -79.030657184538597, -2.867701160163926 ], [ -79.030663359708456, -2.867718530818526 ], [ -79.030669172241858, -2.867737618762009 ], [ -79.030672564366881, -2.867752272110817 ], [ -79.030677032812676, -2.867768554817882 ], [ -79.030679809213368, -2.867775160026023 ], [ -79.030693966246147, -2.867805112377813 ], [ -79.030703282771256, -2.86782601470743 ], [ -79.030708017902313, -2.867844106207546 ], [ -79.03070628923652, -2.867855857378572 ], [ -79.030704205505458, -2.867864895438215 ], [ -79.03069275348517, -2.867883320638206 ], [ -79.03067608997587, -2.867899295585703 ], [ -79.030640779966021, -2.86793395455058 ], [ -79.030602675628458, -2.867972496598127 ], [ -79.030577703456288, -2.868009253001825 ], [ -79.030571817830221, -2.868032931978492 ], [ -79.030554708381587, -2.868099358607211 ], [ -79.030550905405534, -2.868114632439192 ], [ -79.030544636430548, -2.868152144490419 ], [ -79.030538368536185, -2.868189023627043 ], [ -79.030531670797274, -2.868214328697444 ], [ -79.030528503787167, -2.868225806131182 ], [ -79.030507378139504, -2.868274413747545 ], [ -79.030469479413497, -2.868350479016906 ], [ -79.030465698381562, -2.868352913730301 ], [ -79.030449757198554, -2.868367172000729 ], [ -79.030436609106474, -2.868378270517433 ], [ -79.03042625518755, -2.868385576366445 ], [ -79.030413472824193, -2.868393149268017 ], [ -79.030403033771577, -2.868397652055518 ], [ -79.030370183866083, -2.868413508599057 ], [ -79.030359832265304, -2.868419458202294 ], [ -79.030340476395892, -2.868432263902685 ], [ -79.030330392870155, -2.868439208551083 ], [ -79.030317958304167, -2.868453744128108 ], [ -79.030307223814688, -2.868473255554784 ], [ -79.030297107052718, -2.868499639708388 ], [ -79.030292954416126, -2.868509035854485 ], [ -79.030292202396652, -2.868528112451636 ], [ -79.030291559780224, -2.868535796749632 ], [ -79.030295313914735, -2.86854909447479 ], [ -79.030303556271349, -2.868567101619558 ], [ -79.030340183924935, -2.868603331558902 ], [ -79.030407154521114, -2.868669903498391 ], [ -79.030426461702262, -2.868685578937852 ], [ -79.030438226449135, -2.868694640930406 ], [ -79.030457257826754, -2.868713842139898 ], [ -79.030469372227188, -2.86872878181472 ], [ -79.030500065443704, -2.868764639832341 ], [ -79.030496520949811, -2.86878651451934 ], [ -79.030490264939928, -2.868816431595458 ], [ -79.030482947140243, -2.868836220178729 ], [ -79.030478425834403, -2.868850859850223 ], [ -79.030442688978397, -2.868924758842414 ], [ -79.030437188542152, -2.868933519742908 ], [ -79.030428445076581, -2.868945620450943 ], [ -79.03040635757884, -2.868978222655649 ], [ -79.030358148310924, -2.869036186760995 ], [ -79.030347416283448, -2.869054251523618 ], [ -79.030332918681523, -2.869065709366242 ], [ -79.030288557081505, -2.869082269325108 ], [ -79.030258862729468, -2.869093339227689 ], [ -79.030239524625202, -2.869095747042817 ], [ -79.030223228517286, -2.86910720177359 ], [ -79.030209363328837, -2.869116942791881 ], [ -79.030169862484982, -2.869130708233635 ], [ -79.030138376121897, -2.869137977537474 ], [ -79.030113187000637, -2.869143811062978 ], [ -79.03007063627561, -2.869153140815177 ], [ -79.030036348003364, -2.869168723594134 ], [ -79.030020766501906, -2.869182982468768 ], [ -79.030016587722443, -2.869207658963466 ], [ -79.030013731685742, -2.869247618143345 ], [ -79.030009925751173, -2.86926460987508 ], [ -79.030009888325907, -2.869286490617127 ], [ -79.030009847188737, -2.869310541350114 ], [ -79.030016331467877, -2.869357478755659 ], [ -79.030021125106273, -2.869393924917385 ], [ -79.030026656395833, -2.869419703201038 ], [ -79.030035936089604, -2.86946212461335 ], [ -79.030037616057967, -2.869478854581656 ], [ -79.030038900753325, -2.869516379674832 ], [ -79.030038507181445, -2.869536180220465 ], [ -79.030037387092577, -2.869560138671364 ], [ -79.030028058128394, -2.86959909207504 ], [ -79.030016967622785, -2.869616432874776 ], [ -79.02999204579173, -2.869623713517001 ], [ -79.029962995904825, -2.869626014108933 ], [ -79.02993773339783, -2.869622172924469 ], [ -79.029889764962434, -2.869591890838241 ], [ -79.029880063705718, -2.869585635318521 ], [ -79.029858948590956, -2.869575472147409 ], [ -79.029840345351786, -2.869568839565729 ], [ -79.029801950356358, -2.86956696483106 ], [ -79.029780811886297, -2.869570454516971 ], [ -79.029766220171894, -2.869584353427759 ], [ -79.029757915027332, -2.869603055287923 ], [ -79.029756894293058, -2.86962149849718 ], [ -79.029759280045241, -2.869646186339686 ], [ -79.029767872497203, -2.869669799918854 ], [ -79.029776120562516, -2.86968446166471 ], [ -79.029777554726181, -2.869687176641553 ], [ -79.029803038125479, -2.869719589840455 ], [ -79.029842034345748, -2.869790543860399 ], [ -79.02984334517096, -2.86981278859817 ], [ -79.029842679959955, -2.869833673669962 ], [ -79.029829121553789, -2.869874337664627 ], [ -79.029819020838005, -2.869891318504267 ], [ -79.029783708243087, -2.869927424041466 ], [ -79.02977578182221, -2.869935005320424 ], [ -79.029728681275586, -2.869975611290515 ], [ -79.02969229189253, -2.870010358710338 ], [ -79.029662208727217, -2.870038426212957 ], [ -79.029646905955119, -2.870047441393998 ], [ -79.029614780654427, -2.870060224966843 ], [ -79.029610013221316, -2.870061030468134 ], [ -79.029569538484196, -2.870065842939982 ], [ -79.029548049434055, -2.87006399743288 ], [ -79.02952872617297, -2.870057725262399 ], [ -79.029448941529708, -2.870017261458616 ], [ -79.029421717844059, -2.870003380630812 ], [ -79.029354341197603, -2.869963932874037 ], [ -79.029336007119127, -2.869957662413583 ], [ -79.029313624082789, -2.869952741195361 ], [ -79.029293570128829, -2.869953068164569 ], [ -79.02927971869741, -2.869954762112748 ], [ -79.029264504614702, -2.869964500772923 ], [ -79.029257188635469, -2.869983204333251 ], [ -79.029250861230253, -2.870054803264805 ], [ -79.029246310803089, -2.870086441171224 ], [ -79.029244585045149, -2.870096474418184 ], [ -79.029238498943073, -2.870237242398963 ], [ -79.029235679068435, -2.870256044154207 ], [ -79.029227600811268, -2.870299791767626 ], [ -79.029220936284375, -2.870358189301965 ], [ -79.029213917470685, -2.870413421644737 ], [ -79.029208374915356, -2.870446775745917 ], [ -79.029195542992127, -2.870483281809831 ], [ -79.029184082545086, -2.870506589436055 ], [ -79.029121311263282, -2.870613533945323 ], [ -79.029116078413281, -2.870623561120831 ], [ -79.029101170460009, -2.870664584412326 ], [ -79.029081726455232, -2.870728836893377 ], [ -79.029078906571584, -2.870747638645456 ], [ -79.029073223457786, -2.870810558695374 ], [ -79.029072203937076, -2.870828278565399 ], [ -79.029074573558191, -2.870862369688865 ], [ -79.0290776554601, -2.870900621204501 ], [ -79.029083775161467, -2.870950360874573 ], [ -79.029081291289529, -2.870982996932948 ], [ -79.029081180595526, -2.871047644541536 ], [ -79.029082823688398, -2.871085893566882 ], [ -79.029085071795961, -2.871138429447186 ], [ -79.029091948517134, -2.871166199218105 ], [ -79.029103643584833, -2.871215948540884 ], [ -79.02910916058741, -2.871250045113786 ], [ -79.029109404197612, -2.871265325924853 ], [ -79.02909933964844, -2.871313681331525 ], [ -79.029087527994676, -2.871332015433671 ], [ -79.02907230614413, -2.871346274889012 ], [ -79.029053581384588, -2.871358087033962 ], [ -79.029025228881679, -2.871373227920621 ], [ -79.028986794362979, -2.871394409256292 ], [ -79.028963297673911, -2.871409648963673 ], [ -79.028948705918211, -2.87142354784051 ], [ -79.02893518552402, -2.871441969396601 ], [ -79.028935508990145, -2.871463127416539 ], [ -79.028943489739405, -2.871476342042795 ], [ -79.028945906420105, -2.871482946631244 ], [ -79.028951365078115, -2.871498598136225 ], [ -79.028952409030808, -2.871519124488333 ], [ -79.028947519766859, -2.871538555569506 ], [ -79.02893813299498, -2.871558702195222 ], [ -79.028926048461287, -2.87157884414951 ], [ -79.028885507553326, -2.87162226428555 ], [ -79.028867041568105, -2.871640496441882 ], [ -79.028866772411433, -2.87164013430986 ], [ -79.028833634805636, -2.87166638812753 ], [ -79.028805174712076, -2.871691836294645 ], [ -79.028788233119457, -2.871712602749407 ], [ -79.028765168546585, -2.871738060257454 ], [ -79.028749756922906, -2.871758106028264 ], [ -79.028730445361603, -2.871797494172164 ], [ -79.028720398746003, -2.871835361279847 ], [ -79.028721826798403, -2.871894134466895 ], [ -79.028727912605063, -2.87191114330547 ], [ -79.028737963183488, -2.871923457353406 ], [ -79.028764807196566, -2.871949001291954 ], [ -79.028813919563504, -2.871993932924115 ], [ -79.02884607583924, -2.872015598154002 ], [ -79.028866837920731, -2.87202187284783 ], [ -79.028909894998947, -2.872031983644192 ], [ -79.028972838915124, -2.872034353059429 ], [ -79.028992073661016, -2.872039811358279 ], [ -79.029009767749571, -2.872052229059356 ], [ -79.029019716481812, -2.87207150500177 ], [ -79.029020401347111, -2.872091669067003 ], [ -79.029014226944128, -2.872126378310122 ], [ -79.029006456340653, -2.872147974396465 ], [ -79.028998776901162, -2.872168847308456 ], [ -79.028994063761132, -2.872190448689197 ], [ -79.028978614954241, -2.872232194356271 ], [ -79.02895010186468, -2.872288564868751 ], [ -79.028928559499434, -2.87231782250341 ], [ -79.028917006601176, -2.872342576613609 ], [ -79.028893857273587, -2.872417491791295 ], [ -79.028874548477361, -2.872455252440919 ], [ -79.028846056594944, -2.872499235921006 ], [ -79.028832135265418, -2.872541707556986 ], [ -79.028822905859258, -2.872574964837618 ], [ -79.028820530771199, -2.872596570264003 ], [ -79.028822027744596, -2.872615108236948 ], [ -79.028835109144055, -2.872642979174784 ], [ -79.028863465942365, -2.872677838642696 ], [ -79.028896435587399, -2.872697154464936 ], [ -79.028914125651198, -2.872711922995489 ], [ -79.028928664451186, -2.872728946479867 ], [ -79.028940123321988, -2.872759075020913 ], [ -79.028943130438037, -2.872788465590216 ], [ -79.028929305687782, -2.87282704948537 ], [ -79.028906135193509, -2.872861819697642 ], [ -79.028891538139462, -2.872878792711671 ], [ -79.028873808257146, -2.872887261148128 ], [ -79.028857710357727, -2.872887956593226 ], [ -79.028833158069574, -2.872889451140488 ], [ -79.028817770122998, -2.872895663220552 ], [ -79.028802371795351, -2.872907933186855 ], [ -79.028787678151588, -2.872928793939604 ], [ -79.02877919339349, -2.872947314619731 ], [ -79.028774574035879, -2.872966655744574 ], [ -79.028778411701396, -2.872983660692217 ], [ -79.028787643655988, -2.873001398317204 ], [ -79.028797598888275, -2.873016876783244 ], [ -79.028837456851605, -2.87305718117197 ], [ -79.028855133900919, -2.87307954466914 ], [ -79.028876557142112, -2.873119817121494 ], [ -79.028891872267991, -2.873156100666809 ], [ -79.028900248410508, -2.873200961757532 ], [ -79.028897156544588, -2.87322102886181 ], [ -79.028883278886312, -2.873238003118744 ], [ -79.028867876367883, -2.873252714321127 ], [ -79.028851758628861, -2.87326498303867 ], [ -79.028836357504346, -2.873278880494123 ], [ -79.028827059381825, -2.873299750592654 ], [ -79.028814723518607, -2.873361574095664 ], [ -79.028808443078489, -2.873458128020178 ], [ -79.028801430014667, -2.873509924514295 ], [ -79.028780502242014, -2.873600304734969 ], [ -79.028761037015741, -2.873729295325266 ], [ -79.028765670831547, -2.873753987055032 ], [ -79.028773289238899, -2.873768738143941 ], [ -79.028782530490801, -2.873781050800158 ], [ -79.028813952663953, -2.873811304358395 ], [ -79.028863807096457, -2.873843036522149 ], [ -79.028884542856801, -2.873864681995859 ], [ -79.028911348454685, -2.87391264918674 ], [ -79.028943507276011, -2.873985309357399 ], [ -79.028964913312805, -2.874035618022214 ], [ -79.028975585317696, -2.87405263481677 ], [ -79.028999362588323, -2.874083598462095 ], [ -79.029013168815027, -2.874108306090482 ], [ -79.029022374113396, -2.874141595313095 ], [ -79.029026887472142, -2.874184098887665 ], [ -79.02902531905896, -2.874207242792619 ], [ -79.029019141811006, -2.874243579518801 ], [ -79.029007463290895, -2.874289129193205 ], [ -79.028992018433968, -2.874328524017848 ], [ -79.028964270974328, -2.874357861288922 ], [ -79.028943536469598, -2.874387934044852 ], [ -79.028931900260119, -2.874408800086703 ], [ -79.028924936305785, -2.874431934638364 ], [ -79.028927237322947, -2.874453548167659 ], [ -79.028962440276544, -2.874533989442884 ], [ -79.028961646618214, -2.874577297566959 ], [ -79.028920751416464, -2.874669903586157 ], [ -79.028906874966395, -2.874686154501298 ], [ -79.028889943835466, -2.874700772624262 ], [ -79.028867724301406, -2.874705345349609 ], [ -79.028849298697125, -2.874699978837526 ], [ -79.028816232582287, -2.874684460300454 ], [ -79.028791682890343, -2.874684417744496 ], [ -79.028777011837491, -2.874692077713476 ], [ -79.028760874067274, -2.87471601010612 ], [ -79.028755447987109, -2.874733812746561 ], [ -79.028756209719077, -2.874761571926572 ], [ -79.028761445094688, -2.874802539668122 ], [ -79.028761414550388, -2.874820351661877 ], [ -79.028761369586334, -2.874846572363311 ], [ -79.028774437792904, -2.874882128695418 ], [ -79.028789771350958, -2.874907652725624 ], [ -79.028798915856072, -2.874923943545454 ], [ -79.028805805708416, -2.874944027948973 ], [ -79.028823415003004, -2.875005903351542 ], [ -79.028838726079627, -2.875044537734226 ], [ -79.028846330065406, -2.87506769753699 ], [ -79.028855530074765, -2.875104060913733 ], [ -79.028861551054447, -2.875158863742428 ], [ -79.028885243505385, -2.875239285074517 ], [ -79.028885932363622, -2.875257098316721 ], [ -79.028885163958634, -2.875285668594325 ], [ -79.028877399803989, -2.875303467180986 ], [ -79.028862804089613, -2.875319626426174 ], [ -79.028833542427861, -2.875340461899929 ], [ -79.028795923106145, -2.875358118304195 ], [ -79.028716744791055, -2.875383478462828 ], [ -79.028699822793214, -2.87539276201772 ], [ -79.028670546550416, -2.875422096607263 ], [ -79.028642037297004, -2.875476116222211 ], [ -79.028631207753961, -2.875498520728069 ], [ -79.028621910979112, -2.875518577063265 ], [ -79.028620447042741, -2.875533221993069 ], [ -79.028613403494589, -2.875602740045188 ], [ -79.028597930660297, -2.875658409758253 ], [ -79.028569396263151, -2.875727076789099 ], [ -79.028561608209912, -2.875758799462725 ], [ -79.028556974379711, -2.875786549281869 ], [ -79.028556077562271, -2.875837542614463 ], [ -79.028559868823564, -2.875881582009932 ], [ -79.028575940037783, -2.875948879736595 ], [ -79.028588132858374, -2.875970510420259 ], [ -79.028601234243666, -2.875986717691747 ], [ -79.02863115561415, -2.876000693724355 ], [ -79.028645716908244, -2.876004606887795 ], [ -79.028694173679611, -2.876012376330369 ], [ -79.02873868287341, -2.876014804352776 ], [ -79.028770323074511, -2.876022815876742 ], [ -79.028794536785114, -2.876061465707507 ], [ -79.028798747627576, -2.876070605074923 ], [ -79.028801785402749, -2.876082093236418 ], [ -79.028800598685493, -2.876092398657121 ], [ -79.028801732198787, -2.876113105997121 ], [ -79.028802867883499, -2.876132547510184 ], [ -79.028803478594554, -2.876143488963573 ], [ -79.028812960774161, -2.876172619515891 ], [ -79.028826861723971, -2.876194524413608 ], [ -79.028832857585982, -2.876211533111237 ], [ -79.028832194755509, -2.876230971505386 ], [ -79.028824946559965, -2.876262514286537 ], [ -79.028815831795299, -2.876281305106066 ], [ -79.02880187562198, -2.876291588379028 ], [ -79.028785594875259, -2.876294001386034 ], [ -79.02876383284719, -2.87629396364075 ], [ -79.028745767082199, -2.8762885073175 ], [ -79.028727712952289, -2.876276269778512 ], [ -79.02868485793735, -2.876253139245272 ], [ -79.028674615712333, -2.87624769649155 ], [ -79.028650436085925, -2.876241596647674 ], [ -79.028620224145328, -2.876239735914222 ], [ -79.028599720149742, -2.876240242847442 ], [ -79.02855863650646, -2.876232938266526 ], [ -79.028478345407919, -2.87622547525645 ], [ -79.028406473973334, -2.876237466386076 ], [ -79.028373249649334, -2.87626173077686 ], [ -79.028345375094617, -2.876312677301126 ], [ -79.028338122696354, -2.876346661306544 ], [ -79.02835539434551, -2.876448048117981 ], [ -79.028357728462851, -2.876502754123507 ], [ -79.028354044847646, -2.876553200115053 ], [ -79.028341271593021, -2.87660778949256 ], [ -79.028341216349546, -2.876639977654744 ], [ -79.028352012015219, -2.876689725436286 ], [ -79.02836403490835, -2.876705569176589 ], [ -79.028377865782716, -2.876715900650065 ], [ -79.028430443172482, -2.876732990168207 ], [ -79.02844185644966, -2.876737259544085 ], [ -79.028476902510448, -2.876751877399468 ], [ -79.028511210390732, -2.876777434365818 ], [ -79.028522600858679, -2.876794994922144 ], [ -79.028528592522434, -2.876814444857535 ], [ -79.028526129146996, -2.8768350555376 ], [ -79.028521255465677, -2.876845354558721 ], [ -79.028516483037876, -2.876849053353535 ], [ -79.028508018688015, -2.876855639069557 ], [ -79.028495328602986, -2.876861765371332 ], [ -79.028490471680598, -2.876862299443113 ], [ -79.028478419455638, -2.876863544362331 ], [ -79.028474192944714, -2.876863537029075 ], [ -79.028430058172432, -2.876852520059961 ], [ -79.028405969552423, -2.876845787445742 ], [ -79.028373990434091, -2.876825659504539 ], [ -79.028346852565036, -2.876814129526712 ], [ -79.028326904722078, -2.876804962852257 ], [ -79.028302827589101, -2.876791539439354 ], [ -79.028273276315375, -2.876771506126729 ], [ -79.028247316951322, -2.876754462789575 ], [ -79.028235817940555, -2.876747752019215 ], [ -79.028231600742302, -2.876742319714575 ], [ -79.028214169736842, -2.876733790321956 ], [ -79.02819538984572, -2.876725258588644 ], [ -79.028173095557079, -2.876720970329839 ], [ -79.028156812790925, -2.87672455873297 ], [ -79.028140429700699, -2.876734204863455 ], [ -79.028127181439672, -2.876751180165292 ], [ -79.02809751454491, -2.876798506899323 ], [ -79.028081128193904, -2.876810051767454 ], [ -79.02805818781809, -2.876815436943374 ], [ -79.028028071077756, -2.87681050219072 ], [ -79.028014781781081, -2.876798996240546 ], [ -79.028000323450186, -2.876787488261633 ], [ -79.02798345280155, -2.876766844036319 ], [ -79.027972594760072, -2.876753443560447 ], [ -79.027961119655856, -2.876732808699037 ], [ -79.027946668776622, -2.876716960744494 ], [ -79.027927967330484, -2.876715119960442 ], [ -79.02790502695828, -2.876720505134092 ], [ -79.027891073880838, -2.876728980063217 ], [ -79.027863233591717, -2.876759944581287 ], [ -79.027833028222574, -2.876806637451165 ], [ -79.027781562811896, -2.876875174193025 ], [ -79.027753110887886, -2.876895739753595 ], [ -79.027720530607496, -2.876911506076613 ], [ -79.02769629572127, -2.876937594355768 ], [ -79.027678805263506, -2.876963694340793 ], [ -79.027646097639334, -2.877001250795008 ], [ -79.027611557030767, -2.877058876508922 ], [ -79.027569829656173, -2.877112240171666 ], [ -79.027537752590078, -2.877149164797066 ], [ -79.027517744203251, -2.877175260403479 ], [ -79.027504495928454, -2.877192235687994 ], [ -79.027437395819362, -2.87725351193151 ], [ -79.0273811360194, -2.877286144988692 ], [ -79.027361237429545, -2.877300667479519 ], [ -79.027323135171557, -2.877337672045119 ], [ -79.027273481882332, -2.877398255229555 ], [ -79.027246265913362, -2.87743220453454 ], [ -79.027236625998441, -2.877442585680182 ], [ -79.027223932956844, -2.877450429864825 ], [ -79.027122454942059, -2.877474575650127 ], [ -79.027102566753726, -2.877483040252006 ], [ -79.027088076284102, -2.877490248397974 ], [ -79.027069258816823, -2.877503597343165 ], [ -79.027054769278905, -2.877510262991693 ], [ -79.027043878944994, -2.877515669061351 ], [ -79.027017342464845, -2.877520505459317 ], [ -79.026993152441975, -2.877520463447222 ], [ -79.026968431253138, -2.87751553802763 ], [ -79.026954591078407, -2.877510631505736 ], [ -79.026938872715746, -2.877499754240813 ], [ -79.026929261225504, -2.877493589233917 ], [ -79.026898463612767, -2.877466229998731 ], [ -79.026881574197688, -2.877456526112778 ], [ -79.026861614881298, -2.8774540502047 ], [ -79.026841110729293, -2.877454647506703 ], [ -79.026813323681594, -2.87745459924421 ], [ -79.026795862402167, -2.877463700969232 ], [ -79.026758311335513, -2.877493925229232 ], [ -79.026711742527567, -2.877538781273819 ], [ -79.026677221587818, -2.877584924071224 ], [ -79.026662712318583, -2.877603072556181 ], [ -79.026640984909108, -2.877635223037729 ], [ -79.026631242789463, -2.877652746888186 ], [ -79.026620428707702, -2.877666109723576 ], [ -79.026601570528314, -2.877703147670513 ], [ -79.0265816562341, -2.87772680216057 ], [ -79.0265429288159, -2.877761273928514 ], [ -79.026516895374343, -2.87778735902652 ], [ -79.026495724136581, -2.877809835916461 ], [ -79.026479411218276, -2.877830965001049 ], [ -79.026458239978879, -2.877853441889207 ], [ -79.026432844404724, -2.877874645607872 ], [ -79.026421309979824, -2.877888549684787 ], [ -79.026391134665175, -2.877917701735208 ], [ -79.02637231003871, -2.877935209797756 ], [ -79.026320983369629, -2.877975265469766 ], [ -79.026295586858325, -2.877997011678107 ], [ -79.026255054536691, -2.87803518735738 ], [ -79.026241170537688, -2.878055778155948 ], [ -79.026204224828049, -2.878100017957938 ], [ -79.026195760307161, -2.878106694057071 ], [ -79.026171005705379, -2.878121208067667 ], [ -79.026157674780478, -2.878133933603538 ], [ -79.026136526533506, -2.878143028900068 ], [ -79.026123838611142, -2.878147889331685 ], [ -79.026103863595367, -2.878154545425279 ], [ -79.026079124691762, -2.878159927410328 ], [ -79.026047732216611, -2.87816475533293 ], [ -79.025984327269441, -2.878168894701574 ], [ -79.025926949524333, -2.878171778713741 ], [ -79.025902845232181, -2.878174178058564 ], [ -79.025846093704828, -2.878178961897416 ], [ -79.025826752367664, -2.878183177845538 ], [ -79.02581163334203, -2.878189842373007 ], [ -79.02579227537025, -2.878203732837028 ], [ -79.025780833815588, -2.878215919151177 ], [ -79.025768760915014, -2.878229189363354 ], [ -79.025759018620462, -2.878246803609437 ], [ -79.025751145020834, -2.878275903975182 ], [ -79.025746217980441, -2.878317215664715 ], [ -79.025732290125134, -2.878363303771607 ], [ -79.02571649885958, -2.878394831612291 ], [ -79.025688642928657, -2.878434837611225 ], [ -79.025631802608615, -2.878491248985492 ], [ -79.02561972861389, -2.878505152105039 ], [ -79.025614869514186, -2.878506951983245 ], [ -79.025595509357373, -2.878522108262914 ], [ -79.02558227363572, -2.878531759795554 ], [ -79.025552659767158, -2.878548164074701 ], [ -79.025504242244381, -2.87856987022019 ], [ -79.025474009469278, -2.878580125111587 ], [ -79.025451072186499, -2.878583701881166 ], [ -79.02537315466806, -2.878607888380556 ], [ -79.025331393669745, -2.878628430677566 ], [ -79.025310874895084, -2.878637527042374 ], [ -79.025301783997861, -2.878642393713472 ], [ -79.025298170327218, -2.878652061972194 ], [ -79.025304176532387, -2.878663012787301 ], [ -79.025305955139473, -2.878674589164895 ], [ -79.025299909274452, -2.878686694433829 ], [ -79.025293871807889, -2.878693917237805 ], [ -79.025282330985277, -2.878711528344281 ], [ -79.025266638958144, -2.878737631362159 ], [ -79.025255172350924, -2.878764374641485 ], [ -79.0252429843149, -2.878792292077387 ], [ -79.02523693113757, -2.878808646897657 ], [ -79.025219877797809, -2.878894241459174 ], [ -79.025218663965376, -2.878920279237244 ], [ -79.025214407123144, -2.878937903008746 ], [ -79.025208981245825, -2.878955524746934 ], [ -79.02519384136491, -2.878974305001834 ], [ -79.025154505078618, -2.878996750239736 ], [ -79.02509893314371, -2.878995387755738 ], [ -79.025078440496216, -2.878989294221901 ], [ -79.025059109572311, -2.878987452273317 ], [ -79.025013248532275, -2.878986739590014 ], [ -79.024994535577321, -2.878991589519236 ], [ -79.024971584755804, -2.879003032464146 ], [ -79.024939557501753, -2.879010933385688 ], [ -79.024918946771677, -2.879021204987963 ], [ -79.024902027197385, -2.879029041771292 ], [ -79.024888790377602, -2.87903932619961 ], [ -79.024859045804533, -2.879079419277801 ], [ -79.024848143941341, -2.879091516092048 ], [ -79.024837870468971, -2.879104246913015 ], [ -79.024830013477739, -2.879123672740771 ], [ -79.024806428816547, -2.879137646231936 ], [ -79.024779800372144, -2.879143657796297 ], [ -79.024743003006122, -2.879153901232713 ], [ -79.024721867345292, -2.879155672787252 ], [ -79.024678307810305, -2.879176211909108 ], [ -79.024656523841188, -2.879188922700461 ], [ -79.024603286697214, -2.879241723580617 ], [ -79.024582737721829, -2.879268360619851 ], [ -79.024570014307912, -2.87929383586308 ], [ -79.024560918269017, -2.879301686249574 ], [ -79.024542200020022, -2.879309610309515 ], [ -79.02452044110322, -2.879307764123903 ], [ -79.024511997576781, -2.879302234041177 ], [ -79.024507155126244, -2.879294359402097 ], [ -79.024512066518056, -2.879262179765671 ], [ -79.024533964401485, -2.87918328448686 ], [ -79.024534005172868, -2.879159595501874 ], [ -79.024530980066004, -2.879140783659713 ], [ -79.024523815263336, -2.879123772939821 ], [ -79.024510547026964, -2.879100060798647 ], [ -79.024502114861306, -2.879087930350993 ], [ -79.024491266216742, -2.879069104897062 ], [ -79.024479242313532, -2.879053894048082 ], [ -79.024464810179197, -2.879027196146571 ], [ -79.024450916665856, -2.879001041679903 ], [ -79.024441320757731, -2.878985835055801 ], [ -79.024417181938844, -2.878956046114252 ], [ -79.02440030095994, -2.878941459728783 ], [ -79.024378651896257, -2.878928040458361 ], [ -79.024362930459958, -2.878918971480779 ], [ -79.024343607949987, -2.878912247059616 ], [ -79.024247034132102, -2.878908371957765 ], [ -79.024231920234939, -2.878912052724527 ], [ -79.024184742834109, -2.878944701306742 ], [ -79.024167804276544, -2.878963568822768 ], [ -79.024139903466335, -2.879029614530402 ], [ -79.024127783384316, -2.879070280739017 ], [ -79.024119300018029, -2.879087897139221 ], [ -79.024109025452645, -2.879101260859655 ], [ -79.02408719868329, -2.879138836022622 ], [ -79.024076277982275, -2.879161873153119 ], [ -79.02406355456381, -2.87918734838375 ], [ -79.024055079600132, -2.879200082321029 ], [ -79.024047239252866, -2.879209833627411 ], [ -79.024032109786447, -2.879222555982853 ], [ -79.023990482590406, -2.879217601058609 ], [ -79.023967497101324, -2.879196946157105 ], [ -79.023957263472582, -2.879186530481602 ], [ -79.023938031825992, -2.879179263712949 ], [ -79.023905401406722, -2.879171883207695 ], [ -79.023866735381603, -2.879170640498908 ], [ -79.023827511122704, -2.879180246761854 ], [ -79.023805722952034, -2.879195398760487 ], [ -79.023767625849473, -2.879229328940706 ], [ -79.023738615443378, -2.879260833697746 ], [ -79.023716829294358, -2.879274810285682 ], [ -79.023701073615527, -2.879285632803348 ], [ -79.023643677981411, -2.879298914488553 ], [ -79.023615341891357, -2.87930438054892 ], [ -79.023584496445594, -2.879304869349409 ], [ -79.02356219580912, -2.879304288030151 ], [ -79.023533155106122, -2.879301163323483 ], [ -79.023510860854245, -2.879296874950671 ], [ -79.02349225464576, -2.879291960084808 ], [ -79.023466915533774, -2.879280342699496 ], [ -79.023451192086242, -2.879272449117871 ], [ -79.023430712076305, -2.879259031868014 ], [ -79.023401164054818, -2.879237190126096 ], [ -79.023385443878638, -2.879227397810157 ], [ -79.023282266669881, -2.879193854608062 ], [ -79.023267795956755, -2.879189579853618 ], [ -79.023252690469846, -2.879188378143818 ], [ -79.023186877500336, -2.879180939847426 ], [ -79.023173571617548, -2.879179108356821 ], [ -79.023136175158641, -2.879171719534559 ], [ -79.023067946661314, -2.879157043733507 ], [ -79.023042593857753, -2.879153382942198 ], [ -79.02301967325198, -2.879147285149124 ], [ -79.023008174293722, -2.879140574330652 ], [ -79.022982287232765, -2.879133838458667 ], [ -79.022960535661795, -2.879127742700489 ], [ -79.022910992863999, -2.879124039784996 ], [ -79.022837351088214, -2.879119661989026 ], [ -79.022775769785966, -2.879109247309423 ], [ -79.022746823234456, -2.879103681515481 ], [ -79.022719580909481, -2.879100650340944 ], [ -79.022709956842718, -2.87910180899065 ], [ -79.022694199921432, -2.879113354816385 ], [ -79.022678523579941, -2.879130325750594 ], [ -79.022666358542949, -2.879144861563553 ], [ -79.022658506820463, -2.87916121321096 ], [ -79.02264337096598, -2.879177642588306 ], [ -79.022622221776558, -2.879187280281712 ], [ -79.022595677984015, -2.879196366082151 ], [ -79.022577504751666, -2.879201126485874 ], [ -79.022561212324618, -2.879210320555654 ], [ -79.022544924414873, -2.879216892564967 ], [ -79.022537002547963, -2.879221761238653 ], [ -79.022489330439569, -2.879228369000161 ], [ -79.022457318943196, -2.879227137833607 ], [ -79.022431336825989, -2.879223385516627 ], [ -79.022414441247221, -2.879217298207013 ], [ -79.022393961262793, -2.879203880947527 ], [ -79.022379513461331, -2.879186315053284 ], [ -79.022372252543022, -2.879172920819294 ], [ -79.022341630869789, -2.879095742526952 ], [ -79.022338604711862, -2.879077563614962 ], [ -79.022341108101784, -2.879033806571099 ], [ -79.022333849209005, -2.879019236931733 ], [ -79.022315167740388, -2.879005822806469 ], [ -79.022303122851355, -2.879002818094798 ], [ -79.022279575898764, -2.878994910878162 ], [ -79.02222047496366, -2.878954120681129 ], [ -79.022187231785026, -2.878937064546688 ], [ -79.02214561400038, -2.878926684616889 ], [ -79.02208342413681, -2.878904153092268 ], [ -79.022059880462123, -2.87889434714091 ], [ -79.022040651969178, -2.878885272035048 ], [ -79.021936250537891, -2.878831654251416 ], [ -79.021882612031547, -2.878804255149174 ], [ -79.021844575702744, -2.878802923062319 ], [ -79.0218318961996, -2.878802900973619 ], [ -79.021796815729388, -2.878808355241736 ], [ -79.021761818017666, -2.878817968792978 ], [ -79.021730413120949, -2.878830029836583 ], [ -79.021696567612693, -2.878849410330024 ], [ -79.021685678206708, -2.878854273826914 ], [ -79.021607740973522, -2.878889942808051 ], [ -79.021576242877543, -2.878903902420248 ], [ -79.021540594804065, -2.878925630583036 ], [ -79.021509696887819, -2.878956589460791 ], [ -79.021495178978498, -2.878979710679887 ], [ -79.021487318831888, -2.879000944761968 ], [ -79.021483055706867, -2.879022185111691 ], [ -79.021476767150986, -2.879122897663816 ], [ -79.02147133078337, -2.879146577202577 ], [ -79.021460423606527, -2.879161748096378 ], [ -79.021443494689706, -2.87917500975851 ], [ -79.02142774415654, -2.879182848509174 ], [ -79.021399315054353, -2.879190122668168 ], [ -79.02134859703888, -2.879190034280748 ], [ -79.021294263142238, -2.879200879933472 ], [ -79.021221741370269, -2.8792249850452 ], [ -79.021193293407293, -2.879243199507959 ], [ -79.021153382185233, -2.879286167989688 ], [ -79.021112877960164, -2.879307978076935 ], [ -79.021077249668934, -2.879318223405708 ], [ -79.021050099479297, -2.879313926526413 ], [ -79.021045880305607, -2.879309669617537 ], [ -79.021045893868731, -2.879301803444523 ], [ -79.021053750909374, -2.879282377688355 ], [ -79.021064026429784, -2.879268471526784 ], [ -79.021071327235745, -2.879258719318452 ], [ -79.021091895111383, -2.879221142089396 ], [ -79.021086534186111, -2.879201060380959 ], [ -79.021072618642549, -2.879187744966246 ], [ -79.021050957187498, -2.879181558918754 ], [ -79.021032782718862, -2.879187042619696 ], [ -79.020991733801424, -2.879211835483737 ], [ -79.02097417524817, -2.87922518645312 ], [ -79.020953678461154, -2.879221534083125 ], [ -79.020941023124905, -2.879207497535971 ], [ -79.020937350832583, -2.879198992026265 ], [ -79.020962270678481, -2.879140807528507 ], [ -79.020967701910322, -2.879120111720112 ], [ -79.020960489029662, -2.87907886942939 ], [ -79.020953343158098, -2.87905091841492 ], [ -79.020955192956535, -2.879021174759068 ], [ -79.02095344058921, -2.878994408554254 ], [ -79.020948011563831, -2.878961668482017 ], [ -79.02094742604514, -2.878936170135783 ], [ -79.020943233061217, -2.878916723377232 ], [ -79.020948781338632, -2.87888029537989 ], [ -79.020947560104887, -2.878858412567606 ], [ -79.020940404722666, -2.878835976916493 ], [ -79.02093738809603, -2.878812282654216 ], [ -79.020922941421574, -2.878794083849785 ], [ -79.020900658758435, -2.878783104671939 ], [ -79.020853544187545, -2.87877931549748 ], [ -79.020758069320038, -2.878816219662936 ], [ -79.020566537343697, -2.878862630885446 ], [ -79.020543593715004, -2.878869914587212 ], [ -79.02047480383581, -2.878867986345975 ], [ -79.020449987676471, -2.878866044346729 ], [ -79.02041313288548, -2.878857480989834 ], [ -79.020389591276583, -2.87884649960968 ], [ -79.020361833618068, -2.878829453005987 ], [ -79.020338924607643, -2.878816664408077 ], [ -79.020317842330272, -2.878787513696207 ], [ -79.020313661987473, -2.878760743267952 ], [ -79.020317291438616, -2.878741943064519 ], [ -79.020316791646451, -2.878718886109502 ], [ -79.020311335506705, -2.878701878386764 ], [ -79.020301738585829, -2.878687304677584 ], [ -79.020298690631449, -2.878681783987069 ], [ -79.020275782559992, -2.878668452895942 ], [ -79.020248007132054, -2.87866171368781 ], [ -79.020227503036608, -2.878662310852948 ], [ -79.020206358080387, -2.878669507269024 ], [ -79.0201881805082, -2.878676799274039 ], [ -79.020153160835036, -2.878699161387557 ], [ -79.02014469942182, -2.878704029099319 ], [ -79.020109582492879, -2.878730640592902 ], [ -79.020095724460546, -2.878736131806674 ], [ -79.0200654875201, -2.878748827742004 ], [ -79.020037689015183, -2.87875547005586 ], [ -79.019982118361568, -2.87875347442351 ], [ -79.019968920218218, -2.878741335666641 ], [ -79.019965882558907, -2.878729847538509 ], [ -79.019973752234051, -2.878703098125979 ], [ -79.019989521624098, -2.878684319095064 ], [ -79.020006474703138, -2.878657043023691 ], [ -79.020025881030477, -2.87861512383711 ], [ -79.020036240284028, -2.878552664443538 ], [ -79.020044201906401, -2.878524739780782 ], [ -79.020045420056093, -2.878496260864632 ], [ -79.020043687506586, -2.878458011876031 ], [ -79.020037694936434, -2.878439194900333 ], [ -79.020022599003582, -2.878432477797369 ], [ -79.020011090732112, -2.878431191909169 ], [ -79.019908479431308, -2.878434720061015 ], [ -79.019840824171609, -2.878452775711917 ], [ -79.019820207079036, -2.878466754241288 ], [ -79.019785806444816, -2.878495175293467 ], [ -79.019775448178706, -2.878504922158074 ], [ -79.019700546480934, -2.878553344930061 ], [ -79.019667865966667, -2.878575078191896 ], [ -79.019655163399506, -2.878588437605218 ], [ -79.019641832445885, -2.878601163010506 ], [ -79.019619480563051, -2.878630328391388 ], [ -79.019598944188701, -2.87864964159592 ], [ -79.019586788503318, -2.878658752410261 ], [ -79.019578325999163, -2.878664253026242 ], [ -79.019554228170506, -2.87866294517607 ], [ -79.019545175027588, -2.878645931184466 ], [ -79.019534993721066, -2.878605226240822 ], [ -79.019544165250494, -2.878553614715584 ], [ -79.01953875513621, -2.878509934366017 ], [ -79.019521901567202, -2.878479525208079 ], [ -79.019510505217013, -2.878465490858179 ], [ -79.019416351371902, -2.87841433205221 ], [ -79.019386188693659, -2.878383990100771 ], [ -79.019371234013406, -2.878347526386693 ], [ -79.01937550355602, -2.87832257902671 ], [ -79.019397243733565, -2.878283105163869 ], [ -79.019413639475303, -2.878266135554984 ], [ -79.019439616436159, -2.878220701624185 ], [ -79.019442079045504, -2.878200633573811 ], [ -79.019434953015562, -2.878161199785588 ], [ -79.019416184814617, -2.878145977174964 ], [ -79.019384281271925, -2.878134348297148 ], [ -79.019344985914159, -2.878133104364215 ], [ -79.019296050918726, -2.878142060622754 ], [ -79.019270681360055, -2.87814816466513 ], [ -79.01919029315853, -2.878197210748382 ], [ -79.019068135508263, -2.878323851266648 ], [ -79.019013638463463, -2.878377192032676 ], [ -79.018950170875044, -2.878417768496771 ], [ -79.018939279452667, -2.878423807365765 ], [ -79.018917600106704, -2.878428019097091 ], [ -79.018895842536935, -2.878425449496159 ], [ -79.018870525398015, -2.878401173860727 ], [ -79.018860953778884, -2.878371952816323 ], [ -79.018854370446888, -2.878330711665659 ], [ -79.01885098514424, -2.878208011336455 ], [ -79.018840204648242, -2.878149764669554 ], [ -79.018836604761589, -2.87809930629875 ], [ -79.01883433144512, -2.878061779720647 ], [ -79.018829541466772, -2.87802352542542 ], [ -79.018825558023082, -2.877882650451934 ], [ -79.018811209990375, -2.877807308953738 ], [ -79.018801564041482, -2.877769046190087 ], [ -79.018770310050357, -2.877693675207758 ], [ -79.018729416115562, -2.877628685246184 ], [ -79.018695663950382, -2.877593997077987 ], [ -79.018620792846022, -2.877572618749473 ], [ -79.018601451578618, -2.877576834563173 ], [ -79.018542242056, -2.87759915443689 ], [ -79.018492636596875, -2.877631888888831 ], [ -79.018479401979846, -2.877640907394913 ], [ -79.018447324615181, -2.877677921965405 ], [ -79.018430356879975, -2.877713697068458 ], [ -79.018403571428777, -2.877810757031696 ], [ -79.018414927867966, -2.87790001734796 ], [ -79.018432863518413, -2.877980790047447 ], [ -79.018432207671864, -2.877996069192481 ], [ -79.018432174280804, -2.878015418139508 ], [ -79.018422448509114, -2.878075527753261 ], [ -79.018406651816576, -2.878110129487357 ], [ -79.018373462042504, -2.878114321128897 ], [ -79.018333666014186, -2.878090562727791 ], [ -79.01829808492991, -2.878073502457432 ], [ -79.018270317985539, -2.878061880774837 ], [ -79.018247939069667, -2.878054608456233 ], [ -79.018224379733695, -2.878053934438575 ], [ -79.018182144182362, -2.878036862555744 ], [ -79.018152059003242, -2.878013754007793 ], [ -79.018140564171617, -2.878004692361312 ], [ -79.018117647892282, -2.877996153281331 ], [ -79.018080166838459, -2.877985780469289 ], [ -79.017984205013093, -2.877992303797428 ], [ -79.01797152149085, -2.87799463247786 ], [ -79.017914772241241, -2.877998240500351 ], [ -79.017860983347703, -2.87800601281642 ], [ -79.017835625513001, -2.878005335652952 ], [ -79.017822320786792, -2.878002871205737 ], [ -79.017751703363231, -2.877965767873617 ], [ -79.017715600545003, -2.87793839927355 ], [ -79.017635402181256, -2.877877499845351 ], [ -79.017621573515825, -2.877865992895857 ], [ -79.017590757563752, -2.877849483426827 ], [ -79.017562993608095, -2.877836143839364 ], [ -79.017543667016895, -2.877831860563606 ], [ -79.017528017995346, -2.877833008657854 ], [ -79.017492366701802, -2.877856635391062 ], [ -79.017478405186353, -2.877869992570792 ], [ -79.017467468659504, -2.877902161528724 ], [ -79.017455371533003, -2.877929446003972 ], [ -79.017448017339703, -2.877970120304275 ], [ -79.017418288308875, -2.878053251001967 ], [ -79.017399508451064, -2.878096889079574 ], [ -79.017364481470437, -2.878123500614111 ], [ -79.017339718301827, -2.878142987211128 ], [ -79.01727870916514, -2.878165936750738 ], [ -79.017257572514652, -2.878168341079937 ], [ -79.017236455849712, -2.878159172215144 ], [ -79.017164059008067, -2.878111035013784 ], [ -79.017148981858028, -2.878093468018901 ], [ -79.017129722409365, -2.878050306039697 ], [ -79.017127933429023, -2.87804478755024 ], [ -79.01710139628257, -2.877997996233011 ], [ -79.017048398012136, -2.877964540265353 ], [ -79.016997130497131, -2.87791824827047 ], [ -79.016918119972161, -2.877846500993065 ], [ -79.016894074510347, -2.87781490388917 ], [ -79.016883855514763, -2.87779607955616 ], [ -79.016854871507192, -2.877760224287147 ], [ -79.016827127716624, -2.877735221082861 ], [ -79.016795765839888, -2.877722417698209 ], [ -79.016770403812359, -2.877724181735566 ], [ -79.016754746210651, -2.877730302674797 ], [ -79.01673780998108, -2.877747813774661 ], [ -79.016726898582775, -2.877765425808816 ], [ -79.016704449587806, -2.877798750050581 ], [ -79.016681475562947, -2.877823664703279 ], [ -79.016653645732632, -2.877848480460426 ], [ -79.016615023784439, -2.877873910282453 ], [ -79.016596310910529, -2.877878760061235 ], [ -79.016563129606936, -2.877878069210877 ], [ -79.016532305100043, -2.877866532577961 ], [ -79.016514778121405, -2.87786161951878 ], [ -79.016496697848339, -2.877864662084269 ], [ -79.01647978254212, -2.877870057494677 ], [ -79.016465834767146, -2.87787545808677 ], [ -79.01645260842399, -2.877879684532947 ], [ -79.016413927942708, -2.877886940665824 ], [ -79.016398187911477, -2.877888721494832 ], [ -79.01635716312839, -2.877899590163374 ], [ -79.016325101499262, -2.877927472653047 ], [ -79.016318430322713, -2.877937135492705 ], [ -79.0162990334602, -2.877973539183194 ], [ -79.01628385261418, -2.878016008094006 ], [ -79.016277791855885, -2.878036702725836 ], [ -79.016269880263977, -2.878087683415962 ], [ -79.016257123175336, -2.878132597784219 ], [ -79.016244910947094, -2.878174438966346 ], [ -79.016217110100797, -2.87823451690927 ], [ -79.016197029441912, -2.878250304597639 ], [ -79.016182550390766, -2.878250912217273 ], [ -79.016169876248952, -2.878247815942098 ], [ -79.016125836960015, -2.87823381498505 ], [ -79.016070309433118, -2.878206954918165 ], [ -79.016032917270365, -2.87819721511228 ], [ -79.016018439314891, -2.878197189821673 ], [ -79.015970122303841, -2.878212837763747 ], [ -79.015913189902633, -2.878270423571446 ], [ -79.015899928869374, -2.878294722247692 ], [ -79.01587323554395, -2.878338346431871 ], [ -79.015832069416135, -2.878378961607979 ], [ -79.015811549596236, -2.878388690660283 ], [ -79.015790404675158, -2.87839588697834 ], [ -79.015749951934367, -2.87838795012852 ], [ -79.015729478369423, -2.878370916193399 ], [ -79.015677568807888, -2.878331946718399 ], [ -79.015662572242746, -2.878319804804043 ], [ -79.015637154983764, -2.878301496410637 ], [ -79.015616041319973, -2.878290609628833 ], [ -79.015590700392323, -2.878280167539527 ], [ -79.015568325745903, -2.878270453958952 ], [ -79.015543614139645, -2.87826010338455 ], [ -79.015501988320409, -2.878254515290207 ], [ -79.015470512325024, -2.878255726111271 ], [ -79.015412585830049, -2.878264123971542 ], [ -79.015333413867793, -2.878285866232087 ], [ -79.015321345141416, -2.878296695030942 ], [ -79.015295297846961, -2.878330736246693 ], [ -79.015260276165648, -2.878354273551377 ], [ -79.015242720752767, -2.878365816085693 ], [ -79.015225162213554, -2.878379166928763 ], [ -79.015208881539436, -2.878381579700561 ], [ -79.015195586214773, -2.878373690295764 ], [ -79.015190835968525, -2.878364550004685 ], [ -79.015183586731169, -2.878344465042377 ], [ -79.015180153376193, -2.87824979376845 ], [ -79.015174818825059, -2.878214522309496 ], [ -79.015165162552563, -2.8781823174331 ], [ -79.015156218335107, -2.878154363340806 ], [ -79.015144746679667, -2.878131920191532 ], [ -79.01509895003862, -2.878094136798303 ], [ -79.015083846836916, -2.878091669179322 ], [ -79.015005995747956, -2.878077609102336 ], [ -79.014992053133483, -2.878080025959842 ], [ -79.014939517010546, -2.878091416939126 ], [ -79.014865174770904, -2.878128357450643 ], [ -79.014838534893968, -2.878141059504616 ], [ -79.014819354580936, -2.878156215820226 ], [ -79.014805396177536, -2.878167764633983 ], [ -79.014774592542636, -2.878196191741382 ], [ -79.014761216401467, -2.878235047116485 ], [ -79.014751457274755, -2.87826233560237 ], [ -79.014745406026691, -2.878277514864111 ], [ -79.014741163755616, -2.878286639435273 ], [ -79.014732138724312, -2.878305430126869 ], [ -79.014721781700587, -2.878314453593213 ], [ -79.014702508330856, -2.878331418055214 ], [ -79.014684327664298, -2.878340518260147 ], [ -79.01466623801717, -2.878348985713755 ], [ -79.014634745304676, -2.878359870960311 ], [ -79.014592472052925, -2.878364679507013 ], [ -79.01455812487761, -2.87836217823687 ], [ -79.014517677492904, -2.878351167225458 ], [ -79.014491688039257, -2.878351754698758 ], [ -79.014454251983281, -2.878367421580192 ], [ -79.01443183639239, -2.878381396822681 ], [ -79.014419142252279, -2.878389873703856 ], [ -79.014409509788038, -2.878395914714067 ], [ -79.014387733210967, -2.878404375715041 ], [ -79.014359390067568, -2.878414000638112 ], [ -79.014329166784776, -2.878418830241378 ], [ -79.014305700552541, -2.878416347987735 ], [ -79.014273713485125, -2.878401102223443 ], [ -79.014244151112862, -2.878387759427826 ], [ -79.014225392577728, -2.878367021436877 ], [ -79.014197783846868, -2.878315978718381 ], [ -79.014184519032511, -2.878290458302909 ], [ -79.014160393142916, -2.878253436105792 ], [ -79.014153222280285, -2.878240042047091 ], [ -79.014139337530693, -2.878209005192102 ], [ -79.014091146438204, -2.878151868638059 ], [ -79.014057998645143, -2.878131828814552 ], [ -79.014021127331219, -2.878132939747072 ], [ -79.013945023351127, -2.87814862941358 ], [ -79.013923214252245, -2.878175896808061 ], [ -79.013899081801881, -2.878194661066106 ], [ -79.01386102660507, -2.878204359409533 ], [ -79.013804282947646, -2.878204802671751 ], [ -79.013762630749127, -2.878214494720626 ], [ -79.013720871889362, -2.878233861055944 ], [ -79.013681022572072, -2.878241024615373 ], [ -79.01366230548868, -2.878248315548115 ], [ -79.013639340966392, -2.87826771474879 ], [ -79.013600032294647, -2.878274246340257 ], [ -79.01357705306684, -2.878302144583586 ], [ -79.013557028850116, -2.878337281245841 ], [ -79.01354673421632, -2.878362217957384 ], [ -79.013543091064463, -2.878388884200112 ], [ -79.013532094677473, -2.878455591710787 ], [ -79.013528405215581, -2.878509020902388 ], [ -79.013537412084503, -2.8785527074133 ], [ -79.013537919093693, -2.878571514754067 ], [ -79.013538439210166, -2.878634716198792 ], [ -79.013539005791486, -2.878671064278632 ], [ -79.013538975282785, -2.878688695275767 ], [ -79.013536496769902, -2.878717895192858 ], [ -79.013527978724227, -2.878755493199262 ], [ -79.013516417931314, -2.878784586811815 ], [ -79.013495262376722, -2.878797931316901 ], [ -79.013486176812577, -2.878799723735113 ], [ -79.013468111256131, -2.87879426719202 ], [ -79.013443947692167, -2.878779035091572 ], [ -79.013427687053706, -2.878769874664697 ], [ -79.013413218502166, -2.878764424414089 ], [ -79.013386061125033, -2.878764376902433 ], [ -79.013370312812, -2.878770949691845 ], [ -79.013322627166332, -2.878785513596015 ], [ -79.013293025069501, -2.878795136276966 ], [ -79.013271249584776, -2.878802964337925 ], [ -79.01325064406501, -2.878810251951538 ], [ -79.013221686153472, -2.87881137668801 ], [ -79.013180680315799, -2.878811304940222 ], [ -79.013142012531219, -2.878811237281963 ], [ -79.013103973127613, -2.878811803631258 ], [ -79.013055685552786, -2.878810453318835 ], [ -79.01301945623382, -2.878804332077107 ], [ -79.012998872782688, -2.87879887112207 ], [ -79.012977216647869, -2.878789701249625 ], [ -79.012925341845474, -2.878730749911728 ], [ -79.012916278351597, -2.878719793762841 ], [ -79.012874715512751, -2.878677858605484 ], [ -79.012862689814199, -2.878663823142594 ], [ -79.012846970772031, -2.878653488256611 ], [ -79.012831349011165, -2.878638904007389 ], [ -79.012793897532433, -2.878611532957708 ], [ -79.012743281854014, -2.878552493411206 ], [ -79.012705395311229, -2.878516712950037 ], [ -79.012688521020749, -2.878498419470017 ], [ -79.012680623425865, -2.878489273674251 ], [ -79.012639670045573, -2.878458912782549 ], [ -79.012613069142276, -2.878449101347184 ], [ -79.012545447561905, -2.878447807605038 ], [ -79.012538160505017, -2.878449603164059 ], [ -79.012519438257769, -2.87845987777585 ], [ -79.012505567735118, -2.878472602098959 ], [ -79.012495814823296, -2.878496273914011 ], [ -79.012486780215255, -2.878520579894919 ], [ -79.012479448077229, -2.878548415062939 ], [ -79.012471573101067, -2.878578148007877 ], [ -79.012471541481219, -2.878596411900733 ], [ -79.012473917956896, -2.878626162787602 ], [ -79.012477456100314, -2.878660165240253 ], [ -79.012480489444599, -2.878674094549519 ], [ -79.012488774516441, -2.878719136012229 ], [ -79.012488088373459, -2.878751865253363 ], [ -79.012485603572429, -2.878784681761842 ], [ -79.012483777832927, -2.87880041087811 ], [ -79.012477081268997, -2.878824720949338 ], [ -79.012467966277654, -2.878843511436534 ], [ -79.012455262581184, -2.878857503615877 ], [ -79.012429336928221, -2.87887319054712 ], [ -79.012414846315124, -2.878880488844561 ], [ -79.012399107397115, -2.878881636697104 ], [ -79.012377977047123, -2.878880424306818 ], [ -79.012359817511552, -2.878877318389382 ], [ -79.012339332449997, -2.878866975154698 ], [ -79.012309772318588, -2.87885236650188 ], [ -79.012283263377029, -2.878841379812954 ], [ -79.012252473731309, -2.878809770879631 ], [ -79.012246460339981, -2.878803069600614 ], [ -79.01217830290652, -2.878747706374164 ], [ -79.012159631068016, -2.878728867249732 ], [ -79.01214391516973, -2.87871672405195 ], [ -79.012125232842322, -2.878703942752244 ], [ -79.012089024688706, -2.878685615422469 ], [ -79.012069154392663, -2.878683772326085 ], [ -79.012047393636252, -2.878683101322185 ], [ -79.012024455556613, -2.878687220281499 ], [ -79.012000869995717, -2.878701735896025 ], [ -79.01198817898279, -2.878708404429274 ], [ -79.011969979370392, -2.878728444820744 ], [ -79.011960332184756, -2.87874298483574 ], [ -79.011957885262945, -2.878753920834147 ], [ -79.011945132241365, -2.878796393817936 ], [ -79.011936008789036, -2.878820066720142 ], [ -79.011930575550068, -2.878841847356305 ], [ -79.01191892624972, -2.878922025556985 ], [ -79.011916426865938, -2.878963250673534 ], [ -79.01191279823199, -2.878981508261964 ], [ -79.011898907809055, -2.879005715308878 ], [ -79.011889172728971, -2.879019079764861 ], [ -79.011866222898007, -2.879029979861664 ], [ -79.011829972619935, -2.879035974228426 ], [ -79.011803471048339, -2.87902073801072 ], [ -79.011773926748532, -2.878996997403487 ], [ -79.011753359133948, -2.878982404485254 ], [ -79.011735931534702, -2.878972066596009 ], [ -79.01171779925744, -2.878953228411693 ], [ -79.011687621258091, -2.878931927914608 ], [ -79.011656274235051, -2.878910625370395 ], [ -79.011628517948935, -2.878892945735495 ], [ -79.011606240667618, -2.878878982732077 ], [ -79.011586937333334, -2.878861317899431 ], [ -79.011571224734766, -2.878847275976234 ], [ -79.011553171894079, -2.878834495772411 ], [ -79.011532600057762, -2.878822344066118 ], [ -79.011510312286049, -2.878814438884828 ], [ -79.011484336650625, -2.87880706973831 ], [ -79.011439111743684, -2.878802741009381 ], [ -79.011396217526254, -2.878802665890297 ], [ -79.011375064166657, -2.878814744524897 ], [ -79.011354439705528, -2.878832972340659 ], [ -79.011339938601068, -2.878846328441599 ], [ -79.011310291252215, -2.878882081064406 ], [ -79.011286671068376, -2.878916578424137 ], [ -79.011287815352674, -2.878982764588673 ], [ -79.011305820724118, -2.879022940615859 ], [ -79.011313613808753, -2.879040494876449 ], [ -79.011358839199573, -2.879096450881257 ], [ -79.011389568331012, -2.879111061602248 ], [ -79.011424575955715, -2.879147560374061 ], [ -79.011440819800484, -2.879166395254275 ], [ -79.011456515636723, -2.87919011161334 ], [ -79.011475783254042, -2.879228391128748 ], [ -79.011482942636675, -2.879248385500283 ], [ -79.011485962178597, -2.879270271347215 ], [ -79.011485920039888, -2.879294593051003 ], [ -79.011494921479198, -2.879341353646266 ], [ -79.011496696951951, -2.879354647839023 ], [ -79.011494232162562, -2.879375891171522 ], [ -79.011491783038323, -2.879388092978347 ], [ -79.011485105557441, -2.879401372365237 ], [ -79.011481499000027, -2.879406881395419 ], [ -79.011474839377755, -2.879409853443043 ], [ -79.011462785193359, -2.879412273548358 ], [ -79.011445879286995, -2.87941224393595 ], [ -79.011425919062916, -2.879410400662747 ], [ -79.011409014253587, -2.879409738143048 ], [ -79.011398232649654, -2.879404294326012 ], [ -79.011371015915358, -2.879386615624499 ], [ -79.011352328272963, -2.879376908429048 ], [ -79.011327614714475, -2.879367733171144 ], [ -79.011290759085497, -2.879359802460893 ], [ -79.011277458642653, -2.879354896724241 ], [ -79.011211138161627, -2.879329283372035 ], [ -79.011118187192508, -2.879310947022478 ], [ -79.011045715002282, -2.879306570532002 ], [ -79.010996798935054, -2.879304676524945 ], [ -79.010985916913214, -2.879305290368773 ], [ -79.010959288615112, -2.879311301555604 ], [ -79.010944791730395, -2.879322216432855 ], [ -79.010932088017782, -2.879336208578356 ], [ -79.010920010802579, -2.879351919715631 ], [ -79.01091269005336, -2.879373154531529 ], [ -79.010912111485013, -2.879395666976947 ], [ -79.010910810538945, -2.879419896051138 ], [ -79.01091008939224, -2.879472787854082 ], [ -79.010913107979576, -2.879495216186565 ], [ -79.010919103494544, -2.879512224805207 ], [ -79.010926897509819, -2.879529236575141 ], [ -79.010932347206491, -2.87954986085759 ], [ -79.010935265212254, -2.879578437268167 ], [ -79.01093467300764, -2.879608815838297 ], [ -79.010934657336534, -2.879617857360767 ], [ -79.010927355387935, -2.879628242348758 ], [ -79.010879642626875, -2.87965844793683 ], [ -79.010870007015072, -2.879666297200851 ], [ -79.010848835768243, -2.879688683145518 ], [ -79.010828293839012, -2.879711160607489 ], [ -79.010807116164642, -2.879737253574146 ], [ -79.010789554611264, -2.879752322186704 ], [ -79.010776854024215, -2.879764506021404 ], [ -79.010760557689778, -2.879775960230551 ], [ -79.010727236999429, -2.879803840223439 ], [ -79.010707341468816, -2.879816553940346 ], [ -79.01070005754184, -2.879816541175201 ], [ -79.010681997345785, -2.879808010468755 ], [ -79.010656671092164, -2.879789159663023 ], [ -79.01062165080657, -2.879759984503097 ], [ -79.010603602211646, -2.879744763071161 ], [ -79.01059453875142, -2.879733806913806 ], [ -79.0105734347447, -2.879717404725931 ], [ -79.010536074376077, -2.879689400866434 ], [ -79.010524599713719, -2.879668766027446 ], [ -79.010511942389655, -2.879655995262326 ], [ -79.010491459553222, -2.879644386183531 ], [ -79.010470879425185, -2.879637026461431 ], [ -79.010445527943361, -2.87963273250281 ], [ -79.010426826522618, -2.879630981832137 ], [ -79.010406318451103, -2.879633929599205 ], [ -79.010391199452357, -2.879640593845381 ], [ -79.010375445805607, -2.879650240689335 ], [ -79.010365813171816, -2.879656372058045 ], [ -79.010354916571742, -2.87966539450616 ], [ -79.010348238921722, -2.879678764291166 ], [ -79.010339773274623, -2.879686073105863 ], [ -79.010307025312102, -2.879746684483202 ], [ -79.010286440265133, -2.879794026104059 ], [ -79.010263427240318, -2.879841363467311 ], [ -79.010253138947377, -2.879862593066247 ], [ -79.01023500397487, -2.879897190398061 ], [ -79.010202252859415, -2.879959610067741 ], [ -79.01014538991943, -2.880028859037729 ], [ -79.01012602766194, -2.880045190290241 ], [ -79.0101102782412, -2.880052395915205 ], [ -79.010085530831319, -2.880062750305379 ], [ -79.010039015453785, -2.880076592732727 ], [ -79.010003383040697, -2.880089278837643 ], [ -79.009971350764047, -2.880100162944185 ], [ -79.009922408352296, -2.880113458616667 ], [ -79.009907921017444, -2.88011885814133 ], [ -79.009894604746293, -2.880123084318338 ], [ -79.009860150767423, -2.880130347556536 ], [ -79.00984386493252, -2.880135743926451 ], [ -79.009822090379117, -2.880143029395858 ], [ -79.009790692909661, -2.880150840483355 ], [ -79.009770180599759, -2.880156229440563 ], [ -79.009730240098818, -2.88016411596073 ], [ -79.009701280015037, -2.880166506393222 ], [ -79.009673488015551, -2.880169441365859 ], [ -79.009648668716977, -2.880169397841689 ], [ -79.009602808068564, -2.880168684509116 ], [ -79.009558733216423, -2.880175297955792 ], [ -79.009515196816878, -2.880182545252672 ], [ -79.009486771109636, -2.880187920325045 ], [ -79.009431263237175, -2.880201746947639 ], [ -79.009391315367708, -2.880213882964626 ], [ -79.009370808393072, -2.880216197797837 ], [ -79.009351473423877, -2.880216796793439 ], [ -79.009329793032464, -2.880221641199186 ], [ -79.009231269332616, -2.880253656271805 ], [ -79.009196259022573, -2.880270592956374 ], [ -79.009172685029682, -2.880278417744613 ], [ -79.009130417153472, -2.880280151908071 ], [ -79.009110991162657, -2.880281383646849 ], [ -79.00907176708705, -2.880290989286856 ], [ -79.009045773435886, -2.880294017810979 ], [ -79.009017987718465, -2.880293336159501 ], [ -79.008986605944216, -2.880292105706411 ], [ -79.008959989252446, -2.880291426104415 ], [ -79.008917724519051, -2.880291351957148 ], [ -79.008874296097176, -2.880288201643628 ], [ -79.008854334795828, -2.880286991223184 ], [ -79.008839236817451, -2.880281539811823 ], [ -79.00882181459879, -2.880268127768962 ], [ -79.008804311870477, -2.880249290661987 ], [ -79.008773511861619, -2.880223739487543 ], [ -79.008763280502436, -2.880212148368489 ], [ -79.008745244502848, -2.88018969371112 ], [ -79.008740404404165, -2.880180553266172 ], [ -79.008736191583338, -2.880172679737085 ], [ -79.008726630810941, -2.880137400965942 ], [ -79.008717592641531, -2.880111887972672 ], [ -79.00870254629109, -2.880076689993409 ], [ -79.008696539208458, -2.880066372101567 ], [ -79.008685687791015, -2.880049354972936 ], [ -79.008668810305124, -2.880032960179719 ], [ -79.008631971682775, -2.880015264550612 ], [ -79.008606083817639, -2.880009161301354 ], [ -79.008572278323186, -2.880005485375196 ], [ -79.008567424574252, -2.880004211044103 ], [ -79.008549879642487, -2.880009695598718 ], [ -79.008524501827225, -2.880020591331739 ], [ -79.008488225206889, -2.880041775292476 ], [ -79.008471924629376, -2.880055670657351 ], [ -79.008457415174163, -2.880073818686523 ], [ -79.008441649751262, -2.880090246619509 ], [ -79.008427149711139, -2.880102969742519 ], [ -79.008404098485471, -2.880120469874278 ], [ -79.00838411302442, -2.880133183370737 ], [ -79.008370870833602, -2.880146541606916 ], [ -79.008349080595707, -2.880162868549444 ], [ -79.008344217273503, -2.880167109537047 ], [ -79.008316367222577, -2.88020349805328 ], [ -79.008293344706885, -2.880256260218347 ], [ -79.008285483255136, -2.880278126937622 ], [ -79.00828292877388, -2.880350997228871 ], [ -79.008279770242709, -2.880409219172644 ], [ -79.008279743872777, -2.880424408905539 ], [ -79.008265305339492, -2.88045349730875 ], [ -79.008240445871905, -2.880476600008585 ], [ -79.008208412657709, -2.880488026536448 ], [ -79.00818124261103, -2.880495302492607 ], [ -79.008154088419232, -2.880493446525834 ], [ -79.008132346677897, -2.880481835201168 ], [ -79.00808654932402, -2.880444684527601 ], [ -79.008075682064913, -2.880436799318698 ], [ -79.008061853562666, -2.880425292298566 ], [ -79.008044351953188, -2.88040582228153 ], [ -79.008018398500525, -2.880385704522409 ], [ -79.007995489780484, -2.880372915749811 ], [ -79.007939446177176, -2.880332763385956 ], [ -79.007917705384713, -2.880320609570462 ], [ -79.00789775367177, -2.88031388381509 ], [ -79.007879060907996, -2.880307160269359 ], [ -79.007836828856313, -2.880288279750526 ], [ -79.007829639102823, -2.88028582591632 ], [ -79.00781336897515, -2.880282180743718 ], [ -79.007776502905614, -2.880280307724142 ], [ -79.007763196061447, -2.880279108966389 ], [ -79.007752942582002, -2.880280266366778 ], [ -79.007723984723881, -2.880281390933188 ], [ -79.00768288998843, -2.880280776302067 ], [ -79.007664811944565, -2.880282552873127 ], [ -79.007653926793267, -2.880284974978087 ], [ -79.007621894533415, -2.880295858998844 ], [ -79.007579588853986, -2.880319383126635 ], [ -79.007556624248195, -2.880338782102674 ], [ -79.007538422520653, -2.880359997745781 ], [ -79.007520855448334, -2.880378230797104 ], [ -79.007498503356103, -2.880407395699209 ], [ -79.0074906546091, -2.880421938783906 ], [ -79.007487508598885, -2.880472927494504 ], [ -79.007489278674498, -2.88048929577318 ], [ -79.007497084239475, -2.880499616823014 ], [ -79.007512805237411, -2.88050877637137 ], [ -79.007535191199551, -2.880511889795739 ], [ -79.007550823372554, -2.880520416280754 ], [ -79.007569521472163, -2.880524065721688 ], [ -79.007596145525994, -2.8805204958527 ], [ -79.007613051408939, -2.880520525533837 ], [ -79.007630495899406, -2.880521098652229 ], [ -79.007666727159872, -2.880526044688126 ], [ -79.00770177353894, -2.88054012059028 ], [ -79.007742724503416, -2.880571747430424 ], [ -79.007758409706966, -2.880601521608289 ], [ -79.007757741292593, -2.880623943435004 ], [ -79.007752301518138, -2.880649431006008 ], [ -79.007739573584246, -2.88067734699511 ], [ -79.007730455208403, -2.880698036095088 ], [ -79.007720676894664, -2.880736264608406 ], [ -79.007716405042203, -2.880762387136028 ], [ -79.007708537290895, -2.880787870442765 ], [ -79.007697625909771, -2.880805391857194 ], [ -79.007681324057003, -2.880820010516563 ], [ -79.007660700781713, -2.880837514877978 ], [ -79.007645670597284, -2.880844812128357 ], [ -79.007633523350037, -2.880849040319652 ], [ -79.00759008646537, -2.880850772356721 ], [ -79.007573720127397, -2.880850743619232 ], [ -79.00754719855405, -2.880847080437311 ], [ -79.007523652984489, -2.880838540053831 ], [ -79.007499574304973, -2.880826291706329 ], [ -79.007481428315572, -2.880815410005852 ], [ -79.007467595739087, -2.880806253770335 ], [ -79.007451233643323, -2.880803783825709 ], [ -79.007406001407645, -2.880803704398059 ], [ -79.007370917967393, -2.88081096642986 ], [ -79.007335297176752, -2.880816961702429 ], [ -79.007305077221588, -2.880819892337994 ], [ -79.007280974202914, -2.880821658315985 ], [ -79.007256154926523, -2.880821614729649 ], [ -79.00723564984736, -2.880822844533396 ], [ -79.007208496764861, -2.880820355634517 ], [ -79.007175859362945, -2.880817224196325 ], [ -79.007142054980065, -2.880812915309034 ], [ -79.007099268631919, -2.8808025328218 ], [ -79.007050393781938, -2.8807769498724 ], [ -79.007012436761613, -2.8807301385065 ], [ -79.007000338056343, -2.880706428453519 ], [ -79.00698652763684, -2.880684523700053 ], [ -79.006967230700113, -2.880663242217684 ], [ -79.006957561067267, -2.880638903524577 ], [ -79.006955801525379, -2.88061647744506 ], [ -79.006949818812572, -2.880592145227588 ], [ -79.00694686181582, -2.880586082210568 ], [ -79.006948687644893, -2.880570353158749 ], [ -79.00696742484817, -2.880551489272821 ], [ -79.006975911400318, -2.880532155307308 ], [ -79.006975964176519, -2.880501775865767 ], [ -79.006975354807494, -2.880490201639699 ], [ -79.006965095751994, -2.880442806015981 ], [ -79.006959173194005, -2.88038384485253 ], [ -79.006915274460809, -2.880289102963316 ], [ -79.006882697235895, -2.880251342582858 ], [ -79.00684953601413, -2.880239168699864 ], [ -79.006819330690377, -2.880233690737637 ], [ -79.006786773656358, -2.880236074773223 ], [ -79.006744499556632, -2.880241425446013 ], [ -79.006665941450933, -2.880272209495206 ], [ -79.006614557453474, -2.880293366832293 ], [ -79.006593400924984, -2.880307253622668 ], [ -79.006581327747227, -2.880320613875236 ], [ -79.006570955757695, -2.880338226632691 ], [ -79.006538334471927, -2.880377590385797 ], [ -79.006522045350934, -2.880384885409168 ], [ -79.006508721707206, -2.88039336103953 ], [ -79.006496555460572, -2.880408529431451 ], [ -79.006491145202389, -2.880417018961757 ], [ -79.006482047082983, -2.880426044505411 ], [ -79.006469967618258, -2.880443021354053 ], [ -79.006456612237386, -2.880469760808174 ], [ -79.006446945031087, -2.880495783418625 ], [ -79.006440214549315, -2.880539532576788 ], [ -79.006439536526457, -2.880567469698209 ], [ -79.006447869109635, -2.88063674241868 ], [ -79.006439349710718, -2.880674973103151 ], [ -79.006424715419925, -2.88071319304433 ], [ -79.006394498828314, -2.880765942463491 ], [ -79.006377550842558, -2.880790143973927 ], [ -79.006366654063513, -2.880799256769049 ], [ -79.006350878085343, -2.880821742447794 ], [ -79.006340599308658, -2.880837456640981 ], [ -79.006327902931559, -2.880847199180053 ], [ -79.006310432207883, -2.880861725338146 ], [ -79.006301332824961, -2.88087147419655 ], [ -79.006289785512934, -2.880892701489387 ], [ -79.006279509877444, -2.88090660738167 ], [ -79.006269874244751, -2.880914456577095 ], [ -79.006263217604527, -2.880915710694145 ], [ -79.006253511062098, -2.880912619520648 ], [ -79.006245067553806, -2.880907179770162 ], [ -79.00623664416095, -2.880890166904405 ], [ -79.006225263776898, -2.880867091022027 ], [ -79.00621980161867, -2.880853699969204 ], [ -79.006213188352376, -2.88082999955672 ], [ -79.006199372611633, -2.880811168911869 ], [ -79.006186772410302, -2.880765577492923 ], [ -79.006171099835086, -2.880728570123589 ], [ -79.006160918175752, -2.880688407869298 ], [ -79.006161581278704, -2.880669060174026 ], [ -79.006162248938566, -2.880647090444918 ], [ -79.006158053114007, -2.880629452101908 ], [ -79.006149631764941, -2.880611263843282 ], [ -79.006143624715165, -2.880600945952098 ], [ -79.006123048899525, -2.880591144954866 ], [ -79.0061200834229, -2.880589964346426 ], [ -79.006092298849723, -2.880588649714786 ], [ -79.006069371160805, -2.880586801124972 ], [ -79.0060506730822, -2.880583151661946 ], [ -79.006024078591352, -2.880569723479309 ], [ -79.006002974701673, -2.88055332124156 ], [ -79.005983034649404, -2.880539904751276 ], [ -79.005919231055145, -2.880463301361439 ], [ -79.005904786948349, -2.880443836708668 ], [ -79.0058830873772, -2.880407994152403 ], [ -79.005872796784715, -2.880378771954531 ], [ -79.005858926958339, -2.880339326548059 ], [ -79.00585114043119, -2.880318065289923 ], [ -79.005847604727464, -2.880282797142085 ], [ -79.005847640557107, -2.880262182535185 ], [ -79.005853111003049, -2.880219064087603 ], [ -79.005860402296733, -2.880214827383281 ], [ -79.005870020006384, -2.880217285492696 ], [ -79.005877829791771, -2.88022516533876 ], [ -79.005881507122524, -2.880230687128322 ], [ -79.005888678948807, -2.880243448275449 ], [ -79.005892359579619, -2.880247071351214 ], [ -79.005900808267427, -2.880249527406614 ], [ -79.005920689032706, -2.880245312821622 ], [ -79.005958769491258, -2.880221058032339 ], [ -79.005975161102725, -2.880206529979923 ], [ -79.005992090062747, -2.880193268684201 ], [ -79.006010819875257, -2.880178654323408 ], [ -79.006040438758177, -2.880159357500339 ], [ -79.006056198851823, -2.88014600373392 ], [ -79.00606584610172, -2.880131463830063 ], [ -79.006071362152923, -2.880113842550508 ], [ -79.006078108345307, -2.880061051906738 ], [ -79.006074453166718, -2.880042781608773 ], [ -79.006063073883467, -2.880019072827923 ], [ -79.006030491205976, -2.879984476971163 ], [ -79.006003979264918, -2.879975298458503 ], [ -79.00594294045321, -2.879963618078283 ], [ -79.005885004544723, -2.879977530654533 ], [ -79.005855391954086, -2.879993210877319 ], [ -79.005838463941274, -2.880005929682345 ], [ -79.005823860144275, -2.880026609109505 ], [ -79.005809974801991, -2.880047832289723 ], [ -79.005789979917154, -2.880065970617634 ], [ -79.005776733475543, -2.880081770006295 ], [ -79.005744650640324, -2.880121767575328 ], [ -79.005733108682136, -2.88013992075301 ], [ -79.005717961089047, -2.880163040431465 ], [ -79.005707049703275, -2.8801805618098 ], [ -79.005699826175942, -2.880197547176673 ], [ -79.005687116136585, -2.880215155809062 ], [ -79.005676839409219, -2.880229694599718 ], [ -79.00565979412012, -2.880258145438388 ], [ -79.005633146838079, -2.880275096671722 ], [ -79.005617495682642, -2.880277510379049 ], [ -79.005577036918652, -2.880273189766626 ], [ -79.005526344649184, -2.880258543836272 ], [ -79.00551124263103, -2.880255443179949 ], [ -79.005392350122051, -2.880210388301434 ], [ -79.005368176236246, -2.880201213882802 ], [ -79.005293932180251, -2.880181644134883 ], [ -79.005279462782767, -2.880176736284697 ], [ -79.005254753438436, -2.880165210128856 ], [ -79.005231211073195, -2.880154861421227 ], [ -79.005211913248687, -2.880134122427269 ], [ -79.005201681004763, -2.880123073791229 ], [ -79.005185466873286, -2.880087240881754 ], [ -79.005186168024409, -2.880046012790805 ], [ -79.005194061267133, -2.880005882321954 ], [ -79.005197774257184, -2.879939162442145 ], [ -79.005197787931877, -2.87993129634521 ], [ -79.00519359746373, -2.879910583903788 ], [ -79.005187597812778, -2.879896016515398 ], [ -79.005180966645469, -2.879882623414606 ], [ -79.005167776160263, -2.87986623508541 ], [ -79.00515387476527, -2.879844963087178 ], [ -79.005141850158495, -2.879830385110788 ], [ -79.005135844220959, -2.879819434319003 ], [ -79.005111708227375, -2.879788469910506 ], [ -79.00508522617622, -2.879762112553418 ], [ -79.005064653536621, -2.879750503255707 ], [ -79.005025461139084, -2.879741935350362 ], [ -79.004992834346737, -2.879732746076868 ], [ -79.004953008234963, -2.879726618265662 ], [ -79.00492649412385, -2.879718705546484 ], [ -79.004899346296426, -2.879713232922658 ], [ -79.004893234718068, -2.879711323462641 ], [ -79.004885422901708, -2.879704619010492 ], [ -79.004876349939011, -2.879699178154123 ], [ -79.004866109055797, -2.879693102338869 ], [ -79.004851644856032, -2.879685210797461 ], [ -79.004837817674726, -2.879672980447733 ], [ -79.004825704250266, -2.879657769409759 ], [ -79.004805858246186, -2.879642002290123 ], [ -79.004792584290044, -2.879621906793854 ], [ -79.004786578356843, -2.879610956003278 ], [ -79.004779330297978, -2.879590328607388 ], [ -79.004776422988698, -2.879555694490942 ], [ -79.004778912102537, -2.87952052736813 ], [ -79.004772097620759, -2.879457405609165 ], [ -79.004810565574758, -2.879468865527229 ], [ -79.004815328281566, -2.879470772616056 ], [ -79.004835826863328, -2.879473249851346 ], [ -79.004860549547516, -2.879477090737482 ], [ -79.004883928234619, -2.879478126391048 ], [ -79.004907757488581, -2.879478620344962 ], [ -79.004927271144126, -2.879478654638347 ], [ -79.004945440959276, -2.879475793284309 ], [ -79.00496641007048, -2.879466246126618 ], [ -79.004986385766443, -2.879459138432171 ], [ -79.005009338249849, -2.879446701473097 ], [ -79.00502032650671, -2.879436684698384 ], [ -79.005027453188532, -2.879423677436829 ], [ -79.005033693667968, -2.879403164158285 ], [ -79.005043284934359, -2.879369094491306 ], [ -79.0050639094014, -2.879299149386027 ], [ -79.005074527080652, -2.879243653123934 ], [ -79.005080798671912, -2.879205237693205 ], [ -79.005086070090286, -2.879173149567238 ], [ -79.005088469732911, -2.879137711033578 ], [ -79.005091886045875, -2.879086451629801 ], [ -79.005095372324888, -2.879046675076449 ], [ -79.005099697937695, -2.878989630698276 ], [ -79.00510882526811, -2.878963787993004 ], [ -79.00512941718182, -2.878912558763501 ], [ -79.005139530381328, -2.878888616507893 ], [ -79.005190645867586, -2.878814927518282 ], [ -79.00521787224119, -2.878775192666202 ], [ -79.005239363388554, -2.878723965008439 ], [ -79.005245152658233, -2.878704355082448 ], [ -79.005248521503532, -2.878680400975463 ], [ -79.005255736369591, -2.878668388429196 ], [ -79.005274289123335, -2.878652146284943 ], [ -79.005291042598401, -2.878636353055417 ], [ -79.005331649351689, -2.878607220275719 ], [ -79.005358841623575, -2.878587105450527 ], [ -79.005370282788391, -2.878575190740827 ], [ -79.005376961403414, -2.878561278531426 ], [ -79.005387097997286, -2.87852386444459 ], [ -79.005396142770266, -2.87849377207045 ], [ -79.005403380095956, -2.878468830187597 ], [ -79.005416734808861, -2.878442452405497 ], [ -79.005429184305584, -2.878419508810493 ], [ -79.005440634734882, -2.878402259617915 ], [ -79.005472706961243, -2.878368319829986 ], [ -79.00550658348962, -2.878331037846019 ], [ -79.005521903188296, -2.878312348802999 ], [ -79.005540009607259, -2.878294207144511 ], [ -79.005546218646842, -2.878291776837871 ], [ -79.005553421726191, -2.878286545405457 ], [ -79.005593008506594, -2.878275132192445 ], [ -79.005589716790681, -2.878254692575045 ], [ -79.005542304735727, -2.878111843706637 ], [ -79.005561365454483, -2.878113775896831 ], [ -79.005592837340217, -2.878114825728509 ], [ -79.005629979659702, -2.878112901814403 ], [ -79.005651921265212, -2.878112940342442 ], [ -79.00567197775203, -2.878111076840516 ], [ -79.005691053391445, -2.878104419609614 ], [ -79.00571013908133, -2.878091975822158 ], [ -79.005724468659722, -2.878073827524574 ], [ -79.005734936661341, -2.878052688744148 ], [ -79.005738859951876, -2.878020146154946 ], [ -79.005736999800931, -2.878003868150023 ], [ -79.005725531064542, -2.877979887981263 ], [ -79.005709376355938, -2.877961595743709 ], [ -79.005689436334748, -2.877948179281595 ], [ -79.005627539843189, -2.877912627840183 ], [ -79.00559322036942, -2.877894303708614 ], [ -79.005449367631201, -2.877826963037839 ], [ -79.005414137141329, -2.877815418444817 ], [ -79.005381799158869, -2.877795289486667 ], [ -79.005341749494917, -2.877762579274712 ], [ -79.005298972008418, -2.877695416084584 ], [ -79.005280913726722, -2.877634082874648 ], [ -79.005263854665856, -2.877566964848095 ], [ -79.005252512456622, -2.877521918167246 ], [ -79.005238281040675, -2.877483557137707 ], [ -79.0052211586911, -2.877452876323458 ], [ -79.005196484408629, -2.877421187682061 ], [ -79.005161210653966, -2.877382789705605 ], [ -79.005124118466398, -2.877355871264917 ], [ -79.004972630582841, -2.877283725188689 ], [ -79.004901197295894, -2.877250959871469 ], [ -79.004863097577072, -2.877234618234927 ], [ -79.004830776429898, -2.877204814885738 ], [ -79.004809898939925, -2.877161650188394 ], [ -79.00480419544472, -2.877131893582962 ], [ -79.004805367740104, -2.877026471557957 ], [ -79.004806385086582, -2.876958481139405 ], [ -79.004819960351483, -2.876856878329191 ], [ -79.004845141520207, -2.876596707688604 ], [ -79.004852908252062, -2.876474027939716 ], [ -79.004902576533937, -2.876456845839917 ], [ -79.00505320657615, -2.876453312835046 ], [ -79.005180902754716, -2.876451547857047 ], [ -79.005217152201709, -2.876445915329235 ], [ -79.005438416320033, -2.876365743746292 ], [ -79.005543334799114, -2.876327591830523 ], [ -79.005661625342597, -2.876304833952059 ], [ -79.005730270987598, -2.876285786384246 ], [ -79.005783736031361, -2.876257128160151 ], [ -79.005852431578404, -2.87620932862752 ], [ -79.005886822586461, -2.876186423501498 ], [ -79.005978455286723, -2.876083149246103 ], [ -79.006026178489876, -2.876046795631192 ], [ -79.005959557620045, -2.8759872759468 ], [ -79.005936670030891, -2.875962371605233 ], [ -79.005938608339989, -2.875933622962553 ], [ -79.005973046091754, -2.875883774169667 ], [ -79.006020802543233, -2.875828252577725 ], [ -79.006106723511351, -2.875751731174688 ], [ -79.006152581496949, -2.875701992814219 ], [ -79.006204131386056, -2.875636893840681 ], [ -79.006234795424461, -2.875585230101651 ], [ -79.006234871971884, -2.875541107595352 ], [ -79.006213912787146, -2.875493150755625 ], [ -79.006170179349382, -2.875458625845693 ], [ -79.006181643045167, -2.875433691343863 ], [ -79.00620077682504, -2.875393490116868 ], [ -79.006099841372162, -2.875312843529609 ], [ -79.005989510617283, -2.875205236725267 ], [ -79.005841018332433, -2.875065103926537 ], [ -79.005719193935391, -2.874947892957755 ], [ -79.005506178907183, -2.874627449485733 ], [ -79.005481768274436, -2.874599287541512 ], [ -79.005466279014712, -2.874612099333502 ], [ -79.005428001442496, -2.8746982883002 ], [ -79.005427908414404, -2.874751904352908 ], [ -79.00539144942465, -2.874878331267657 ], [ -79.005307410216716, -2.874958743784636 ], [ -79.005259743723229, -2.874962457600049 ], [ -79.005193049829842, -2.874945071292063 ], [ -79.005122529050112, -2.874904712810035 ], [ -79.005107371693384, -2.874881720760059 ], [ -79.00510175963727, -2.874799252264648 ], [ -79.005080946916479, -2.874718746236403 ], [ -79.005037140420924, -2.874674546774101 ], [ -79.004945753930016, -2.874636050409163 ], [ -79.004865657897255, -2.874620629719177 ], [ -79.00480657433998, -2.874622424774591 ], [ -79.004720750001866, -2.874643340922172 ], [ -79.004661589864511, -2.874689258433631 ], [ -79.004643094023081, -2.874672770419353 ], [ -79.004637978853367, -2.874666703627904 ], [ -79.004629539152972, -2.874659093945108 ], [ -79.004614804124984, -2.874651834876396 ], [ -79.00460636175697, -2.874645762246642 ], [ -79.004596388479115, -2.874640952742741 ], [ -79.004574464374329, -2.874630878188983 ], [ -79.004559638167606, -2.874624342281287 ], [ -79.004545258600686, -2.874619525045229 ], [ -79.004534474592646, -2.874615527854885 ], [ -79.004525310006457, -2.874611081430452 ], [ -79.004514883027753, -2.874608621924146 ], [ -79.004509675737665, -2.874603820783273 ], [ -79.004503660698603, -2.87459811407346 ], [ -79.004500067808124, -2.874595756974687 ], [ -79.004493347970651, -2.874581640418899 ], [ -79.004486191067272, -2.874560289884053 ], [ -79.004478227513488, -2.874537400876247 ], [ -79.004472677319455, -2.874522924712609 ], [ -79.004469546762792, -2.874513244797972 ], [ -79.004466318591767, -2.874507995054481 ], [ -79.004460311714155, -2.874497586771393 ], [ -79.004456375291866, -2.874485916309424 ], [ -79.004450395094139, -2.874460137497676 ], [ -79.004448795290131, -2.874449284872353 ], [ -79.004446468402023, -2.874442861313576 ], [ -79.004446029295607, -2.87443680272799 ], [ -79.004440833933657, -2.87442513005707 ], [ -79.004436903161107, -2.874410204659859 ], [ -79.004433688800745, -2.874396998407637 ], [ -79.00442976634578, -2.874377281022193 ], [ -79.004427802607282, -2.874368868967483 ], [ -79.004423791012613, -2.874348699349982 ], [ -79.004422647106963, -2.874334230918905 ], [ -79.00442186996024, -2.874315694449677 ], [ -79.004422283955989, -2.874284411534529 ], [ -79.004426398968818, -2.874244997749893 ], [ -79.004428056680467, -2.874222487286359 ], [ -79.004429750013998, -2.874179452646297 ], [ -79.004429322676202, -2.874166612945231 ], [ -79.004430139683663, -2.874162184036412 ], [ -79.004430622101992, -2.874143288116557 ], [ -79.004431361111287, -2.874131987519478 ], [ -79.004431380569685, -2.874120776075033 ], [ -79.004429440054722, -2.874098982619179 ], [ -79.004431088662741, -2.874081716218121 ], [ -79.004432268034449, -2.874075750887482 ], [ -79.004437058498041, -2.874061654529091 ], [ -79.004444736265597, -2.874041957497071 ], [ -79.004453129189784, -2.874024702928624 ], [ -79.004463945987965, -2.8740098034065 ], [ -79.004471155146689, -2.87400104578498 ], [ -79.00447999706337, -2.87398415366419 ], [ -79.004487229444379, -2.873962014640449 ], [ -79.00448841383637, -2.873953156033348 ], [ -79.004490512062958, -2.87393589042021 ], [ -79.004489300509718, -2.873908582918343 ], [ -79.004488970781836, -2.873891313045574 ], [ -79.004488184528881, -2.873878020638638 ], [ -79.004487410828148, -2.873857495041475 ], [ -79.004472276397124, -2.873821302429117 ], [ -79.004468691980861, -2.873814062928589 ], [ -79.00446036323396, -2.873794337813901 ], [ -79.004458407338319, -2.873781405015869 ], [ -79.004454048436244, -2.873754091993074 ], [ -79.004452800637296, -2.873747670328254 ], [ -79.004454882230519, -2.873739988692146 ], [ -79.004461317684175, -2.873710705472663 ], [ -79.004460539902652, -2.873692530662634 ], [ -79.004458945585952, -2.873678513517175 ], [ -79.004458616640662, -2.873660791570321 ], [ -79.004456231205694, -2.873636284879446 ], [ -79.004454290684677, -2.873614491423676 ], [ -79.004449169843923, -2.873559871688884 ], [ -79.004444804036169, -2.873536536921244 ], [ -79.004444008054037, -2.87352885023706 ], [ -79.004444831177935, -2.873520895147641 ], [ -79.004445653046687, -2.873513663377242 ], [ -79.00444565791021, -2.87351086051607 ], [ -79.004447206232314, -2.873499561338154 ], [ -79.004447701193385, -2.873473432227549 ], [ -79.004431761051379, -2.873435158657035 ], [ -79.004417437348508, -2.873398153734586 ], [ -79.004407435497043, -2.873357991863433 ], [ -79.004405471127782, -2.87334994146936 ], [ -79.004403443347286, -2.873326610803809 ], [ -79.00460399248314, -2.873160960336401 ], [ -79.005193461275056, -2.872789935492054 ], [ -79.005418081236456, -2.872640872912537 ], [ -79.005493992864643, -2.872528258200199 ], [ -79.005747214330498, -2.872012792710077 ], [ -79.005944132299035, -2.871607173306236 ], [ -79.006197062158122, -2.871311596805549 ], [ -79.006272883643859, -2.871198981766007 ], [ -79.006421938333702, -2.870962445200112 ], [ -79.006980835055842, -2.870433409171914 ], [ -79.007014878534775, -2.87024748448293 ], [ -79.007124845908407, -2.86988963230944 ], [ -79.007192538446262, -2.86964165113794 ], [ -79.007246114852023, -2.86944445865412 ], [ -79.007305322484996, -2.869266896127176 ], [ -79.007336381037106, -2.869142900635859 ], [ -79.007347753086009, -2.869066881243037 ], [ -79.00734514594393, -2.868962537406547 ], [ -79.007342528942175, -2.86886388971798 ], [ -79.007365037159659, -2.86879620800627 ], [ -79.007373646098443, -2.868705988571948 ], [ -79.007374789464635, -2.868564852256768 ], [ -79.007331317094341, -2.868535391261877 ], [ -79.007234968194908, -2.868454572321369 ], [ -79.007182704713941, -2.868412709056212 ], [ -79.007108091310542, -2.868347027482425 ], [ -79.007076251049853, -2.868299142107011 ], [ -79.007059319394315, -2.868262132639478 ], [ -79.007048482234282, -2.868236887819112 ], [ -79.007030841822896, -2.868193728872488 ], [ -79.006999790552712, -2.868105610071115 ], [ -79.006985530498696, -2.868083704632721 ], [ -79.006963096910027, -2.868056269568668 ], [ -79.006930592940677, -2.868028183988144 ], [ -79.006910930417234, -2.868010337791644 ], [ -79.006896644247874, -2.868003531662657 ], [ -79.006847058340583, -2.867973336659546 ], [ -79.006799541780893, -2.867942512367777 ], [ -79.006720769408744, -2.86788984333305 ], [ -79.006658971541896, -2.867849410045835 ], [ -79.006591818445628, -2.867785730666397 ], [ -79.006540209201361, -2.867729582939522 ], [ -79.006477103786693, -2.867665277734314 ], [ -79.006439864692481, -2.867619372066518 ], [ -79.00639715667009, -2.867563963232084 ], [ -79.006345563866915, -2.8674983219357 ], [ -79.006332741516758, -2.867477051924048 ], [ -79.006295450203254, -2.867409356090121 ], [ -79.006251690008966, -2.867338393995559 ], [ -79.006192179869927, -2.867223100882889 ], [ -79.006101742213218, -2.867104137078559 ], [ -79.006056359641903, -2.86708733089009 ], [ -79.00589184014386, -2.867011365600315 ], [ -79.005856073012751, -2.866998283250189 ], [ -79.005774956958504, -2.866948955489373 ], [ -79.005689177393563, -2.866892386352429 ], [ -79.005540160053911, -2.866796104736576 ], [ -79.005331499739029, -2.86666138273984 ], [ -79.005293327848648, -2.866634914726706 ], [ -79.005248062314266, -2.866602466901186 ], [ -79.005205118215386, -2.866579607148103 ], [ -79.005155074372226, -2.866554293764397 ], [ -79.005115720967765, -2.866535056899671 ], [ -79.005059648176498, -2.866512083762941 ], [ -79.004996471262729, -2.866489188612076 ], [ -79.004939216798334, -2.866473537035729 ], [ -79.004886724223198, -2.866460244583358 ], [ -79.00484016035341, -2.866450579109286 ], [ -79.004800778016673, -2.866448068997779 ], [ -79.004772186362928, -2.866445668179598 ], [ -79.004742337969375, -2.866441999349464 ], [ -79.004702849124854, -2.866449073057277 ], [ -79.004616942934703, -2.866465739969478 ], [ -79.004575116076765, -2.866472809580807 ], [ -79.004483174676452, -2.866495433320802 ], [ -79.004388874446988, -2.866530078139061 ], [ -79.004329140109448, -2.866544440028306 ], [ -79.004148837667387, -2.866599277715607 ], [ -79.004060491024376, -2.866623173512136 ], [ -79.004015144625825, -2.866637470147125 ], [ -79.003923190706246, -2.866667327013606 ], [ -79.003884967060785, -2.866670786293529 ], [ -79.003836011192831, -2.866692309810329 ], [ -79.00377869039221, -2.866714994076469 ], [ -79.003728575849792, -2.866730548159429 ], [ -79.003684377633391, -2.866756871996387 ], [ -79.003588781200563, -2.866813033244174 ], [ -79.003557659839473, -2.866869397784924 ], [ -79.003534917970313, -2.866916192993156 ], [ -79.003506107679669, -2.866988112974107 ], [ -79.00349406890777, -2.867033661108561 ], [ -79.003490426731645, -2.867111682969475 ], [ -79.003486713421708, -2.86717885489239 ], [ -79.003491342177171, -2.867258066633036 ], [ -79.003490106605653, -2.867296490890269 ], [ -79.00349238432058, -2.867331304695786 ], [ -79.003493490991261, -2.867367291846933 ], [ -79.003495858628611, -2.867402105810054 ], [ -79.003498144643061, -2.867432127629531 ], [ -79.003504117683903, -2.867462065491178 ], [ -79.003519385004296, -2.867577281078597 ], [ -79.003531286584391, -2.867610936343698 ], [ -79.003568135100991, -2.867674562703083 ], [ -79.00364202591534, -2.867741870544247 ], [ -79.003700516274719, -2.867770815404389 ], [ -79.003788748673756, -2.867812922543671 ], [ -79.00397241961619, -2.867890097054037 ], [ -79.004061821211053, -2.867932115817807 ], [ -79.004275207177159, -2.868038094358829 ], [ -79.004340772434375, -2.868083868814507 ], [ -79.004359886732118, -2.868106686901989 ], [ -79.004386055209466, -2.868158269360953 ], [ -79.004389528880608, -2.868177533871594 ], [ -79.004390727521951, -2.868212345805627 ], [ -79.004395323096247, -2.868310725542875 ], [ -79.004367732215016, -2.868405432311584 ], [ -79.00426362700702, -2.868545664730077 ], [ -79.004105814868296, -2.868750630707487 ], [ -79.004002968051537, -2.868839238219779 ], [ -79.003774917698536, -2.868892816542201 ], [ -79.003692606251107, -2.868910664941017 ], [ -79.003412086186998, -2.86893775002877 ], [ -79.003336874494735, -2.868958052044253 ], [ -79.003191242149626, -2.868984198036916 ], [ -79.003008561222416, -2.869010279071596 ], [ -79.002754280153638, -2.869048259765863 ], [ -79.002505921686137, -2.869093393564007 ], [ -79.002373424513777, -2.86911594585354 ], [ -79.002213413102695, -2.869188901468111 ], [ -79.002152457736344, -2.86923318836093 ], [ -79.002111726892508, -2.869282302710755 ], [ -79.002075839378577, -2.869338658752682 ], [ -79.002062660636568, -2.869367387619108 ], [ -79.00203394615302, -2.869435781434338 ], [ -79.00201233579601, -2.869504097291173 ], [ -79.002006246278768, -2.869541337600355 ], [ -79.002005006524826, -2.869582112601282 ], [ -79.002010814430776, -2.869655358956753 ], [ -79.002020305129648, -2.869730962562885 ], [ -79.002039231546732, -2.8698101993214 ], [ -79.002067683764565, -2.869892978976293 ], [ -79.002092622523335, -2.86997945948638 ], [ -79.002111653452204, -2.87005028783545 ], [ -79.002143627631384, -2.870176292058291 ], [ -79.002178027555019, -2.870303566350599 ], [ -79.002213594447298, -2.870432018089571 ], [ -79.00224681076665, -2.870567698911851 ], [ -79.002266885317567, -2.870658962900101 ], [ -79.002275150484152, -2.870715305967709 ], [ -79.002279824814906, -2.87076811654952 ], [ -79.002281021299254, -2.870804103833122 ], [ -79.002279539548553, -2.870932490584787 ], [ -79.002277113967622, -2.870982937919075 ], [ -79.002276951553114, -2.871076517196112 ], [ -79.002275586379525, -2.871137725779839 ], [ -79.002240789133211, -2.871291189449274 ], [ -79.002222790068984, -2.871351193446361 ], [ -79.002253574164811, -2.871437503408969 ], [ -79.002099285840643, -2.872253770734208 ], [ -79.001825528878143, -2.873356805300975 ], [ -79.001755416420664, -2.873599175192526 ], [ -79.001301998201967, -2.874490051133189 ], [ -79.001138572974028, -2.874663993536448 ], [ -79.000846165128479, -2.874752357402028 ], [ -79.000480721165246, -2.874850809617225 ], [ -79.000110318862454, -2.874904768813599 ], [ -78.99960081961359, -2.874794560973714 ], [ -78.99919145508666, -2.874759663916031 ], [ -78.99826710946752, -2.874819519159192 ], [ -78.998134591978015, -2.87485346265991 ], [ -78.998025688741578, -2.874907971875425 ], [ -78.997964409599518, -2.874982998672444 ], [ -78.997940509046217, -2.875075179674664 ], [ -78.997933537969217, -2.875153737851992 ], [ -78.997953724549205, -2.875283609038463 ], [ -78.998089040252879, -2.875605000681315 ], [ -78.998277015711224, -2.875947009260535 ], [ -78.998538230548633, -2.876213921736361 ], [ -78.999334113942737, -2.8767516640162 ], [ -78.999836279861555, -2.877148836522379 ], [ -78.999917376964419, -2.877415522402056 ], [ -78.99992010390082, -2.877811815691857 ], [ -78.999883975594216, -2.878057680587043 ], [ -79.000013047351615, -2.878092084704135 ], [ -79.000182842871368, -2.878133432050272 ], [ -79.000335523833641, -2.878243012510011 ], [ -79.000491610147449, -2.87835938008442 ], [ -79.000539013532119, -2.878455122537719 ], [ -79.000477424661497, -2.878707814231252 ], [ -79.000399119580777, -2.878799989979184 ], [ -79.00010827698523, -2.879021536781007 ], [ -78.999833155395592, -2.878942481619476 ], [ -78.999231366310696, -2.879156608729555 ], [ -78.998598782341006, -2.879497171407258 ], [ -78.998349715777479, -2.880050161306514 ], [ -78.998359019451925, -2.880593389866536 ], [ -78.998337587241863, -2.881177522109275 ], [ -78.99829920073941, -2.881737754905436 ], [ -78.998320952376488, -2.88194963516809 ], [ -78.999006100172579, -2.882664850041334 ], [ -78.998812983942656, -2.883310161537514 ], [ -78.998496686326703, -2.884460945353011 ], [ -78.998400931145198, -2.884812670642638 ], [ -78.998372895855042, -2.885263610140089 ], [ -78.998383846857237, -2.885840927980587 ], [ -78.998931086343049, -2.885712149568997 ], [ -78.999001997203649, -2.885992379982565 ], [ -78.999178509102535, -2.887027851317304 ], [ -78.999425871942037, -2.888428995310256 ], [ -78.999592143924758, -2.889508842657959 ], [ -78.999795477678745, -2.890786945127081 ], [ -79.000049631191999, -2.892160796715025 ], [ -79.000362764452845, -2.893797769970042 ], [ -79.00148963260088, -2.893536747030007 ], [ -79.003068610357644, -2.893143249994467 ], [ -79.004164916429772, -2.892875207524301 ], [ -79.006015913116116, -2.892383180775063 ], [ -79.007380820778934, -2.892016603265166 ], [ -79.008966622269966, -2.891629888269962 ], [ -79.010086663500815, -2.891365406066666 ], [ -79.011142222217686, -2.891104154342679 ], [ -79.012942119652266, -2.890676850247281 ], [ -79.014346086906471, -2.890344507091067 ], [ -79.014339104070871, -2.889446034312186 ], [ -79.014356461900263, -2.889237656652525 ], [ -79.014423271131207, -2.888930270184896 ], [ -79.014396635314327, -2.888629591324374 ], [ -79.014111139217903, -2.888670139068372 ], [ -79.014136101224736, -2.887966387361082 ], [ -79.014783755150759, -2.887755679453717 ], [ -79.014947005059867, -2.887684266081063 ], [ -79.015038889572125, -2.887592112757636 ], [ -79.015103758526919, -2.887417995411854 ], [ -79.015235376747242, -2.886970668328989 ], [ -79.015270174132851, -2.886506173320767 ], [ -79.015301329288206, -2.886171418477498 ], [ -79.015330462038904, -2.886017672368738 ], [ -79.015504500941347, -2.885584072164586 ], [ -79.015871323952908, -2.884693034452566 ], [ -79.016000948285935, -2.884409717551411 ], [ -79.016133775466258, -2.884198196322994 ], [ -79.01637525907995, -2.884075563092683 ], [ -79.017162573295749, -2.883704608281974 ], [ -79.017516198688753, -2.883527559623542 ], [ -79.017676166793876, -2.883377477775902 ], [ -79.018034114309657, -2.88272900797081 ], [ -79.018199448770048, -2.882387615271981 ], [ -79.018322030967695, -2.882223905445425 ], [ -79.018679422724659, -2.881896500883397 ], [ -79.019145634470675, -2.88151132946224 ], [ -79.01931914538028, -2.881381795102041 ], [ -79.019422757496201, -2.881371668569792 ], [ -79.019640144587271, -2.881402789485904 ], [ -79.020030754942809, -2.881523091624538 ], [ -79.021013856716593, -2.881869834661793 ], [ -79.021726993245636, -2.882117100788981 ], [ -79.02213455782281, -2.88221003601193 ], [ -79.022751304725844, -2.882190586909565 ], [ -79.024258336111032, -2.882162471628982 ], [ -79.024672977190875, -2.882115363651794 ], [ -79.024958578692136, -2.882013419387426 ], [ -79.025169367841869, -2.881907818533898 ], [ -79.025482622745969, -2.881570206940718 ], [ -79.025802673285668, -2.881150508946682 ], [ -79.026127615956838, -2.880918704337332 ], [ -79.026889431026291, -2.880523734365386 ], [ -79.027253436429689, -2.880271562962788 ], [ -79.027345296003816, -2.880193150780829 ], [ -79.02760240094679, -2.879875874352076 ], [ -79.028045167991692, -2.879265157290308 ], [ -79.028455610222508, -2.878678163131856 ], [ -79.028697391761483, -2.878381383938073 ], [ -79.029020823937529, -2.878033480147724 ], [ -79.029330399585774, -2.877794865646745 ], [ -79.029825445191491, -2.877426734501606 ], [ -79.030216565825583, -2.877198478000357 ], [ -79.030668949148406, -2.876956764950626 ], [ -79.031636226454893, -2.876623628215158 ], [ -79.031945596708439, -2.876504542814405 ], [ -79.032336652564823, -2.876313898294569 ], [ -79.032639471223575, -2.876082142058597 ], [ -79.032966278174655, -2.875758111709983 ], [ -79.033318878841271, -2.875232586874325 ], [ -79.03383148892199, -2.874478493566996 ], [ -79.0341821522983, -2.874086148471106 ], [ -79.034740508900384, -2.873451664060604 ], [ -79.035096268030571, -2.873076506244588 ], [ -79.035406034064138, -2.872725138797271 ], [ -79.035790647339553, -2.872356811528566 ], [ -79.03611044288094, -2.872135299558171 ], [ -79.036566384361137, -2.871756877680044 ], [ -79.036740044369878, -2.871538549099473 ], [ -79.036859494151344, -2.871258553043297 ], [ -79.036876563357978, -2.871162921367499 ], [ -79.03692487979059, -2.870725748403902 ], [ -79.036986224218452, -2.870664280224878 ], [ -79.037026422586891, -2.870505215713301 ], [ -79.037029951224838, -2.87043985035088 ], [ -79.037035225497903, -2.87040550100616 ], [ -79.037057525175086, -2.870353911371427 ], [ -79.037079763342618, -2.870338397987477 ], [ -79.037131146075808, -2.870317871485563 ], [ -79.037225249384946, -2.870293982762445 ], [ -79.037418793989886, -2.870227226922197 ], [ -79.037560874719986, -2.870175843661091 ], [ -79.037839916261518, -2.870069632393673 ], [ -79.038067673618514, -2.86997888440995 ], [ -79.038132739846532, -2.869949701377188 ], [ -79.038235415369897, -2.869908648069557 ], [ -79.038288483423926, -2.869901777358124 ], [ -79.038343248208037, -2.869901871675502 ] ] ] ] } },
{ "type": "Feature", "properties": { "DESCRIP": "San SebastiÃ¡n", "CODIGO": "03", "AREA": 9602689.97, "SHAPE_LENG": 21211.151528800001, "SHAPE_AREA": 9602689.9693999998 }, "geometry": { "type": "MultiPolygon", "coordinates": [ [ [ [ -79.067900899759024, -2.877094014566249 ], [ -79.067873124770401, -2.877032934790973 ], [ -79.067845513213186, -2.876981620501803 ], [ -79.06783682959869, -2.876958187322838 ], [ -79.067806357536867, -2.876896650871265 ], [ -79.06778604747899, -2.876835041282211 ], [ -79.067761418297991, -2.87677496146576 ], [ -79.067736811169908, -2.876701770994245 ], [ -79.06771650111304, -2.876640161408591 ], [ -79.067689017613347, -2.876512714903947 ], [ -79.067677525199016, -2.876448317338046 ], [ -79.067664501729325, -2.876385273448233 ], [ -79.067606260427894, -2.87636618652123 ], [ -79.06755974183622, -2.876328041207164 ], [ -79.067514644908329, -2.876300115608557 ], [ -79.067478253644467, -2.87628251252877 ], [ -79.067420022394202, -2.876257457989853 ], [ -79.067376354434359, -2.876235412026023 ], [ -79.067313816390651, -2.876204563373851 ], [ -79.067278861547621, -2.876188409431191 ], [ -79.067254146155562, -2.87617959680312 ], [ -79.067219184014533, -2.87616778293772 ], [ -79.067172630923849, -2.876150162573584 ], [ -79.067115816333299, -2.876138311544731 ], [ -79.067102583292979, -2.876199864069236 ], [ -79.067084952639078, -2.876309602197095 ], [ -79.06707905059325, -2.876343318275787 ], [ -79.067065859526451, -2.87637991535048 ], [ -79.067045457043733, -2.876426717454205 ], [ -79.067029388283487, -2.87646330963252 ], [ -79.066984038824046, -2.876532041005155 ], [ -79.066953379540692, -2.876581809468058 ], [ -79.066925715105313, -2.876615398105092 ], [ -79.066877529781095, -2.87665925954476 ], [ -79.066833785455373, -2.876682603528685 ], [ -79.066801751372921, -2.876694303441351 ], [ -79.066762433289554, -2.876705900542258 ], [ -79.066704150176378, -2.876711678590681 ], [ -79.066603598560278, -2.876718831417359 ], [ -79.066523560379466, -2.876720141934136 ], [ -79.066443456928525, -2.876706804535714 ], [ -79.066351742905567, -2.876699324579122 ], [ -79.06628178882579, -2.876693418758704 ], [ -79.066248355475125, -2.876681607461134 ], [ -79.066165391552971, -2.876658047889678 ], [ -79.066130431869723, -2.876644787296862 ], [ -79.065812963448963, -2.876604734121214 ], [ -79.065661557086131, -2.876585488535754 ], [ -79.065549444443263, -2.876569112793594 ], [ -79.065507015647185, -2.876665697901168 ], [ -79.065432407348112, -2.876860332241403 ], [ -79.065325747713331, -2.877076883667894 ], [ -79.065175143671638, -2.877435498007319 ], [ -79.065164850014654, -2.877460345547115 ], [ -79.065140122310424, -2.877458856738072 ], [ -79.065063008752688, -2.87743232321909 ], [ -79.064998924674711, -2.877411779505741 ], [ -79.064962523730188, -2.877399963110743 ], [ -79.064904292428878, -2.877374998860255 ], [ -79.064857744428338, -2.877354394593061 ], [ -79.064803912282045, -2.877333777917716 ], [ -79.064758790638649, -2.877320590388617 ], [ -79.064699105881701, -2.877304303825303 ], [ -79.064659729868254, -2.8772969128594 ], [ -79.064616132127668, -2.877286621311704 ], [ -79.06448217438097, -2.877265868131849 ], [ -79.064451418790725, -2.877265996573404 ], [ -79.064376598917278, -2.877265869106737 ], [ -79.06430708249728, -2.877267106946776 ], [ -79.064254560286386, -2.877269639594583 ], [ -79.064165332022583, -2.877281332373428 ], [ -79.064093104519756, -2.877290431979435 ], [ -79.06400777958487, -2.87733386824521 ], [ -79.063946042533573, -2.877361431063278 ], [ -79.06390662081489, -2.877381165506866 ], [ -79.063861994415191, -2.877394290537322 ], [ -79.063816023520303, -2.87740479114131 ], [ -79.063789764628751, -2.877404746389135 ], [ -79.063767467129793, -2.877401995836813 ], [ -79.063717693825268, -2.877374242988509 ], [ -79.063559030599137, -2.877285543414175 ], [ -79.063323026277743, -2.877145354385955 ], [ -79.063206411469608, -2.87707915022127 ], [ -79.063119895607215, -2.877028910987975 ], [ -79.063095010196676, -2.877014311215886 ], [ -79.06302942080481, -2.876979930860969 ], [ -79.062991405962933, -2.876965308706406 ], [ -79.062959955687276, -2.876950788160469 ], [ -79.062908838098167, -2.876920320461774 ], [ -79.062835445146874, -2.876873991582229 ], [ -79.062731849792797, -2.876819744818219 ], [ -79.062658405624362, -2.876803796399891 ], [ -79.062586216025082, -2.876790472247952 ], [ -79.062521940058659, -2.876777161585538 ], [ -79.062468178913932, -2.876767847253985 ], [ -79.062423583675354, -2.87676252695423 ], [ -79.062344813821625, -2.87675841423608 ], [ -79.062300216452044, -2.8767543597845 ], [ -79.062255616796151, -2.876751661601738 ], [ -79.062218834282305, -2.876752864733935 ], [ -79.062162438559398, -2.876759369096602 ], [ -79.062127000384976, -2.876763287066451 ], [ -79.062042965783604, -2.876788189615394 ], [ -79.061915644751565, -2.87683155407258 ], [ -79.061809290265543, -2.87686699746502 ], [ -79.061731813662988, -2.876895889570414 ], [ -79.061610960851269, -2.876943152995539 ], [ -79.061529617208919, -2.876972128901492 ], [ -79.061420567181756, -2.877006211368166 ], [ -79.061365509240986, -2.877019318493362 ], [ -79.061257790271753, -2.877063982142058 ], [ -79.061160590533419, -2.877110019998455 ], [ -79.061034501765306, -2.877169209600653 ], [ -79.060941263410385, -2.877212541640102 ], [ -79.060729713097459, -2.877342834874995 ], [ -79.060643021576496, -2.877396756976673 ], [ -79.060516890483314, -2.877480992248008 ], [ -79.060335730289367, -2.877561245554576 ], [ -79.060182033722015, -2.877620387859704 ], [ -79.060172809214919, -2.877597857983245 ], [ -79.060121618151499, -2.877610971621975 ], [ -79.060058642152867, -2.877626687259373 ], [ -79.059973254038695, -2.877654299814567 ], [ -79.059863037221092, -2.877687023790662 ], [ -79.059799964574708, -2.877706717642035 ], [ -79.05967525140008, -2.877750086174422 ], [ -79.059578073919212, -2.877782922801646 ], [ -79.059517690235865, -2.877807865475644 ], [ -79.059387655901915, -2.877860357102489 ], [ -79.059226120041288, -2.87792870847245 ], [ -79.05917366097691, -2.877947154553345 ], [ -79.059010774056077, -2.878016769420516 ], [ -79.058834847488214, -2.878086452383558 ], [ -79.058706168621441, -2.878135058227902 ], [ -79.058578746596737, -2.878184932051769 ], [ -79.058427745678088, -2.87824534446104 ], [ -79.058330563747688, -2.878280803044765 ], [ -79.058167723590699, -2.878322749875986 ], [ -79.05807453196006, -2.878338413695597 ], [ -79.057984060485069, -2.878340881121344 ], [ -79.057902673830043, -2.878342098222201 ], [ -79.057784605798048, -2.878337917923408 ], [ -79.057695292228871, -2.87834698782265 ], [ -79.057595571553378, -2.878341573029448 ], [ -79.057516885034744, -2.878341438449879 ], [ -79.057411939859492, -2.878341168532953 ], [ -79.057354208584471, -2.878339803932597 ], [ -79.057334521206954, -2.878335791864298 ], [ -79.057309646953598, -2.878314681918126 ], [ -79.057271679096118, -2.878272391759261 ], [ -79.057233724704417, -2.878222144838839 ], [ -79.057218032078765, -2.878195715936191 ], [ -79.057198391520672, -2.878164036036045 ], [ -79.057165688570578, -2.878092730704175 ], [ -79.057146052451031, -2.878058428690574 ], [ -79.057121225174029, -2.8780095604986 ], [ -79.057115959693164, -2.87798577155596 ], [ -79.057102879401981, -2.877956725001813 ], [ -79.057075444232396, -2.877907852350801 ], [ -79.057058400405694, -2.87788277741007 ], [ -79.057045313384464, -2.877857709237672 ], [ -79.057033561964502, -2.87784050971631 ], [ -79.057027070851447, -2.877797007553888 ], [ -79.057027186964916, -2.877728380488147 ], [ -79.057025990856232, -2.877691216643021 ], [ -79.057014248309471, -2.877668772893799 ], [ -79.056995932192507, -2.877651562145405 ], [ -79.056976262729265, -2.877636971204288 ], [ -79.056946067175957, -2.877625074798997 ], [ -79.056902704289229, -2.877635579534224 ], [ -79.056865993885452, -2.877647361498398 ], [ -79.056847626367798, -2.87766053110728 ], [ -79.056783183112358, -2.87774622754488 ], [ -79.05672532917761, -2.877817377948992 ], [ -79.056704254807244, -2.87783587758295 ], [ -79.056674016872932, -2.877849026877858 ], [ -79.056637304321242, -2.877862074676436 ], [ -79.056572990496448, -2.877871277695031 ], [ -79.05650338457859, -2.877872424454875 ], [ -79.056344669535349, -2.877868174495787 ], [ -79.056231801687616, -2.877873316020258 ], [ -79.056149169635319, -2.877866574105273 ], [ -79.05610178925572, -2.877859802094468 ], [ -79.056095246907162, -2.877846589877248 ], [ -79.056045440482066, -2.877838638279788 ], [ -79.055982414895269, -2.877830573639326 ], [ -79.055926032606152, -2.87782921129355 ], [ -79.055860381222871, -2.877831721052322 ], [ -79.055802641149427, -2.877835600616961 ], [ -79.055769819975595, -2.877834188171694 ], [ -79.055764642156376, -2.877811755661385 ], [ -79.055769895905115, -2.87778934100561 ], [ -79.055780486746059, -2.877748399807458 ], [ -79.05587408706387, -2.877491230542805 ], [ -79.055892517024603, -2.877441170541685 ], [ -79.055933434990592, -2.877334366551165 ], [ -79.055988774822396, -2.877207785699706 ], [ -79.056034962251985, -2.877069254008473 ], [ -79.056069192043765, -2.876982240083542 ], [ -79.056106182224397, -2.876858249932666 ], [ -79.056124663557242, -2.876777809568046 ], [ -79.056216879623747, -2.876594509271235 ], [ -79.056269582388154, -2.876485103261744 ], [ -79.05633275264195, -2.876354466922245 ], [ -79.056369581224502, -2.876272792061937 ], [ -79.056403854058374, -2.876213446065346 ], [ -79.056501377219718, -2.87597608480687 ], [ -79.056579125979539, -2.875786159145198 ], [ -79.056598902606851, -2.875737367245668 ], [ -79.05668847626437, -2.87552115013391 ], [ -79.056745090389342, -2.875385348668586 ], [ -79.056825451334873, -2.875192805276252 ], [ -79.056862367587286, -2.875112396350938 ], [ -79.056963726793626, -2.874946290862577 ], [ -79.056983565878795, -2.87486051807734 ], [ -79.056706802802964, -2.874787529892178 ], [ -79.056464108878956, -2.874722466256769 ], [ -79.056293500922919, -2.874678593190195 ], [ -79.056233206776881, -2.874650731814612 ], [ -79.056189985328118, -2.874630856401416 ], [ -79.055902736790571, -2.874536692369556 ], [ -79.055638968948159, -2.874490037857282 ], [ -79.055506458848669, -2.874464765527546 ], [ -79.055408094272693, -2.874455374708525 ], [ -79.055304417280183, -2.874449953186168 ], [ -79.055200654956479, -2.874441818971792 ], [ -79.055162620263687, -2.874439131809203 ], [ -79.055115419746599, -2.874432450582667 ], [ -79.055078657494661, -2.874421808818179 ], [ -79.055026189221792, -2.87439269494053 ], [ -79.05496467626044, -2.874341141955061 ], [ -79.054914853814111, -2.874289608963696 ], [ -79.054837545073156, -2.87421949329648 ], [ -79.054790404844539, -2.874177187518915 ], [ -79.054732662109458, -2.87412961937079 ], [ -79.05461471084331, -2.874056812074154 ], [ -79.054419311721617, -2.873943003426604 ], [ -79.054293539007844, -2.873868916894833 ], [ -79.054158521745038, -2.873784235657178 ], [ -79.054121777440301, -2.87376301502367 ], [ -79.054054947711137, -2.873718053447198 ], [ -79.053961850461761, -2.873678291169238 ], [ -79.053931643900668, -2.873672995258878 ], [ -79.053872656299092, -2.873670272227168 ], [ -79.053820138997978, -2.873670182379528 ], [ -79.05374268961134, -2.873683250876756 ], [ -79.053692771317657, -2.873688409703666 ], [ -79.05361137402754, -2.873696227201457 ], [ -79.05355498543986, -2.873698752833668 ], [ -79.0535116406881, -2.873698678665936 ], [ -79.053427678073049, -2.873681355606761 ], [ -79.053371241960235, -2.873658835414555 ], [ -79.053314891339554, -2.873638937483846 ], [ -79.053262427627459, -2.873607201470601 ], [ -79.053166774005973, -2.873537054396051 ], [ -79.053088105242622, -2.873473627305835 ], [ -79.052987132495076, -2.873411427893826 ], [ -79.052879597401315, -2.873347860982142 ], [ -79.052816724562618, -2.873302906154171 ], [ -79.052783975063377, -2.873259268731764 ], [ -79.052765819808769, -2.873147119610096 ], [ -79.052758203892026, -2.873024409647043 ], [ -79.052762242785064, -2.872922786972997 ], [ -79.052768901263306, -2.872867372267613 ], [ -79.052769097782928, -2.872751276171948 ], [ -79.052760052590003, -2.872676033099321 ], [ -79.052743127907149, -2.872633779034333 ], [ -79.052697365117922, -2.872521582680081 ], [ -79.052677758397877, -2.872470010996763 ], [ -79.052673915483723, -2.872402733594654 ], [ -79.052672638051334, -2.872360506306815 ], [ -79.052681998751339, -2.872302474110189 ], [ -79.05270718986668, -2.872136238916276 ], [ -79.052742904677061, -2.871968665453401 ], [ -79.052770629872327, -2.87184601595276 ], [ -79.052807657737645, -2.87169960248251 ], [ -79.05282481237343, -2.871605958999512 ], [ -79.052835599518204, -2.871448921754062 ], [ -79.05283828556064, -2.871402722858728 ], [ -79.052864814281321, -2.871243090416197 ], [ -79.052899245358319, -2.871090071980344 ], [ -79.052915125371726, -2.871005648918866 ], [ -79.052940291678979, -2.870853970896164 ], [ -79.052989191394545, -2.870653417419736 ], [ -79.053019674485341, -2.87049514797319 ], [ -79.05303814657519, -2.870420042362331 ], [ -79.052983035033506, -2.870411991376214 ], [ -79.052952844166938, -2.870397472912937 ], [ -79.052876786465276, -2.870385407729078 ], [ -79.052787478213659, -2.870391855531823 ], [ -79.052636550080379, -2.87041013310904 ], [ -79.05237931331763, -2.870437361054869 ], [ -79.052303123195486, -2.870450431745851 ], [ -79.052238801237763, -2.87046478857765 ], [ -79.052190209542673, -2.87048324110849 ], [ -79.052121877121522, -2.870529327702423 ], [ -79.052056222451228, -2.87058726359376 ], [ -79.05200881613267, -2.870649209073954 ], [ -79.051894502880188, -2.870765109895011 ], [ -79.051819549943659, -2.870844187597203 ], [ -79.05173668345941, -2.870923251746912 ], [ -79.051642073098662, -2.871033851572623 ], [ -79.051552579348467, -2.871149885197192 ], [ -79.051518443608501, -2.871181472979854 ], [ -79.051471088661543, -2.871213038136282 ], [ -79.05142249693661, -2.871231490603972 ], [ -79.051363467147567, -2.871253813164592 ], [ -79.051266252618532, -2.871309072823453 ], [ -79.051196562348338, -2.871360401204557 ], [ -79.051158456353789, -2.87139993892644 ], [ -79.051092640162778, -2.871500099480562 ], [ -79.051058461988561, -2.871556732861456 ], [ -79.051005837530965, -2.871620025566298 ], [ -79.050982232055105, -2.871646387115912 ], [ -79.050933631584726, -2.871669993337741 ], [ -79.050768261067176, -2.871667088066975 ], [ -79.050681576303731, -2.871664317517766 ], [ -79.05060946853024, -2.871656327700284 ], [ -79.050594838416202, -2.871745996971882 ], [ -79.050588208987193, -2.871784232291533 ], [ -79.050553917133328, -2.871961030515178 ], [ -79.050530105446072, -2.872056018696165 ], [ -79.050501051198566, -2.872166820984718 ], [ -79.050456174907751, -2.872327687548559 ], [ -79.05045082664617, -2.872352814495856 ], [ -79.050436416471129, -2.87241879470049 ], [ -79.050406089282319, -2.872484747635741 ], [ -79.050392913111466, -2.872512392865334 ], [ -79.050375800241369, -2.872528186637351 ], [ -79.050333800071513, -2.872530736794056 ], [ -79.0501396255777, -2.872490891602439 ], [ -79.049735546596381, -2.872407014980531 ], [ -79.049614912052604, -2.872379140455052 ], [ -79.049441701917189, -2.872332640203418 ], [ -79.049345977212099, -2.872304717934213 ], [ -79.049273790732585, -2.872290127391602 ], [ -79.049251497997616, -2.872284754543156 ], [ -79.049183261546119, -2.872274149140866 ], [ -79.049103244877685, -2.872263433124696 ], [ -79.049032414057592, -2.872244866520808 ], [ -79.049008796960734, -2.872225024585869 ], [ -79.048972023763625, -2.872220983174653 ], [ -79.048968193720299, -2.87219927639021 ], [ -79.048831873264518, -2.872088190754527 ], [ -79.048719091726127, -2.872043059878883 ], [ -79.048698035436132, -2.872050980526236 ], [ -79.048666507500357, -2.87208257262159 ], [ -79.048637551549177, -2.872135326833665 ], [ -79.048616495257534, -2.872143247477932 ], [ -79.048556168081845, -2.872135187299761 ], [ -79.048516807119896, -2.872119296740387 ], [ -79.048501079034068, -2.872113935137497 ], [ -79.048401372811654, -2.87210065363283 ], [ -79.048393566231525, -2.872090603899281 ], [ -79.048266271919104, -2.872065882470107 ], [ -79.04823283001214, -2.872059495896606 ], [ -79.048120001606563, -2.872042032664207 ], [ -79.048032434873349, -2.87202913362225 ], [ -79.048025240757795, -2.872029121284628 ], [ -79.047988167901792, -2.872042710751831 ], [ -79.047952079634754, -2.872059014431553 ], [ -79.047972772573232, -2.872106247868702 ], [ -79.047985306901509, -2.872138910092409 ], [ -79.047986093727971, -2.87220518748805 ], [ -79.047986038505059, -2.872237737702481 ], [ -79.047985987576695, -2.872267756233556 ], [ -79.047983243609366, -2.872294967202338 ], [ -79.047982301238818, -2.872320372910576 ], [ -79.047979514010237, -2.872373081546989 ], [ -79.047976766972653, -2.872402100860652 ], [ -79.047967660188661, -2.872469355878329 ], [ -79.047953026463048, -2.872561014145877 ], [ -79.047932986247872, -2.872659082781179 ], [ -79.047916587885297, -2.872730755745104 ], [ -79.047902105592456, -2.872786156840793 ], [ -79.047882162483518, -2.872826991346319 ], [ -79.047860448615225, -2.872851457241879 ], [ -79.047834238267484, -2.872876005839566 ], [ -79.047811636026864, -2.872894050565131 ], [ -79.047774564672736, -2.872906735831779 ], [ -79.047742085861515, -2.872915721858325 ], [ -79.047673360380557, -2.872928352809711 ], [ -79.047591251353566, -2.872931828623502 ], [ -79.047536131019413, -2.872929021517118 ], [ -79.047420584694891, -2.872923398192253 ], [ -79.047349197037207, -2.8729150476952 ], [ -79.047304956280854, -2.87291316342366 ], [ -79.047273392088613, -2.872913109255168 ], [ -79.047246319615766, -2.872915775318928 ], [ -79.047218248588877, -2.872923955134676 ], [ -79.047189356097462, -2.872939276520687 ], [ -79.047173950887682, -2.872955615645519 ], [ -79.04715672396911, -2.87298560468266 ], [ -79.047141359409167, -2.873030967886734 ], [ -79.047138638588834, -2.873044525838664 ], [ -79.047137654433556, -2.873094525015073 ], [ -79.047138499815944, -2.873126263000989 ], [ -79.047150952282678, -2.873207117600515 ], [ -79.04715997022798, -2.873245198838025 ], [ -79.0471706782008, -2.873294223491771 ], [ -79.04717423826267, -2.873316020215194 ], [ -79.047172390299139, -2.87334513147174 ], [ -79.047171460329807, -2.873363213371412 ], [ -79.047164219845556, -2.873390507021805 ], [ -79.047146101477423, -2.873415883232335 ], [ -79.04713519887639, -2.873428522964154 ], [ -79.047104487571715, -2.873455776323115 ], [ -79.047022279393289, -2.873464676946829 ], [ -79.047005100360622, -2.873466455804845 ], [ -79.046950970749364, -2.87346274617961 ], [ -79.046881462174099, -2.873459914323859 ], [ -79.046774020132929, -2.873447885172889 ], [ -79.046656619449934, -2.87342218587905 ], [ -79.046568159439659, -2.873405758849506 ], [ -79.046508559843204, -2.873392907651936 ], [ -79.046432785772964, -2.873372795282769 ], [ -79.046347938351559, -2.873347242283247 ], [ -79.046263084794177, -2.87332530596666 ], [ -79.046215267116011, -2.873311570817363 ], [ -79.046117760054088, -2.873274241801506 ], [ -79.045992303087786, -2.873226738028131 ], [ -79.045970647715706, -2.873216754919901 ], [ -79.045909264988381, -2.873194858898456 ], [ -79.045893782651262, -2.873256587398941 ], [ -79.045836541884356, -2.873496185630614 ], [ -79.045823775912496, -2.873546978284323 ], [ -79.045792821946947, -2.873664106068062 ], [ -79.045778365801965, -2.8737040457264 ], [ -79.045762008907303, -2.873751215510664 ], [ -79.045748371469557, -2.873785641112059 ], [ -79.04573203761953, -2.873819248323553 ], [ -79.045660469771036, -2.873969851166041 ], [ -79.045638721883549, -2.874014299157547 ], [ -79.045613356802207, -2.874070585610767 ], [ -79.045597021556645, -2.874105006568822 ], [ -79.045580759176588, -2.874149463981763 ], [ -79.045569820899686, -2.874183080455525 ], [ -79.045552536894434, -2.874246614180486 ], [ -79.045517229007942, -2.874332811694047 ], [ -79.04550631085975, -2.874354583521332 ], [ -79.045489031607673, -2.874415314310121 ], [ -79.045485377367072, -2.874448943297938 ], [ -79.045461745917137, -2.874543388852034 ], [ -79.045419889650447, -2.874725779191988 ], [ -79.045391710960615, -2.87485014507356 ], [ -79.045373496743835, -2.874931851075913 ], [ -79.04533715360499, -2.875097975742041 ], [ -79.045306123948876, -2.875259498248566 ], [ -79.045284263275903, -2.875370221948231 ], [ -79.045262380907928, -2.875493694456752 ], [ -79.045236906077378, -2.875614448262804 ], [ -79.045213194390001, -2.875756001091595 ], [ -79.045214022597733, -2.87579777534106 ], [ -79.04521039000474, -2.875818655506711 ], [ -79.045205782215504, -2.875831306014509 ], [ -79.045195860912955, -2.87584855867028 ], [ -79.045174183990454, -2.87585123391266 ], [ -79.045092902661182, -2.875843860737014 ], [ -79.045018906928064, -2.875835595913011 ], [ -79.044901484509509, -2.875822645107823 ], [ -79.044795840789575, -2.875810709143234 ], [ -79.044740827424263, -2.875797865669973 ], [ -79.044658682396005, -2.875769604576361 ], [ -79.044614254674627, -2.875877576872039 ], [ -79.044587979419333, -2.8759401908858 ], [ -79.044540751642145, -2.876055391738757 ], [ -79.044519887509523, -2.876108882904254 ], [ -79.044496303878717, -2.876175118232721 ], [ -79.04442557450227, -2.876361165814768 ], [ -79.044407386447844, -2.876427410418275 ], [ -79.044323932729228, -2.876639657098707 ], [ -79.044289427609201, -2.876729562948706 ], [ -79.044180610062241, -2.876997191744448 ], [ -79.044128039209767, -2.877134264311946 ], [ -79.044091738891865, -2.877222177863294 ], [ -79.044048214869022, -2.877327439095778 ], [ -79.044008300217897, -2.877425473151022 ], [ -79.043976609227755, -2.877499832026662 ], [ -79.043874984026473, -2.877768377247431 ], [ -79.043841384368307, -2.877854577485007 ], [ -79.043756136223692, -2.878064198783996 ], [ -79.043712595148648, -2.87817940583124 ], [ -79.043689909085302, -2.87824654679848 ], [ -79.043632728658565, -2.878397173912681 ], [ -79.043586497441652, -2.878507855439062 ], [ -79.043547486696411, -2.87860308804267 ], [ -79.043532135669366, -2.878640313512972 ], [ -79.043519791760019, -2.878707110612159 ], [ -79.043506532928618, -2.878730325007711 ], [ -79.043466875243496, -2.878730256679272 ], [ -79.043390984320723, -2.878620359355463 ], [ -79.043301789959457, -2.878507093676019 ], [ -79.043212747797, -2.878357299691133 ], [ -79.043127089644301, -2.878174237995709 ], [ -79.042975528878912, -2.877824785449493 ], [ -79.042866715150382, -2.877615010808191 ], [ -79.042807331051463, -2.877528469618027 ], [ -79.042724785656191, -2.877418560881058 ], [ -79.042665373220586, -2.8773486564191 ], [ -79.04262585166579, -2.877268749915659 ], [ -79.042609554644329, -2.877122336346376 ], [ -79.042636412439307, -2.876876266916687 ], [ -79.042633198549936, -2.876809714299379 ], [ -79.042613375782935, -2.876779752050578 ], [ -79.042567126020757, -2.876743053405009 ], [ -79.04253413423578, -2.876736396116182 ], [ -79.042471247252763, -2.876752924553752 ], [ -79.04233877342476, -2.876812552533025 ], [ -79.042272615186377, -2.876848967105208 ], [ -79.042209745153158, -2.876855549657891 ], [ -79.042156846554249, -2.876815494110275 ], [ -79.042005348478483, -2.876429422895621 ], [ -79.041913279568874, -2.876103400708804 ], [ -79.04189050298146, -2.875907065748392 ], [ -79.041920444263909, -2.875804041727444 ], [ -79.041993370356693, -2.87570109174234 ], [ -79.042096039428458, -2.875611484299188 ], [ -79.042278272296258, -2.87542879370933 ], [ -79.042314794445375, -2.875369000405532 ], [ -79.042371111638559, -2.875302640726122 ], [ -79.04239733057797, -2.875273119441267 ], [ -79.042467566948659, -2.875218176286706 ], [ -79.042537776982613, -2.875178694423629 ], [ -79.042601155379344, -2.875137573281444 ], [ -79.042645637682298, -2.875103200895088 ], [ -79.042693656365842, -2.875051655318152 ], [ -79.042727985602824, -2.875012202081123 ], [ -79.042849758165914, -2.874793963632023 ], [ -79.043041985711753, -2.874445103031959 ], [ -79.043071198035165, -2.874400396757582 ], [ -79.043228911718757, -2.874199399296778 ], [ -79.043237483958904, -2.874182234764501 ], [ -79.04328211752339, -2.874111786084175 ], [ -79.043338743441581, -2.874022460818744 ], [ -79.043378184801, -2.873938169351165 ], [ -79.043438257966727, -2.873778324522626 ], [ -79.043483081622526, -2.873596120383112 ], [ -79.043491823667054, -2.873479135456802 ], [ -79.043510697327406, -2.873432693432813 ], [ -79.043457795026768, -2.873394808028958 ], [ -79.043394530902006, -2.87336883988494 ], [ -79.043360286518023, -2.873358473420468 ], [ -79.043329528802246, -2.873360138449288 ], [ -79.043283271614456, -2.873380674028785 ], [ -79.043257601547865, -2.873404771288236 ], [ -79.043214705868508, -2.873458043694905 ], [ -79.043185601215271, -2.873492352193725 ], [ -79.043139247405051, -2.873569669636212 ], [ -79.043087811636411, -2.873621209411243 ], [ -79.043044927632209, -2.873667610108953 ], [ -79.043000404640182, -2.873725943060479 ], [ -79.042923292927412, -2.873805015906257 ], [ -79.042885537786205, -2.873849617067962 ], [ -79.042837484105291, -2.873921777766119 ], [ -79.042786094370655, -2.873999086500316 ], [ -79.042731194422501, -2.874078197531636 ], [ -79.042698565062253, -2.874122807496426 ], [ -79.042612866427874, -2.874227634421661 ], [ -79.042569979606597, -2.874275662577553 ], [ -79.042532317128973, -2.874318636356516 ], [ -79.042496302725269, -2.874344343278783 ], [ -79.042434624063006, -2.874390711567764 ], [ -79.042371344273931, -2.874426769530812 ], [ -79.042323381364724, -2.874445584166278 ], [ -79.042272004180134, -2.874462674993983 ], [ -79.042174506494604, -2.87447281471163 ], [ -79.042094025366126, -2.874470958228148 ], [ -79.042029154156396, -2.874438205932141 ], [ -79.041984658188539, -2.874427821763051 ], [ -79.041943561867285, -2.874427751006432 ], [ -79.041887053038678, -2.874448268831282 ], [ -79.041834021921147, -2.874486062323371 ], [ -79.041779183650462, -2.874528916061222 ], [ -79.041691852563858, -2.874588983521538 ], [ -79.041633599857974, -2.874630203856084 ], [ -79.041575347302938, -2.87467133376781 ], [ -79.041484590220506, -2.874736549075594 ], [ -79.041438303555509, -2.874774354147106 ], [ -79.04139039251443, -2.874815501851828 ], [ -79.04130981465029, -2.874870427107747 ], [ -79.041256804148517, -2.874896104682485 ], [ -79.0412020154575, -2.874909844125356 ], [ -79.041147247413434, -2.874911467701827 ], [ -79.041101043016113, -2.874900990130754 ], [ -79.041044703144422, -2.874875124181953 ], [ -79.040990005371185, -2.874835517655285 ], [ -79.040942153864549, -2.874788960803729 ], [ -79.040895975828505, -2.874763021943622 ], [ -79.040858404213353, -2.8747526496585 ], [ -79.040824124737767, -2.874762898151495 ], [ -79.040801886598558, -2.8747783211664 ], [ -79.040759131469613, -2.874749042766783 ], [ -79.040755755262211, -2.874724985992708 ], [ -79.040742130542924, -2.874699103218288 ], [ -79.040689170826354, -2.874642230013064 ], [ -79.040653360522469, -2.874600938102712 ], [ -79.040622586244581, -2.87455956445286 ], [ -79.040590166790693, -2.87453373971417 ], [ -79.040559339658969, -2.874523379046833 ], [ -79.040521791639037, -2.874499172979438 ], [ -79.040502951050726, -2.874473371637574 ], [ -79.040482530009157, -2.874425144127743 ], [ -79.040480836050847, -2.874416551582895 ], [ -79.040453577535146, -2.874370120635173 ], [ -79.040434731247416, -2.874347664718041 ], [ -79.040414292486247, -2.874309835147919 ], [ -79.040405784786003, -2.874289114970056 ], [ -79.040393874375667, -2.874259889720834 ], [ -79.040368284464918, -2.874184166506858 ], [ -79.040364984538911, -2.874115353399541 ], [ -79.040344604490457, -2.874043075014616 ], [ -79.040343036579898, -2.873960521491649 ], [ -79.040322680104666, -2.873874409331886 ], [ -79.040307274284174, -2.873838306363744 ], [ -79.040220350844805, -2.873659221157303 ], [ -79.040205032025312, -2.873624836266697 ], [ -79.040177713025926, -2.873561135561655 ], [ -79.040155539328026, -2.873538764337171 ], [ -79.04011619282106, -2.873514555185548 ], [ -79.040053027448806, -2.873483523715512 ], [ -79.040012004555862, -2.873440414502458 ], [ -79.039995000722172, -2.873392192897061 ], [ -79.039998546884078, -2.873316519900103 ], [ -79.039979723880194, -2.873280411052301 ], [ -79.039954136080141, -2.873256225606613 ], [ -79.039937088179201, -2.873233863215386 ], [ -79.039930388617307, -2.873154736720463 ], [ -79.039885954398983, -2.873108185787772 ], [ -79.039831242108392, -2.873077168887328 ], [ -79.039812456339803, -2.873071982749416 ], [ -79.039783421926018, -2.87306506103013 ], [ -79.039756032685631, -2.873042590406991 ], [ -79.03974749556366, -2.873039139849833 ], [ -79.039752721043769, -2.87298064900195 ], [ -79.039744207343062, -2.872963455089385 ], [ -79.039718613698852, -2.872942705485409 ], [ -79.039669012570315, -2.872920287013228 ], [ -79.039651964678342, -2.872897924624853 ], [ -79.039633171117785, -2.872844546172949 ], [ -79.039617861252466, -2.872804917118713 ], [ -79.039599093056722, -2.872789423465061 ], [ -79.039576808962764, -2.87277907752717 ], [ -79.039564886858287, -2.872756723970944 ], [ -79.039570036218066, -2.872742899030705 ], [ -79.039585509352861, -2.872739489839394 ], [ -79.039599198604719, -2.872727487952728 ], [ -79.039599222025302, -2.872713744598159 ], [ -79.039590705399348, -2.87269826860662 ], [ -79.039551394065313, -2.872653444431848 ], [ -79.039508641970073, -2.872622448141319 ], [ -79.039483030771365, -2.872612006055321 ], [ -79.03946084831901, -2.872594788596397 ], [ -79.039447258609499, -2.87254838122978 ], [ -79.039435226242503, -2.87253796253788 ], [ -79.039385703355279, -2.872522415900371 ], [ -79.039337775716973, -2.87252061540289 ], [ -79.039315575702872, -2.872513705458038 ], [ -79.039298429112662, -2.872496496675225 ], [ -79.039284813213641, -2.87246546016616 ], [ -79.03927982226169, -2.872386336644059 ], [ -79.039267976437657, -2.8723192267808 ], [ -79.039259462744823, -2.872302032872785 ], [ -79.039239000606017, -2.872277946683629 ], [ -79.03919115511178, -2.872227954040742 ], [ -79.039143277416855, -2.872196858506211 ], [ -79.039129626234654, -2.872186527443481 ], [ -79.039095543183166, -2.872081584949245 ], [ -79.039015353633701, -2.872014357347529 ], [ -79.038996560096336, -2.871960978914626 ], [ -79.038964176030618, -2.871914448763058 ], [ -79.038950530708533, -2.871900681864187 ], [ -79.038921491471484, -2.871843849934234 ], [ -79.038883975776784, -2.871800746791019 ], [ -79.03885660106647, -2.871769777002473 ], [ -79.038819070583457, -2.871735353869899 ], [ -79.038805434202231, -2.871716342799562 ], [ -79.038771295545544, -2.871644040776293 ], [ -79.038733823776809, -2.871575168859409 ], [ -79.038701337936274, -2.871535600650414 ], [ -79.038689433571705, -2.871502849177896 ], [ -79.0386758233888, -2.871468467260395 ], [ -79.03867417643157, -2.871432297613462 ], [ -79.038657041573202, -2.87140821716485 ], [ -79.038629783303548, -2.871361695854212 ], [ -79.038600784085503, -2.871334159119218 ], [ -79.03856148160672, -2.871284181213075 ], [ -79.038554705947163, -2.871249720656018 ], [ -79.038535946571727, -2.871229073257002 ], [ -79.038515383132463, -2.871211677762584 ], [ -79.038501743831404, -2.871194384614415 ], [ -79.038482958108759, -2.87118919847973 ], [ -79.038424846341798, -2.871147868203503 ], [ -79.038361632382703, -2.871092695334447 ], [ -79.038214657476388, -2.871008083041506 ], [ -79.038040275721869, -2.870911398060756 ], [ -79.03788297582642, -2.870869896866973 ], [ -79.037848815733625, -2.870862966311766 ], [ -79.037807722570207, -2.870861177576172 ], [ -79.03775126103578, -2.870854118170514 ], [ -79.037703354014155, -2.870840292231917 ], [ -79.03767431384, -2.870836806340943 ], [ -79.037563125426146, -2.87080741003938 ], [ -79.037496488511763, -2.870755667108659 ], [ -79.037472609411722, -2.870731484625543 ], [ -79.037450429962007, -2.870712549255503 ], [ -79.037346096592657, -2.870671048887516 ], [ -79.037293087256671, -2.870643470769771 ], [ -79.037211093877687, -2.870579495081839 ], [ -79.037200862845253, -2.870567451993836 ], [ -79.037026422586891, -2.870505215713301 ], [ -79.036986224218452, -2.870664280224878 ], [ -79.03692487979059, -2.870725748403902 ], [ -79.036876563357978, -2.871162921367499 ], [ -79.036859494151344, -2.871258553043297 ], [ -79.036740044369878, -2.871538549099473 ], [ -79.036566384361137, -2.871756877680044 ], [ -79.03611044288094, -2.872135299558171 ], [ -79.035790647339553, -2.872356811528566 ], [ -79.035406034064138, -2.872725138797271 ], [ -79.035096268030571, -2.873076506244588 ], [ -79.034740508900384, -2.873451664060604 ], [ -79.0341821522983, -2.874086148471106 ], [ -79.03383148892199, -2.874478493566996 ], [ -79.033318878841271, -2.875232586874325 ], [ -79.032966278174655, -2.875758111709983 ], [ -79.032639471223575, -2.876082142058597 ], [ -79.032336652564823, -2.876313898294569 ], [ -79.031945596708439, -2.876504542814405 ], [ -79.031636226454893, -2.876623628215158 ], [ -79.030668949148406, -2.876956764950626 ], [ -79.030216565825583, -2.877198478000357 ], [ -79.029825445191491, -2.877426734501606 ], [ -79.029330399585774, -2.877794865646745 ], [ -79.029020823937529, -2.878033480147724 ], [ -79.028697391761483, -2.878381383938073 ], [ -79.028455610222508, -2.878678163131856 ], [ -79.028045167991692, -2.879265157290308 ], [ -79.02760240094679, -2.879875874352076 ], [ -79.027345296003816, -2.880193150780829 ], [ -79.027253436429689, -2.880271562962788 ], [ -79.026889431026291, -2.880523734365386 ], [ -79.026127615956838, -2.880918704337332 ], [ -79.025802673285668, -2.881150508946682 ], [ -79.025482622745969, -2.881570206940718 ], [ -79.025169367841869, -2.881907818533898 ], [ -79.024958578692136, -2.882013419387426 ], [ -79.024672977190875, -2.882115363651794 ], [ -79.024258336111032, -2.882162471628982 ], [ -79.022751304725844, -2.882190586909565 ], [ -79.02213455782281, -2.88221003601193 ], [ -79.021726993245636, -2.882117100788981 ], [ -79.021013856716593, -2.881869834661793 ], [ -79.020030754942809, -2.881523091624538 ], [ -79.019640144587271, -2.881402789485904 ], [ -79.019422757496201, -2.881371668569792 ], [ -79.01931914538028, -2.881381795102041 ], [ -79.019145634470675, -2.88151132946224 ], [ -79.018679422724659, -2.881896500883397 ], [ -79.018322030967695, -2.882223905445425 ], [ -79.018199448770048, -2.882387615271981 ], [ -79.018034114309657, -2.88272900797081 ], [ -79.017676166793876, -2.883377477775902 ], [ -79.017516198688753, -2.883527559623542 ], [ -79.017162573295749, -2.883704608281974 ], [ -79.01637525907995, -2.884075563092683 ], [ -79.016133775466258, -2.884198196322994 ], [ -79.016000948285935, -2.884409717551411 ], [ -79.015871323952908, -2.884693034452566 ], [ -79.015504500941347, -2.885584072164586 ], [ -79.015330462038904, -2.886017672368738 ], [ -79.015301329288206, -2.886171418477498 ], [ -79.015270174132851, -2.886506173320767 ], [ -79.015235376747242, -2.886970668328989 ], [ -79.015103758526919, -2.887417995411854 ], [ -79.015038889572125, -2.887592112757636 ], [ -79.014947005059867, -2.887684266081063 ], [ -79.014783755150759, -2.887755679453717 ], [ -79.014136101224736, -2.887966387361082 ], [ -79.014111139217903, -2.888670139068372 ], [ -79.014396635314327, -2.888629591324374 ], [ -79.014423271131207, -2.888930270184896 ], [ -79.014356461900263, -2.889237656652525 ], [ -79.014339104070871, -2.889446034312186 ], [ -79.014346086906471, -2.890344507091067 ], [ -79.012942119652266, -2.890676850247281 ], [ -79.011142222217686, -2.891104154342679 ], [ -79.010086663500815, -2.891365406066666 ], [ -79.01044570395355, -2.893347763852432 ], [ -79.010706257349412, -2.894720367744326 ], [ -79.011040272805033, -2.896355215905625 ], [ -79.011392215038768, -2.897662340013216 ], [ -79.0116911432807, -2.898480765636656 ], [ -79.012531553550758, -2.897939663167317 ], [ -79.013102509203776, -2.897211195993396 ], [ -79.013291711917205, -2.897006556981937 ], [ -79.013837890021648, -2.896718098038201 ], [ -79.014521641973744, -2.896592719289866 ], [ -79.014869792554549, -2.896412500360951 ], [ -79.015668603426192, -2.895642206807443 ], [ -79.016310973509519, -2.895215217056312 ], [ -79.017040222661009, -2.894782411721814 ], [ -79.017742824069103, -2.894210951262524 ], [ -79.018025616644366, -2.893656746190762 ], [ -79.018380056978714, -2.89327156338655 ], [ -79.018998216122313, -2.892959084980053 ], [ -79.019591706066436, -2.893026490606236 ], [ -79.020050421453078, -2.89302729448393 ], [ -79.021010558526356, -2.892619030191915 ], [ -79.021490122759857, -2.892680086975574 ], [ -79.021891570373555, -2.892879795536091 ], [ -79.022478117983624, -2.893477658901569 ], [ -79.022831468195292, -2.893773757251964 ], [ -79.022972147499331, -2.893858361721209 ], [ -79.024884428843691, -2.894181237905999 ], [ -79.025400086834935, -2.894224363899053 ], [ -79.026077874181553, -2.894117049060199 ], [ -79.026584971053452, -2.893858621088769 ], [ -79.02693355199979, -2.89337694916626 ], [ -79.027312459695494, -2.892726522500985 ], [ -79.027696850789269, -2.892389578619948 ], [ -79.028447203414061, -2.891920631915266 ], [ -79.028873302525582, -2.891698227188388 ], [ -79.0293411476774, -2.891620742166034 ], [ -79.029703996350435, -2.891573092202393 ], [ -79.029968039614133, -2.891458994620628 ], [ -79.030208165847014, -2.891290605350813 ], [ -79.030688532330501, -2.89088755136969 ], [ -79.031216815826795, -2.890544797814582 ], [ -79.032302010058103, -2.890625077710598 ], [ -79.032500105540279, -2.890528947794361 ], [ -79.033463127379775, -2.890168865508414 ], [ -79.03453010945303, -2.890381752863258 ], [ -79.035015712841385, -2.890436846737995 ], [ -79.035249616762982, -2.890383003022636 ], [ -79.035753723716752, -2.890136679013483 ], [ -79.036194581213692, -2.890065111035856 ], [ -79.036794164321691, -2.890096260684937 ], [ -79.037346054345093, -2.889988718137782 ], [ -79.037802250642684, -2.889730284205067 ], [ -79.038318245339454, -2.889526203820683 ], [ -79.038798052006868, -2.889448644149847 ], [ -79.039430649377195, -2.889473881932295 ], [ -79.039610555845613, -2.88944399439483 ], [ -79.039922692628579, -2.889287752027306 ], [ -79.040301055939381, -2.888950790049302 ], [ -79.040751195700935, -2.888710427113999 ], [ -79.041722498448195, -2.88876635864533 ], [ -79.041977404297683, -2.888736690813853 ], [ -79.042427440853032, -2.888556635005662 ], [ -79.042727787893497, -2.888195395206977 ], [ -79.043118551216622, -2.887653477025331 ], [ -79.043448840743181, -2.887346538825207 ], [ -79.044060756461192, -2.887160703591825 ], [ -79.044537338183133, -2.887233860631943 ], [ -79.044885084916757, -2.887288711575196 ], [ -79.045262911491889, -2.887265222520636 ], [ -79.045700753207086, -2.88716959343534 ], [ -79.045735993342717, -2.887597690144156 ], [ -79.045651545252582, -2.88791707936917 ], [ -79.045208586576251, -2.888744175772492 ], [ -79.045207570655066, -2.888865062015544 ], [ -79.045210927336953, -2.88890051141568 ], [ -79.045224089993312, -2.889038963119142 ], [ -79.045250660972044, -2.889224726264398 ], [ -79.045258900159126, -2.889297345633224 ], [ -79.045283898629492, -2.889456071279068 ], [ -79.045293834845978, -2.889535474883662 ], [ -79.045302076961164, -2.889606376330523 ], [ -79.045308709030607, -2.889672211624108 ], [ -79.045318691449964, -2.88972458052124 ], [ -79.045338670814303, -2.889820819110604 ], [ -79.045356996416317, -2.889884956682284 ], [ -79.045373688791415, -2.889957590664455 ], [ -79.045385310153279, -2.889998117722651 ], [ -79.045413710879885, -2.890112996846089 ], [ -79.045430435092186, -2.89016700491058 ], [ -79.045448751882702, -2.890236296262086 ], [ -79.045482226274032, -2.890329122323172 ], [ -79.045500566094631, -2.890384941530097 ], [ -79.045510591941564, -2.890411903230743 ], [ -79.045535633219444, -2.890492960465242 ], [ -79.045555696197582, -2.890540283420149 ], [ -79.045604159470287, -2.890650133858774 ], [ -79.045629328084701, -2.890709310315318 ], [ -79.045681205836473, -2.890820794173921 ], [ -79.045731392277048, -2.890922148367731 ], [ -79.045771550088972, -2.890998168367202 ], [ -79.045815003389805, -2.891092820044598 ], [ -79.045843516809668, -2.891141785126779 ], [ -79.045878670359983, -2.89119926091992 ], [ -79.045913809536628, -2.891265145506297 ], [ -79.045940620052193, -2.891310762205238 ], [ -79.045967346360769, -2.891353033316071 ], [ -79.046002511512839, -2.891403727829649 ], [ -79.046109805540567, -2.891555814484785 ], [ -79.046155022374407, -2.891618371053602 ], [ -79.046213601058881, -2.891702831727918 ], [ -79.046282309758922, -2.891805935897761 ], [ -79.046319177688133, -2.891860069224489 ], [ -79.046372749179483, -2.891927703614725 ], [ -79.046381365873913, -2.891937302752147 ], [ -79.046437430966506, -2.891966604471123 ], [ -79.046488243489037, -2.891964793520902 ], [ -79.046509016839664, -2.89196482942125 ], [ -79.04657064853744, -2.891946762029119 ], [ -79.04665770065229, -2.891893204512063 ], [ -79.04674205337848, -2.891840546492708 ], [ -79.046810019126639, -2.891799614414472 ], [ -79.04684269402668, -2.891781496965969 ], [ -79.046988574598515, -2.891718908883437 ], [ -79.047126442153711, -2.891661822393471 ], [ -79.047167210718172, -2.891643628493311 ], [ -79.047246955312104, -2.891603711308821 ], [ -79.047334878711141, -2.891566520765272 ], [ -79.047420995671175, -2.891533938381802 ], [ -79.04746175326467, -2.891522164085945 ], [ -79.047513404651227, -2.891503084786789 ], [ -79.047623103119406, -2.891458607999165 ], [ -79.047700132719697, -2.891428722414844 ], [ -79.047729207401616, -2.891412407056531 ], [ -79.047826149994705, -2.89135977063729 ], [ -79.047886924560416, -2.891317017681545 ], [ -79.047925906755722, -2.891291677670959 ], [ -79.047958586426873, -2.891270757233926 ], [ -79.048003065188297, -2.891239007065816 ], [ -79.04807842699914, -2.891132534935275 ], [ -79.048143797373385, -2.891031561010838 ], [ -79.048360648814139, -2.890800647304779 ], [ -79.048501327917606, -2.890624214242448 ], [ -79.048564016115677, -2.890514013031375 ], [ -79.048587614578921, -2.8904921727079 ], [ -79.048608398731744, -2.890485879342855 ], [ -79.04869999504939, -2.890456922936683 ], [ -79.048757936718758, -2.890440566912393 ], [ -79.048795093926813, -2.890430685088938 ], [ -79.048870300061822, -2.890415353435184 ], [ -79.048912045292241, -2.890404484928716 ], [ -79.048956393804076, -2.890396333437554 ], [ -79.048999038160062, -2.890385556895461 ], [ -79.049031606113061, -2.890377385078501 ], [ -79.049073351344319, -2.89036651656409 ], [ -79.04912679183623, -2.890352955694083 ], [ -79.049166651666638, -2.890340275571637 ], [ -79.049205607589485, -2.89033030641499 ], [ -79.049244566597821, -2.890318528910561 ], [ -79.049286313372477, -2.890306756212386 ], [ -79.049341549339147, -2.890295006776721 ], [ -79.049371411587899, -2.89029144157627 ], [ -79.049471969700576, -2.89028067447266 ], [ -79.049515504238983, -2.890275234077198 ], [ -79.049552653738942, -2.890269873086523 ], [ -79.049580720669923, -2.890264406014392 ], [ -79.049594305960937, -2.890260812738084 ], [ -79.049665899412773, -2.890254606963027 ], [ -79.049713835797604, -2.890251886676751 ], [ -79.049760060313574, -2.890251062206016 ], [ -79.049779937478505, -2.890249288127827 ], [ -79.049876879829299, -2.890249455278092 ], [ -79.049976520025012, -2.890249627071388 ], [ -79.050089737810183, -2.890250726439783 ], [ -79.050123276322495, -2.890253496787838 ], [ -79.050160419664692, -2.890251752468743 ], [ -79.050269962903656, -2.890245521657303 ], [ -79.050316193601418, -2.890241080469048 ], [ -79.050364219776526, -2.890238450726133 ], [ -79.05042313047835, -2.890233940972387 ], [ -79.050504617581311, -2.890226848017064 ], [ -79.050547162931323, -2.890221405872115 ], [ -79.050598781607363, -2.890221494839378 ], [ -79.050658585275556, -2.890220693734485 ], [ -79.050711106318062, -2.890218975898902 ], [ -79.050760927980136, -2.890218157585189 ], [ -79.050804363212862, -2.890218232439753 ], [ -79.050846984470482, -2.890221018419485 ], [ -79.050886821043264, -2.890221991245917 ], [ -79.050963799433546, -2.890222123897891 ], [ -79.050990059959219, -2.890221264973175 ], [ -79.051098787573821, -2.890218739795098 ], [ -79.051166688019094, -2.890216053843269 ], [ -79.051229188007056, -2.890216161530232 ], [ -79.051286292314657, -2.890216259917467 ], [ -79.051333326223798, -2.890215436775073 ], [ -79.051389534336238, -2.890213725259408 ], [ -79.051460217785319, -2.890213847032118 ], [ -79.051531712130696, -2.890213066020433 ], [ -79.051561659715048, -2.890212213433675 ], [ -79.051584323126946, -2.890211348298055 ], [ -79.05161966793662, -2.890209600830262 ], [ -79.051685768145134, -2.890207906339565 ], [ -79.051749164351492, -2.890209823895283 ], [ -79.051779017389578, -2.890211683670802 ], [ -79.051808963437523, -2.890211735251723 ], [ -79.051835216272721, -2.890215397178802 ], [ -79.051865064536912, -2.890220059892942 ], [ -79.051884129289235, -2.890220092729984 ], [ -79.051939315706335, -2.890237457563837 ], [ -79.051973744143737, -2.890245744872963 ], [ -79.051992697249148, -2.890258526413846 ], [ -79.05200267156448, -2.890263064478429 ], [ -79.052020821479687, -2.890272227927282 ], [ -79.052036185164965, -2.890280482400192 ], [ -79.052062428763335, -2.890289569370699 ], [ -79.05210226228759, -2.890292350505687 ], [ -79.052134005210959, -2.890293399769024 ], [ -79.052170164161922, -2.890288850737822 ], [ -79.052222787657186, -2.890279809173097 ], [ -79.052284402423254, -2.890271687266217 ], [ -79.052328746219828, -2.890266338564262 ], [ -79.052376781844046, -2.890258193267745 ], [ -79.052407544957561, -2.890253725353785 ], [ -79.052473766236176, -2.890233766642931 ], [ -79.052513624563929, -2.890221990549011 ], [ -79.052555279913975, -2.890211121724655 ], [ -79.052578851859508, -2.890204833068115 ], [ -79.052608720467035, -2.890197560656862 ], [ -79.052659546945463, -2.890187611795082 ], [ -79.052824416140453, -2.890169721665804 ], [ -79.052935878968654, -2.890145319914325 ], [ -79.053016487212616, -2.890126290104384 ], [ -79.053140631451143, -2.890101005977882 ], [ -79.053245794851946, -2.890079215459784 ], [ -79.05335815850971, -2.890053911026998 ], [ -79.053372640019418, -2.890052127593589 ], [ -79.053391616397192, -2.890051256073301 ], [ -79.053415177571395, -2.890051296620724 ], [ -79.053439634948987, -2.890053147065794 ], [ -79.053456809686111, -2.890054080799792 ], [ -79.053469484937594, -2.890056815146336 ], [ -79.053487647191673, -2.89005874517506 ], [ -79.053522080438924, -2.890064229497542 ], [ -79.053573685193726, -2.890072546319884 ], [ -79.053589059830372, -2.890074381132532 ], [ -79.053666016788384, -2.890087172049391 ], [ -79.053683276685661, -2.890090908878916 ], [ -79.053707732529375, -2.890093663494469 ], [ -79.053762934419183, -2.890101986499571 ], [ -79.053788286468247, -2.890106551011937 ], [ -79.053820021879204, -2.890112030685281 ], [ -79.053828110644076, -2.890114847555064 ], [ -79.053867124082799, -2.890123956462577 ], [ -79.053900566438671, -2.890130433667149 ], [ -79.053921420543034, -2.890135894616541 ], [ -79.053930501750401, -2.890136814419229 ], [ -79.053944975417124, -2.890139642273847 ], [ -79.053955856727157, -2.890139660995262 ], [ -79.053965838755431, -2.890139678169357 ], [ -79.05399389173229, -2.890142438968736 ], [ -79.054020150762412, -2.890142484146413 ], [ -79.054039215537969, -2.89014251694626 ], [ -79.054059089667419, -2.890142551138216 ], [ -79.054079959162223, -2.89013897032919 ], [ -79.054096236164511, -2.890138998331959 ], [ -79.054133382816033, -2.890135355106763 ], [ -79.054157846361704, -2.89013358883567 ], [ -79.054165129006634, -2.890134505542458 ], [ -79.054179608984484, -2.890133626274216 ], [ -79.054195887526319, -2.890132750099826 ], [ -79.054213156817084, -2.890130971451196 ], [ -79.054253027472711, -2.890111961875602 ], [ -79.054279316046788, -2.890094646872886 ], [ -79.054292913820973, -2.890083729705217 ], [ -79.05431830449686, -2.890065599395649 ], [ -79.054374591774305, -2.890017413088547 ], [ -79.054421785531204, -2.889975540383765 ], [ -79.054465282845129, -2.889939176805703 ], [ -79.054496174672821, -2.889911923746865 ], [ -79.054524274110378, -2.889887378419184 ], [ -79.054579558164519, -2.889847418389178 ], [ -79.054640420839888, -2.889805659590269 ], [ -79.054679401583925, -2.889781132967203 ], [ -79.054722957898448, -2.889762943460114 ], [ -79.05474284587163, -2.889754840051744 ], [ -79.054803583084777, -2.88973396754783 ], [ -79.054853429604492, -2.889718591803061 ], [ -79.054911461281989, -2.889702235532215 ], [ -79.055154682198747, -2.889670284097613 ], [ -79.055488269175541, -2.88953966116323 ], [ -79.055981379259933, -2.88936202361784 ], [ -79.056133708283198, -2.889314906347925 ], [ -79.056275047469029, -2.889278710740504 ], [ -79.05647082412662, -2.88922443461137 ], [ -79.057032469579894, -2.889199810941639 ], [ -79.057112242103841, -2.889196331206702 ], [ -79.057148495640234, -2.889189069601633 ], [ -79.057434687930282, -2.889218675589752 ], [ -79.057537037587878, -2.889318130285818 ], [ -79.057782014050986, -2.889417558585822 ], [ -79.057886712542967, -2.889457793504111 ], [ -79.057972529779619, -2.889495825973935 ], [ -79.058165120966663, -2.889569937679756 ], [ -79.058246812273822, -2.88960163379506 ], [ -79.058338935127153, -2.88963343822956 ], [ -79.058475087286681, -2.889686295215667 ], [ -79.058496015580616, -2.889701069277844 ], [ -79.05852736835439, -2.889720110879709 ], [ -79.058594415643014, -2.889743372970819 ], [ -79.058619494922127, -2.889749745275695 ], [ -79.058640527423705, -2.889756110635417 ], [ -79.058665707376861, -2.889756153847307 ], [ -79.058709707385972, -2.889741491209104 ], [ -79.058801944782573, -2.889705843930857 ], [ -79.05900532249278, -2.889624002855927 ], [ -79.059126905088874, -2.88957158811973 ], [ -79.059271617235851, -2.889508634121945 ], [ -79.059311523493477, -2.889468647355805 ], [ -79.059563192088447, -2.889334265613431 ], [ -79.05975815206402, -2.889231432877471 ], [ -79.060016184051364, -2.889109720414819 ], [ -79.060349671930624, -2.888878550387154 ], [ -79.060532128244006, -2.888777775602449 ], [ -79.060775440530648, -2.888639129412393 ], [ -79.060897123694403, -2.888580385257634 ], [ -79.060991447308041, -2.888534162335522 ], [ -79.0610690263008, -2.88849848964278 ], [ -79.061167562294685, -2.88846068280674 ], [ -79.061268259940221, -2.888420890459908 ], [ -79.061425457770895, -2.888366366288921 ], [ -79.061555475762376, -2.888324454087434 ], [ -79.061647695313297, -2.88829929492312 ], [ -79.061750332167449, -2.888282652902857 ], [ -79.061850972678755, -2.888276586387423 ], [ -79.06187607344016, -2.888270300092853 ], [ -79.061976703389732, -2.888270472406351 ], [ -79.062060416072796, -2.888276945022775 ], [ -79.062129549781346, -2.888289631531911 ], [ -79.062232226664278, -2.888302465885782 ], [ -79.06239355836766, -2.888302742089749 ], [ -79.06255281820961, -2.888305094344604 ], [ -79.062647038170439, -2.888320084227058 ], [ -79.062762183159862, -2.888351837304212 ], [ -79.062850191181752, -2.888370885364831 ], [ -79.062892062203716, -2.888392024494272 ], [ -79.062950642023594, -2.888423771162473 ], [ -79.063097172797072, -2.888508291812002 ], [ -79.063140174473972, -2.888658369389661 ], [ -79.063396236370608, -2.888584845419609 ], [ -79.06379954409779, -2.888492223765197 ], [ -79.063998013615347, -2.888441115247071 ], [ -79.064302097552087, -2.888367582727122 ], [ -79.064497425086103, -2.888313213655762 ], [ -79.064622226876338, -2.888271563356137 ], [ -79.064763125734046, -2.888230030978073 ], [ -79.064964786349321, -2.888153158438653 ], [ -79.065144144660408, -2.888076247721733 ], [ -79.065531635460999, -2.887871027233447 ], [ -79.065771766166918, -2.887752446885335 ], [ -79.06586780711956, -2.887701072458064 ], [ -79.065957569260618, -2.887640102932548 ], [ -79.066082463300788, -2.887543839785656 ], [ -79.066422130700957, -2.887274159099559 ], [ -79.06663358200899, -2.887097571183241 ], [ -79.06678741374138, -2.886959493517369 ], [ -79.066947690069512, -2.886786073165077 ], [ -79.067095174806568, -2.886625470355172 ], [ -79.067332355655182, -2.886336354983683 ], [ -79.067540860135352, -2.886040680420738 ], [ -79.067701212178861, -2.885822231480422 ], [ -79.067816687580944, -2.885658318751214 ], [ -79.068124610806166, -2.885227728090089 ], [ -79.068567201474465, -2.884610833133038 ], [ -79.068727574831357, -2.884379453948435 ], [ -79.06893589615666, -2.884138572012607 ], [ -79.069028854299717, -2.884048583003704 ], [ -79.069269119657989, -2.883849528751568 ], [ -79.069624727357478, -2.883618572177372 ], [ -79.070085945946587, -2.883313651847631 ], [ -79.070287787625105, -2.883182164937608 ], [ -79.070585718445386, -2.882970368810497 ], [ -79.070691473176453, -2.882864397170928 ], [ -79.070832550311167, -2.882716621726571 ], [ -79.070909473711907, -2.882642790059033 ], [ -79.07102499692968, -2.882449942550682 ], [ -79.071057008103239, -2.882398548730968 ], [ -79.071172807314909, -2.882041591607301 ], [ -79.071198460612038, -2.881974092421438 ], [ -79.07121472763852, -2.881819684849114 ], [ -79.071218587181747, -2.88144978828291 ], [ -79.071203288629533, -2.88102832045516 ], [ -79.071220794744079, -2.880136821267431 ], [ -79.071028100726465, -2.879962708964974 ], [ -79.070985629394428, -2.879924118402379 ], [ -79.070899223718868, -2.879861311371655 ], [ -79.070817127619705, -2.879802670926679 ], [ -79.070773219730199, -2.879762721642398 ], [ -79.070698223115386, -2.879706986662631 ], [ -79.070647199045681, -2.879674077945315 ], [ -79.07054099962501, -2.879616933651366 ], [ -79.070453138586359, -2.87956397978509 ], [ -79.070402109669942, -2.879533964456358 ], [ -79.070382347047072, -2.879521091408067 ], [ -79.070376707868945, -2.879505439385555 ], [ -79.070380958515202, -2.8794911604536 ], [ -79.070390876919689, -2.879475534874246 ], [ -79.070427819396031, -2.879432829611186 ], [ -79.070513037727579, -2.879345991637404 ], [ -79.070561316014235, -2.879300412229705 ], [ -79.07061814705348, -2.879249150971708 ], [ -79.070664972042238, -2.879212158863648 ], [ -79.07070476104623, -2.879187994255773 ], [ -79.07077290129817, -2.879149682077646 ], [ -79.070831069240981, -2.879105566149321 ], [ -79.070852378616124, -2.879054244511185 ], [ -79.070856740606928, -2.879027216719024 ], [ -79.070844030825072, -2.878991479722819 ], [ -79.070824185411283, -2.878974356863724 ], [ -79.070791565482182, -2.878960015281365 ], [ -79.0707787956771, -2.878959993585049 ], [ -79.070719248769834, -2.878968482190634 ], [ -79.070696574857436, -2.878975586745073 ], [ -79.070632689969372, -2.878996817015057 ], [ -79.070573128625767, -2.8790138953653 ], [ -79.070515008717251, -2.879029439042386 ], [ -79.07042424001105, -2.879047820631432 ], [ -79.070326357403388, -2.87907188650004 ], [ -79.070279487944532, -2.879081843321037 ], [ -79.070232706134092, -2.879093156569098 ], [ -79.070200147418646, -2.879095904211766 ], [ -79.070146171354352, -2.87910720522771 ], [ -79.070072406226188, -2.879121366002336 ], [ -79.069998726314438, -2.87913832989529 ], [ -79.069933511511081, -2.879148255513972 ], [ -79.069879632676148, -2.879155216582027 ], [ -79.069858319699549, -2.879155180350922 ], [ -79.06983844785465, -2.879153790289027 ], [ -79.069822921451276, -2.879135228063928 ], [ -79.069780498097217, -2.879068155700216 ], [ -79.069746480097962, -2.879029579511625 ], [ -79.069679984744056, -2.878945377098184 ], [ -79.069654583127118, -2.878916761613497 ], [ -79.069636188607745, -2.878892498137612 ], [ -79.069582412733126, -2.878838245932211 ], [ -79.069559684940344, -2.878823921144181 ], [ -79.069453317481276, -2.878706376882847 ], [ -79.069467997507445, -2.878693471970304 ], [ -79.069474665568421, -2.878685526463541 ], [ -79.069495940756113, -2.878654549028504 ], [ -79.069509724084796, -2.878640105472895 ], [ -79.0695271090989, -2.878622955479444 ], [ -79.069539722297051, -2.878609142864493 ], [ -79.069552779509934, -2.878598676494807 ], [ -79.069590759884662, -2.878580476485219 ], [ -79.069630261587136, -2.878566709574618 ], [ -79.069661755278531, -2.878555551191777 ], [ -79.069727424846036, -2.878542552105278 ], [ -79.06975288271218, -2.878537712767388 ], [ -79.069778434307082, -2.878530613120982 ], [ -79.069842925841812, -2.878522946726217 ], [ -79.069863070500958, -2.878522528870569 ], [ -79.069903628084219, -2.878522597801012 ], [ -79.069912261488128, -2.878522431636521 ], [ -79.069964874001641, -2.878519808491806 ], [ -79.070004805890377, -2.878517615887814 ], [ -79.070020904393473, -2.878516829478176 ], [ -79.070035384038363, -2.878516130735886 ], [ -79.07005643238881, -2.878513092270174 ], [ -79.070066148730859, -2.878510667477334 ], [ -79.07009700836754, -2.878502220561994 ], [ -79.070120480674177, -2.878501627518961 ], [ -79.070148439052616, -2.878507190570536 ], [ -79.070161923409373, -2.878510106883318 ], [ -79.070192044471796, -2.878513051466731 ], [ -79.070224244065002, -2.878509941528042 ], [ -79.070257432716204, -2.878506923687665 ], [ -79.070281356945458, -2.878504975128571 ], [ -79.070309316695187, -2.878509724410685 ], [ -79.070329724457039, -2.878513285416911 ], [ -79.070354085258387, -2.878519113607527 ], [ -79.070382401075207, -2.878526033542466 ], [ -79.07039552982522, -2.878526507943442 ], [ -79.070407939909984, -2.878526529029606 ], [ -79.070429707081644, -2.878523853452679 ], [ -79.070485587720128, -2.878502971254178 ], [ -79.070498906812318, -2.878497207085398 ], [ -79.070525986431619, -2.878490562108155 ], [ -79.070570791622728, -2.878478160446461 ], [ -79.070588069073196, -2.878471498813869 ], [ -79.070618212935798, -2.878460880615506 ], [ -79.070634230632209, -2.878454668935323 ], [ -79.070657802445766, -2.878448379669342 ], [ -79.070702516949126, -2.878436429939948 ], [ -79.070734102700897, -2.878424005811941 ], [ -79.070770923733448, -2.878400016977606 ], [ -79.0708032334677, -2.878384881514167 ], [ -79.070870283882044, -2.878352896755893 ], [ -79.070887577739015, -2.878336469919915 ], [ -79.070906220517926, -2.878320045374544 ], [ -79.070924858738834, -2.878306333383112 ], [ -79.070968789407786, -2.878279191956677 ], [ -79.071041530050564, -2.878232478589056 ], [ -79.071059264430559, -2.878221477620839 ], [ -79.07109570933639, -2.878207253353541 ], [ -79.071139164081899, -2.878195753551775 ], [ -79.071172810733842, -2.878187763422912 ], [ -79.071200706539969, -2.878177050963839 ], [ -79.071210520709158, -2.878169924548204 ], [ -79.071224745763075, -2.878160183478803 ], [ -79.071245542407667, -2.878146384724337 ], [ -79.071265078538772, -2.878133488016272 ], [ -79.071274442307143, -2.878126812928546 ], [ -79.07130945504305, -2.878108607792866 ], [ -79.071332053894608, -2.878092642045333 ], [ -79.07136980046738, -2.878053012300346 ], [ -79.071314623259028, -2.877922806004611 ], [ -79.071292931720066, -2.877880453191089 ], [ -79.071271312949293, -2.877848317822084 ], [ -79.071261186301967, -2.87782732347439 ], [ -79.071251408129342, -2.877813020706984 ], [ -79.071233740883002, -2.877784056704937 ], [ -79.071225762032896, -2.877769304899116 ], [ -79.071221954957664, -2.877733673442864 ], [ -79.071211328378467, -2.877689078950499 ], [ -79.071191892639419, -2.87764220903252 ], [ -79.071182695798399, -2.877603042094268 ], [ -79.071165423649745, -2.877553011194452 ], [ -79.071151719165442, -2.877520527591793 ], [ -79.071132726386566, -2.877477636853627 ], [ -79.071123050748582, -2.87745582950541 ], [ -79.071115980140448, -2.877435744536649 ], [ -79.071110699894177, -2.877420545220585 ], [ -79.071108469610593, -2.877409872020718 ], [ -79.071104083330411, -2.877397838879013 ], [ -79.071099255609894, -2.877380922375069 ], [ -79.071091740676252, -2.877357671995917 ], [ -79.071084233790856, -2.877329629436558 ], [ -79.07107761737889, -2.87730683267701 ], [ -79.071069653412238, -2.877283219860936 ], [ -79.071062230532647, -2.877258703776116 ], [ -79.071055613209552, -2.877236449527962 ], [ -79.071045865714424, -2.877203882227769 ], [ -79.071037456662935, -2.877177556094123 ], [ -79.071001729638368, -2.877085629986887 ], [ -79.0709955844289, -2.877049994566224 ], [ -79.07098911093837, -2.876995641907124 ], [ -79.070992692990515, -2.876951071544374 ], [ -79.070993198052065, -2.876918069557842 ], [ -79.070993245273527, -2.876889949406573 ], [ -79.070961951443934, -2.876782117131923 ], [ -79.070947359068654, -2.876742850623098 ], [ -79.070937271294298, -2.876698709149221 ], [ -79.070932505822867, -2.876644721067124 ], [ -79.070932100364615, -2.876618408523242 ], [ -79.070931601182309, -2.876594356288959 ], [ -79.07091582602969, -2.876509697563157 ], [ -79.070903881191356, -2.876446836258212 ], [ -79.070902300593872, -2.876424138469867 ], [ -79.070901450047501, -2.876395112608512 ], [ -79.070903680128936, -2.876352348326729 ], [ -79.070915374358663, -2.876296670228013 ], [ -79.070939433656051, -2.876214249165978 ], [ -79.070969240747971, -2.876136358793693 ], [ -79.07098080784786, -2.876102833068749 ], [ -79.0709888990243, -2.876050675181189 ], [ -79.070990777578047, -2.876003027687164 ], [ -79.070989236671522, -2.875903112351303 ], [ -79.070962479652465, -2.875824764304963 ], [ -79.070962539454527, -2.875789139418692 ], [ -79.07084191023371, -2.875810273527021 ], [ -79.070572348182225, -2.875838388332388 ], [ -79.070490406353215, -2.876009321471139 ], [ -79.070369549365623, -2.876166083198894 ], [ -79.070099634025354, -2.876404511132997 ], [ -79.069783627462897, -2.876617905081285 ], [ -79.069637986197819, -2.876753195294548 ], [ -79.069531439613272, -2.876795782326525 ], [ -79.069304347460942, -2.876863210501087 ], [ -79.068711734338308, -2.877068990840837 ], [ -79.068537981543813, -2.877075838562976 ], [ -79.0682364291699, -2.877089612052688 ], [ -79.068030764023405, -2.877089262367088 ], [ -79.067900899759024, -2.877094014566249 ] ] ] ] } },
{ "type": "Feature", "properties": { "DESCRIP": "El Vecino", "CODIGO": "06", "AREA": 3280403.06, "SHAPE_LENG": 11352.558237900001, "SHAPE_AREA": 3280403.0571499998 }, "geometry": { "type": "MultiPolygon", "coordinates": [ [ [ [ -78.998697446385279, -2.870811192428201 ], [ -78.998692141360962, -2.870810911859607 ], [ -78.998675325165252, -2.870811153547881 ], [ -78.998670379364071, -2.870811144855066 ], [ -78.998652573379587, -2.870811746462681 ], [ -78.998648526815046, -2.870811739350299 ], [ -78.998630811226036, -2.870812069871941 ], [ -78.998625775029737, -2.870812332264546 ], [ -78.998606440343565, -2.870812931184473 ], [ -78.998602394250725, -2.870812652828241 ], [ -78.998584678190568, -2.870813254592809 ], [ -78.998580271931573, -2.870813246847947 ], [ -78.99856283381709, -2.870809147529489 ], [ -78.998540092408405, -2.870803773081493 ], [ -78.99851888567602, -2.87079496556726 ], [ -78.998498037066724, -2.870787062830637 ], [ -78.998475660856428, -2.870778524504862 ], [ -78.998455978897425, -2.870771980040962 ], [ -78.998443846437297, -2.870767799632743 ], [ -78.998435488412142, -2.870764982081527 ], [ -78.998431445149691, -2.87076307626298 ], [ -78.998413379144608, -2.870758071691188 ], [ -78.99840906658298, -2.870755894154785 ], [ -78.998392799679934, -2.870750531085993 ], [ -78.99838848507467, -2.870749528938637 ], [ -78.99837167800132, -2.870744526579458 ], [ -78.99836601013962, -2.870746053668201 ], [ -78.998348565426028, -2.870745751758499 ], [ -78.998343619626112, -2.870745743064465 ], [ -78.998333907401971, -2.870745997236118 ], [ -78.998304320325587, -2.870747211032838 ], [ -78.998296856664098, -2.870747197912444 ], [ -78.998281292800897, -2.870751239219239 ], [ -78.998277155213316, -2.870751864849385 ], [ -78.998259072859625, -2.870756263387685 ], [ -78.998253499795638, -2.870754987783145 ], [ -78.998239455986948, -2.870764004576088 ], [ -78.998233513952229, -2.870768062796749 ], [ -78.998220100552075, -2.870776538208597 ], [ -78.998215690049079, -2.870778971654897 ], [ -78.998200116909345, -2.870788347417604 ], [ -78.998196965179872, -2.870790873491508 ], [ -78.998182287502701, -2.870802420783455 ], [ -78.998178596231398, -2.870804945908715 ], [ -78.998164188796508, -2.870816222430832 ], [ -78.998158880629347, -2.870817750150466 ], [ -78.998144841536686, -2.870824054505232 ], [ -78.998139259196037, -2.870828113357319 ], [ -78.998123064294717, -2.87083305769942 ], [ -78.998117129335199, -2.870833047265084 ], [ -78.998105603858548, -2.870841797238045 ], [ -78.998099660093615, -2.870846850017216 ], [ -78.998086511116924, -2.870858399994391 ], [ -78.998081828484032, -2.870862189183354 ], [ -78.99806877226105, -2.870872111856702 ], [ -78.998064718464491, -2.870876263810329 ], [ -78.998051571688649, -2.870886547983253 ], [ -78.998047339302687, -2.870889976304321 ], [ -78.99803329266129, -2.870900620553867 ], [ -78.998029780136051, -2.870903778896079 ], [ -78.998015195682356, -2.870913427636741 ], [ -78.998011411813621, -2.870917489649743 ], [ -78.997994854386434, -2.870924060817712 ], [ -78.997989905284527, -2.870925950826571 ], [ -78.997974608517865, -2.870931529647901 ], [ -78.997969300350448, -2.870933057366094 ], [ -78.997952475825656, -2.870938091011908 ], [ -78.997948066265465, -2.870939981969201 ], [ -78.99793160049164, -2.870945558734153 ], [ -78.997926561466059, -2.870947448584498 ], [ -78.997910364834027, -2.870953387481429 ], [ -78.997906045826511, -2.870954916938508 ], [ -78.99788885956275, -2.87096112533921 ], [ -78.997885436331686, -2.870964645496759 ], [ -78.997867360582049, -2.870965246615754 ], [ -78.997863314647972, -2.870964877842129 ], [ -78.997844249266905, -2.870965748464924 ], [ -78.997839932932948, -2.870965740874911 ], [ -78.997821856554694, -2.870966703651217 ], [ -78.997817448095404, -2.870967961706161 ], [ -78.997799109652732, -2.870964493696589 ], [ -78.99779407455901, -2.870964123183321 ], [ -78.997777262616452, -2.870961923664818 ], [ -78.997772587689127, -2.870961282540479 ], [ -78.997754787216152, -2.870958719624221 ], [ -78.997750113389827, -2.870957445598238 ], [ -78.997732673555319, -2.8709543408272 ], [ -78.997727369162845, -2.870953698595764 ], [ -78.997711187944788, -2.870950776867359 ], [ -78.997704625565447, -2.870949589934903 ], [ -78.997688443718573, -2.870947029864288 ], [ -78.997683768319774, -2.870946659983156 ], [ -78.997666330688219, -2.870942289408285 ], [ -78.997662286956697, -2.870940654830997 ], [ -78.997645747460666, -2.870936918738821 ], [ -78.997639184138066, -2.870936274293116 ], [ -78.99762553478044, -2.870925310100991 ], [ -78.997620238095323, -2.870920237558598 ], [ -78.997608743601759, -2.870911175866421 ], [ -78.997604970742344, -2.870908908861972 ], [ -78.997588801951721, -2.870898844386935 ], [ -78.99758539130336, -2.870895131383032 ], [ -78.997569126140974, -2.870888773744324 ], [ -78.99756508272452, -2.870886958337906 ], [ -78.997547641949723, -2.870884396052126 ], [ -78.997542073607022, -2.870880408009277 ], [ -78.99752551948562, -2.870885080464461 ], [ -78.997519312555198, -2.870886335355344 ], [ -78.997508680808281, -2.870898251407513 ], [ -78.997505256633431, -2.870902314050198 ], [ -78.997497134567851, -2.870918936083978 ], [ -78.99749523642015, -2.870924538461547 ], [ -78.99748370323438, -2.870937718734453 ], [ -78.997481539719942, -2.870940789031617 ], [ -78.99746650549055, -2.870950527385394 ], [ -78.997461194492672, -2.870953682561557 ], [ -78.997445007300612, -2.870954196580562 ], [ -78.997438440675566, -2.870955450838053 ], [ -78.99742254102928, -2.870945748493667 ], [ -78.997419758273978, -2.87094294074156 ], [ -78.997404847315806, -2.870933511380363 ], [ -78.997400446565038, -2.870930339123448 ], [ -78.997387427777994, -2.87091874313581 ], [ -78.99738275725656, -2.870915570404442 ], [ -78.997369017508149, -2.87090487729645 ], [ -78.997364976294705, -2.870901796086682 ], [ -78.997353848735258, -2.870888575959677 ], [ -78.997350348321845, -2.870884772382981 ], [ -78.997341021908611, -2.870870018373002 ], [ -78.997337612362685, -2.87086567246757 ], [ -78.997327655383444, -2.870851550251976 ], [ -78.997323340152406, -2.870850909758904 ], [ -78.997307173569723, -2.870839579479385 ], [ -78.99730213784899, -2.870839570622385 ], [ -78.99728468999956, -2.870841076985253 ], [ -78.99728036816191, -2.870844233900371 ], [ -78.997262912604612, -2.870850170572481 ], [ -78.997245105532983, -2.870851405058496 ], [ -78.997144241200274, -2.870937392903534 ], [ -78.9969838798539, -2.871004650624408 ], [ -78.996888119268988, -2.871103215050773 ], [ -78.996861913803329, -2.871279839340778 ], [ -78.996838347161614, -2.871490283378148 ], [ -78.99681219593684, -2.871635714666822 ], [ -78.996823469867422, -2.871874791061691 ], [ -78.996833449804015, -2.872030683626383 ], [ -78.996755777260574, -2.87212150413956 ], [ -78.996670461789023, -2.872160322718788 ], [ -78.996678054956405, -2.872240895604122 ], [ -78.996703862606893, -2.87229283908438 ], [ -78.996664996878366, -2.8723551568298 ], [ -78.996595116610052, -2.872412175918807 ], [ -78.99647086355148, -2.87250291437576 ], [ -78.996462998792879, -2.872578306399363 ], [ -78.996478320954552, -2.872661424497473 ], [ -78.996559474990349, -2.87284348179211 ], [ -78.996569721260499, -2.872898019907709 ], [ -78.996559203503168, -2.872999356286595 ], [ -78.996525477072595, -2.873053816973514 ], [ -78.996385892794407, -2.873066590892523 ], [ -78.996158430389258, -2.873092229739617 ], [ -78.99611185840017, -2.873138892111009 ], [ -78.996109083163702, -2.87323499804054 ], [ -78.996189092085558, -2.873300056713423 ], [ -78.996338922468794, -2.873341911366923 ], [ -78.996400838475637, -2.873417426278884 ], [ -78.99636697623022, -2.873549824183935 ], [ -78.996286731930311, -2.873619844653621 ], [ -78.996242835594799, -2.873627542996535 ], [ -78.996173072888837, -2.873617022419339 ], [ -78.996095563039148, -2.873614354269577 ], [ -78.996046451131264, -2.873622043416383 ], [ -78.995953262371316, -2.873689419015195 ], [ -78.995847114919613, -2.873813913842327 ], [ -78.995808366771968, -2.873808691933487 ], [ -78.995748945307611, -2.873798189546146 ], [ -78.995692081835486, -2.873816262698847 ], [ -78.995642910985936, -2.873857766801128 ], [ -78.995620793622052, -2.873907094233462 ], [ -78.995587093516789, -2.87399799199683 ], [ -78.995506794777882, -2.87409920531628 ], [ -78.995444638792094, -2.874161391466734 ], [ -78.995384977244356, -2.874288590139249 ], [ -78.995376872223076, -2.874501683182271 ], [ -78.995368771743628, -2.874712154205557 ], [ -78.99534786727169, -2.874839421176395 ], [ -78.995240329901605, -2.874987330765177 ], [ -78.995157608405563, -2.875033929275786 ], [ -78.995074892080481, -2.875026007761662 ], [ -78.994992315521742, -2.874989515466481 ], [ -78.994912211572498, -2.874978976526148 ], [ -78.994862986381904, -2.875051583072584 ], [ -78.994805937656679, -2.875124266229077 ], [ -78.99472069906335, -2.875118871847015 ], [ -78.994640590547093, -2.875110954898485 ], [ -78.994544947155973, -2.875141979237387 ], [ -78.994469904666616, -2.875219784251617 ], [ -78.99445945914826, -2.875279529874622 ], [ -78.994480046323488, -2.875334176608903 ], [ -78.994510780680073, -2.875448514880722 ], [ -78.994549274821026, -2.875599303929867 ], [ -78.99452596576657, -2.875661558468388 ], [ -78.994466498832963, -2.875677095278878 ], [ -78.994301246841246, -2.875609264016865 ], [ -78.994141075246787, -2.875567390693077 ], [ -78.994029893161098, -2.875587989857592 ], [ -78.993998792440934, -2.875632057287125 ], [ -78.993988237978726, -2.875754188747113 ], [ -78.993982844630182, -2.875907522340463 ], [ -78.993883112195547, -2.876065843054291 ], [ -78.993901023653294, -2.87615936332927 ], [ -78.993952502998667, -2.876289379927821 ], [ -78.993998784919341, -2.876408989682115 ], [ -78.993988307593085, -2.87648690854712 ], [ -78.993905373517165, -2.876603668180774 ], [ -78.993786439721404, -2.876634651237133 ], [ -78.993484043145514, -2.876675708012107 ], [ -78.993266821886493, -2.876758415381625 ], [ -78.993159500957034, -2.876833631559238 ], [ -78.992774392683302, -2.876864144338172 ], [ -78.992481206628142, -2.87678044505799 ], [ -78.992339173345798, -2.876702256836796 ], [ -78.99219187822041, -2.876701996587389 ], [ -78.99209104555932, -2.876769358024286 ], [ -78.992000591268294, -2.876764044559097 ], [ -78.991915262794876, -2.876758649731185 ], [ -78.991858462755644, -2.876740376048023 ], [ -78.991773355879147, -2.876659666368669 ], [ -78.99153591558408, -2.876477332883475 ], [ -78.99144171729256, -2.876401851178032 ], [ -78.991328262721041, -2.876282122786366 ], [ -78.991080408660252, -2.876141361533159 ], [ -78.990884074381313, -2.876107289913684 ], [ -78.990594542057252, -2.876145746666677 ], [ -78.990423746876786, -2.876316960754844 ], [ -78.990361376936974, -2.876501295780328 ], [ -78.990327309106434, -2.876750688771364 ], [ -78.990365893476707, -2.876849489501174 ], [ -78.990445870106583, -2.876932721755247 ], [ -78.990461190425606, -2.877067918339031 ], [ -78.990432638181531, -2.877145805027588 ], [ -78.990311064893874, -2.877194956232381 ], [ -78.990175342832373, -2.877210267417599 ], [ -78.989937361823479, -2.87733714979837 ], [ -78.989596140306816, -2.87741710518843 ], [ -78.989314394758367, -2.877476370421786 ], [ -78.988952514596932, -2.877491371533147 ], [ -78.988813097659701, -2.87745993179341 ], [ -78.988780939060987, -2.877337725168754 ], [ -78.988729509417723, -2.87723112610258 ], [ -78.988546189257818, -2.877108651882176 ], [ -78.988378312076804, -2.877051212852063 ], [ -78.988169105379328, -2.877024893544749 ], [ -78.987851234804964, -2.877019086633351 ], [ -78.987662411273547, -2.877112330938288 ], [ -78.987605438609791, -2.877192698680113 ], [ -78.98755990653973, -2.877364133790181 ], [ -78.987518227526863, -2.877543351336235 ], [ -78.987344446123103, -2.877930197061411 ], [ -78.987240874563796, -2.878020970211959 ], [ -78.987160806117942, -2.878041623583849 ], [ -78.986985005517468, -2.878041312020657 ], [ -78.986793910121804, -2.877994138781141 ], [ -78.986680143028124, -2.878001803158773 ], [ -78.98663359801381, -2.878032823124145 ], [ -78.986618030806355, -2.878090027691422 ], [ -78.986641140082057, -2.878141966384328 ], [ -78.986635941508453, -2.878183547682143 ], [ -78.986573766613247, -2.878256220856876 ], [ -78.986524563536676, -2.878315897382501 ], [ -78.986444368694379, -2.878357345710124 ], [ -78.986288004147326, -2.878401190565019 ], [ -78.986236270820683, -2.878416650063601 ], [ -78.985941526126879, -2.87850455238755 ], [ -78.985776129434555, -2.878519810265811 ], [ -78.985737376987004, -2.878517119521151 ], [ -78.985701178727567, -2.878493728475317 ], [ -78.985670323895306, -2.8783974731384 ], [ -78.985670478877736, -2.878309138832277 ], [ -78.985688853130256, -2.878189643972744 ], [ -78.985676186640944, -2.878028593984828 ], [ -78.985637625656992, -2.877916773764422 ], [ -78.985552510314946, -2.877841307869204 ], [ -78.985469794514628, -2.877833295145927 ], [ -78.985368908132898, -2.877879950713943 ], [ -78.985229255848182, -2.877931600693148 ], [ -78.98510525138812, -2.877931380725994 ], [ -78.984884391486418, -2.877884244846598 ], [ -78.984780970322646, -2.877889305379237 ], [ -78.984643975985804, -2.877912389143117 ], [ -78.984555865445927, -2.878057709000729 ], [ -78.98440300730671, -2.878306890069704 ], [ -78.984288994124341, -2.878454785895713 ], [ -78.984214037719568, -2.878483223680238 ], [ -78.984120925825721, -2.878506475629624 ], [ -78.984048709452892, -2.878459603387326 ], [ -78.983989388655687, -2.878391958814102 ], [ -78.983948233763044, -2.878272358434947 ], [ -78.983878758963485, -2.87809809772908 ], [ -78.983850443502277, -2.878040905814956 ], [ -78.983809096995429, -2.87803043481005 ], [ -78.983721100374495, -2.878110837473583 ], [ -78.983617618656965, -2.878201610238494 ], [ -78.983545061524111, -2.878297591487081 ], [ -78.983517781427892, -2.878367704303338 ], [ -78.983517662802015, -2.878435243339978 ], [ -78.983556269247472, -2.878521024350317 ], [ -78.983636199343607, -2.878630295963464 ], [ -78.98379087132534, -2.878833278784082 ], [ -78.983826987247966, -2.878903504177784 ], [ -78.983826841302687, -2.878986594386511 ], [ -78.983806081243685, -2.87903076996915 ], [ -78.983746509528004, -2.879105979043475 ], [ -78.983674043460482, -2.879150062795757 ], [ -78.983583553123012, -2.879165453293564 ], [ -78.983516288951733, -2.879217321870088 ], [ -78.983430890902696, -2.879302882643034 ], [ -78.983371373800082, -2.8793469893592 ], [ -78.983284635935306, -2.87942739413014 ], [ -78.983212223380107, -2.879492182719283 ], [ -78.983144832708319, -2.879564846234884 ], [ -78.983062083386244, -2.87962708484645 ], [ -78.982943058501377, -2.879709963782779 ], [ -78.982878275582308, -2.879782631895049 ], [ -78.982769576735393, -2.87992529275775 ], [ -78.982702108279398, -2.880042168486062 ], [ -78.982624384232949, -2.880161467147601 ], [ -78.981867020539198, -2.879562575287883 ], [ -78.981528897662329, -2.879312522253682 ], [ -78.981087370679603, -2.879109119731653 ], [ -78.980621071089402, -2.879032885340095 ], [ -78.980543570887235, -2.879024971911046 ], [ -78.980256697307013, -2.87903485922508 ], [ -78.979822383230385, -2.879127574400139 ], [ -78.979216088501545, -2.879298010324648 ], [ -78.978869574407227, -2.879422164434281 ], [ -78.978440302049009, -2.879613619633524 ], [ -78.977895816303501, -2.879919242622251 ], [ -78.977629304652552, -2.880111077645025 ], [ -78.976461304892112, -2.880815668454075 ], [ -78.976269818116336, -2.880940097693632 ], [ -78.975711077981501, -2.881271642031049 ], [ -78.975130327583926, -2.881642114798479 ], [ -78.974840474757229, -2.881862477545931 ], [ -78.974636055422238, -2.882028382957305 ], [ -78.974504007605589, -2.882152917753635 ], [ -78.974322846184478, -2.882337037681044 ], [ -78.974561097820413, -2.882311966606434 ], [ -78.975447232713023, -2.882244924956104 ], [ -78.975917260337894, -2.882195584379138 ], [ -78.976145791256698, -2.882124746311439 ], [ -78.976504331235361, -2.882014538974815 ], [ -78.976950848922044, -2.881885953601417 ], [ -78.97712934671911, -2.881886271946528 ], [ -78.977273636347391, -2.881907686051924 ], [ -78.977391697855992, -2.881963320142623 ], [ -78.977525267915752, -2.88214827339682 ], [ -78.977593296163676, -2.882275154639851 ], [ -78.977803508028586, -2.882903723590633 ], [ -78.977996820762186, -2.883426659350097 ], [ -78.978285389657984, -2.883577622371853 ], [ -78.97850053150691, -2.883654586440702 ], [ -78.978681590966957, -2.883681310107093 ], [ -78.978882404312117, -2.883673711757728 ], [ -78.979268533110059, -2.883574131299572 ], [ -78.979675595635598, -2.883485075965304 ], [ -78.979935498116006, -2.883472338703505 ], [ -78.980099481498939, -2.883493787718527 ], [ -78.980322565023442, -2.883554852837657 ], [ -78.980561287413522, -2.88367145987044 ], [ -78.980857460421049, -2.883896304163529 ], [ -78.981127502882202, -2.884100035490225 ], [ -78.98140982922888, -2.884068893491098 ], [ -78.981824604063831, -2.884043231257662 ], [ -78.98205037015606, -2.884062077663368 ], [ -78.982215679480191, -2.884096729249753 ], [ -78.982454439830477, -2.88419208889458 ], [ -78.982668164015394, -2.884308651226729 ], [ -78.983387814705409, -2.884877460456658 ], [ -78.984193928409923, -2.88552291383292 ], [ -78.985222824450886, -2.886350857527663 ], [ -78.986099754242559, -2.887022928331747 ], [ -78.986793165023769, -2.887583734644278 ], [ -78.987879817173678, -2.888451382682677 ], [ -78.988903517583651, -2.889271451431235 ], [ -78.989853772730143, -2.8900280093084 ], [ -78.990378100699772, -2.890451266425025 ], [ -78.990619360148401, -2.890610101068384 ], [ -78.990839665477395, -2.890718718499359 ], [ -78.991124371014962, -2.8908194938605 ], [ -78.992330061791904, -2.891141069423648 ], [ -78.993708951615901, -2.891513041199188 ], [ -78.995074813481253, -2.891879744760861 ], [ -78.995326663269609, -2.891948816128563 ], [ -78.995659990069299, -2.892015319503089 ], [ -78.99620310691887, -2.892187889488441 ], [ -78.996434120168274, -2.892190921044796 ], [ -78.996432442616793, -2.892378347705534 ], [ -78.996492413775812, -2.893357735459515 ], [ -78.996542818433824, -2.894561425128102 ], [ -78.997935993640937, -2.894278818034696 ], [ -78.999057384095693, -2.894064352171143 ], [ -79.000362764452845, -2.893797769970042 ], [ -79.000049631191999, -2.892160796715025 ], [ -78.999795477678745, -2.890786945127081 ], [ -78.999592143924758, -2.889508842657959 ], [ -78.999425871942037, -2.888428995310256 ], [ -78.999178509102535, -2.887027851317304 ], [ -78.999001997203649, -2.885992379982565 ], [ -78.998931086343049, -2.885712149568997 ], [ -78.998383846857237, -2.885840927980587 ], [ -78.998372895855042, -2.885263610140089 ], [ -78.998400931145198, -2.884812670642638 ], [ -78.998496686326703, -2.884460945353011 ], [ -78.998812983942656, -2.883310161537514 ], [ -78.999006100172579, -2.882664850041334 ], [ -78.998320952376488, -2.88194963516809 ], [ -78.99829920073941, -2.881737754905436 ], [ -78.998337587241863, -2.881177522109275 ], [ -78.998359019451925, -2.880593389866536 ], [ -78.998349715777479, -2.880050161306514 ], [ -78.998598782341006, -2.879497171407258 ], [ -78.999231366310696, -2.879156608729555 ], [ -78.999833155395592, -2.878942481619476 ], [ -79.00010827698523, -2.879021536781007 ], [ -79.000399119580777, -2.878799989979184 ], [ -79.000477424661497, -2.878707814231252 ], [ -79.000539013532119, -2.878455122537719 ], [ -79.000491610147449, -2.87835938008442 ], [ -79.000335523833641, -2.878243012510011 ], [ -79.000182842871368, -2.878133432050272 ], [ -79.000013047351615, -2.878092084704135 ], [ -78.999883975594216, -2.878057680587043 ], [ -78.99992010390082, -2.877811815691857 ], [ -78.999917376964419, -2.877415522402056 ], [ -78.999836279861555, -2.877148836522379 ], [ -78.999334113942737, -2.8767516640162 ], [ -78.998538230548633, -2.876213921736361 ], [ -78.998277015711224, -2.875947009260535 ], [ -78.998089040252879, -2.875605000681315 ], [ -78.997953724549205, -2.875283609038463 ], [ -78.997933537969217, -2.875153737851992 ], [ -78.997940509046217, -2.875075179674664 ], [ -78.997964409599518, -2.874982998672444 ], [ -78.998025688741578, -2.874907971875425 ], [ -78.998134591978015, -2.87485346265991 ], [ -78.99826710946752, -2.874819519159192 ], [ -78.99919145508666, -2.874759663916031 ], [ -78.99960081961359, -2.874794560973714 ], [ -79.000110318862454, -2.874904768813599 ], [ -79.000480721165246, -2.874850809617225 ], [ -79.000846165128479, -2.874752357402028 ], [ -79.001138572974028, -2.874663993536448 ], [ -79.001301998201967, -2.874490051133189 ], [ -79.001755416420664, -2.873599175192526 ], [ -79.001825528878143, -2.873356805300975 ], [ -79.002099285840643, -2.872253770734208 ], [ -79.002253574164811, -2.871437503408969 ], [ -79.002222790068984, -2.871351193446361 ], [ -79.001835151589489, -2.871337041306472 ], [ -79.001817172152059, -2.871333935639274 ], [ -79.001808457699212, -2.871329218763405 ], [ -79.001797317028718, -2.871323503063961 ], [ -79.001784827343386, -2.871317875411732 ], [ -79.00177674078823, -2.871314063787949 ], [ -79.001773330745223, -2.871309989127308 ], [ -79.001758964118451, -2.871297757885088 ], [ -79.001751243695153, -2.871290239888653 ], [ -79.001742802782218, -2.871283353532672 ], [ -79.001737862463941, -2.871280180336198 ], [ -79.001721958969469, -2.871272647976765 ], [ -79.001701745095261, -2.871261672281411 ], [ -79.001683958066906, -2.871251333750676 ], [ -79.001660957810088, -2.871239629844368 ], [ -79.001639483276804, -2.871229646500965 ], [ -79.001620164404827, -2.871221113581183 ], [ -79.001602104938172, -2.871212311626882 ], [ -79.001582158640986, -2.871202602210574 ], [ -79.001570672878316, -2.87118847731013 ], [ -79.001568792640811, -2.871183772429938 ], [ -79.001558565341298, -2.871169920983578 ], [ -79.001544838547417, -2.87115172347486 ], [ -79.001530571111985, -2.871134157922235 ], [ -79.001527429743035, -2.871130716638413 ], [ -79.00151531294479, -2.871117494780647 ], [ -79.001513432079548, -2.871113151559464 ], [ -79.001497266511151, -2.871101188404874 ], [ -79.001493491907866, -2.871099915969372 ], [ -79.001482634514957, -2.871086425077422 ], [ -79.001480483407406, -2.87108235262693 ], [ -79.001467106420591, -2.87106985187729 ], [ -79.001463695280535, -2.871066410120011 ], [ -79.001452476623029, -2.871053822744001 ], [ -79.001448706415673, -2.871050018696494 ], [ -79.001434787688794, -2.871038782805905 ], [ -79.001425455862346, -2.871027102891904 ], [ -79.001416751147971, -2.871016780303593 ], [ -79.001404277796595, -2.871001749520742 ], [ -79.00139252713285, -2.8709848212918 ], [ -79.001389148646908, -2.870962573274673 ], [ -79.001384780998805, -2.870940323521317 ], [ -79.001384519390683, -2.870935621482812 ], [ -79.001382031979261, -2.87091807660925 ], [ -79.001381499500752, -2.870914007000187 ], [ -79.001375594984282, -2.870896456128667 ], [ -79.001374974779736, -2.870891120555843 ], [ -79.001371207241732, -2.870885779458547 ], [ -79.001366277130629, -2.870876729306193 ], [ -79.001362508022822, -2.870872292356025 ], [ -79.001358833548437, -2.870865143122423 ], [ -79.001353811472825, -2.870857268203515 ], [ -79.00135076112764, -2.870853194174967 ], [ -79.001345739052098, -2.870845319256098 ], [ -79.001339816011665, -2.87083843732064 ], [ -79.001337032141308, -2.870836262474521 ], [ -79.001321854641333, -2.870824933960607 ], [ -79.001318351380604, -2.870822757851764 ], [ -79.001303439884794, -2.870813599764332 ], [ -79.001299396453391, -2.870811784367237 ], [ -79.001282863032813, -2.870804522147386 ], [ -79.001277922090381, -2.870801710610057 ], [ -79.001263281465754, -2.87079192009313 ], [ -79.001261130359069, -2.870787847643121 ], [ -79.001248023149031, -2.870775347368477 ], [ -79.001242452897287, -2.870772444311503 ], [ -79.00122564531091, -2.870767713229613 ], [ -79.001221869139485, -2.870767344941204 ], [ -79.001203796026701, -2.870766409066698 ], [ -79.001200384417274, -2.870763238553897 ], [ -79.001183579500491, -2.870756970421696 ], [ -79.001178906289212, -2.870755334748874 ], [ -79.001161741677706, -2.870749065985114 ], [ -79.001154906841677, -2.870749415647202 ], [ -79.001139355520948, -2.870746223824291 ], [ -79.001133778676078, -2.870747118184389 ], [ -79.001115703994671, -2.870747086455719 ], [ -79.001104732664629, -2.870747428856157 ], [ -79.001093851415433, -2.870747680999648 ], [ -79.001085130378186, -2.870746761540586 ], [ -79.001072361828633, -2.870746377466025 ], [ -79.001067419788498, -2.870744198831159 ], [ -79.001051513012854, -2.870738565179129 ], [ -79.001047471937696, -2.870735393561208 ], [ -79.0010328295905, -2.870726597604899 ], [ -79.001027527855484, -2.870724418338533 ], [ -79.001011356333436, -2.87071589094258 ], [ -79.001007315258519, -2.870712719324648 ], [ -79.000992942683482, -2.870703923841825 ], [ -79.00098926067578, -2.870701114514091 ], [ -79.000977053808015, -2.870687982914855 ], [ -79.000973373998477, -2.870683907781501 ], [ -79.000962156920593, -2.870670416260094 ], [ -79.000958475541111, -2.870667245273642 ], [ -79.000945996233568, -2.870655650250679 ], [ -79.000942857693957, -2.870650581502982 ], [ -79.000929479149079, -2.870638984901447 ], [ -79.00092480468318, -2.870638072545659 ], [ -79.000913318462977, -2.87062421889215 ], [ -79.000911166729878, -2.870620508101309 ], [ -79.000896799024318, -2.870608909763359 ], [ -79.000892129582866, -2.870605104137653 ], [ -79.000879109164117, -2.870594412314522 ], [ -79.000875696928389, -2.870591603460469 ], [ -79.000861958218977, -2.87058027747167 ], [ -79.00085665428719, -2.870579364010765 ], [ -79.000842375407586, -2.870568398733491 ], [ -79.000839593266406, -2.870565229325774 ], [ -79.000824053413453, -2.870555437229236 ], [ -79.000820282582083, -2.870551994840938 ], [ -79.000804735507074, -2.870546361819647 ], [ -79.000797544903961, -2.870544450481889 ], [ -79.0007838917236, -2.870535656261955 ], [ -79.000778860389786, -2.870533115810258 ], [ -79.000763587954239, -2.87052468040733 ], [ -79.000760532744906, -2.870523409234264 ], [ -79.000744002005305, -2.870514609962361 ], [ -79.000739960932108, -2.870511438344483 ], [ -79.000724418255103, -2.870503273711836 ], [ -79.000720375454861, -2.870501096655374 ], [ -79.000704832307207, -2.870493203266687 ], [ -79.000700159412801, -2.870491386763779 ], [ -79.000680482442675, -2.87048194906334 ], [ -79.000642820253901, -2.870472751031533 ], [ -79.0006079521403, -2.870459850891738 ], [ -79.000569066195439, -2.87043039776275 ], [ -79.000564663858142, -2.870428129659934 ], [ -79.000551275428677, -2.870422229182347 ], [ -79.0005394120913, -2.870418410925996 ], [ -79.000520454043993, -2.870409245731624 ], [ -79.000484324805257, -2.870397609185249 ], [ -79.000466617525873, -2.87039314776329 ], [ -79.000437044084208, -2.8703864955481 ], [ -79.000421494817928, -2.870382128329659 ], [ -79.000396600080535, -2.870373947274837 ], [ -79.000378535777472, -2.87036794817128 ], [ -79.000367931374356, -2.870364132124423 ], [ -79.000362988239573, -2.870362586391169 ], [ -79.000331542106821, -2.870346889393072 ], [ -79.00031474553127, -2.870335829279014 ], [ -79.00029355510047, -2.870317618670511 ], [ -79.000287625003907, -2.870314805395177 ], [ -79.000271453969418, -2.870306006752616 ], [ -79.000229103673206, -2.870303762430708 ], [ -79.000211655333814, -2.870305540090853 ], [ -79.000206706703324, -2.870307158869881 ], [ -79.000189525308343, -2.87031056446694 ], [ -79.00018610381035, -2.870313090076678 ], [ -79.000168646676471, -2.87031993095611 ], [ -79.000164237117033, -2.870321821926231 ], [ -79.000147140306098, -2.870328301778208 ], [ -79.000143991249004, -2.870329290812487 ], [ -79.000125903549744, -2.870336763488048 ], [ -79.000105927452694, -2.870344232846998 ], [ -79.00010061708565, -2.870347026384031 ], [ -79.000084419825669, -2.870353326984386 ], [ -79.000080370118013, -2.870355128171032 ], [ -79.000017330390278, -2.870408633508111 ], [ -79.000012378618266, -2.870412060578496 ], [ -78.999998692781332, -2.870422072598561 ], [ -78.999994284321048, -2.870423330665102 ], [ -78.999978354318159, -2.870431078370712 ], [ -78.999973404587905, -2.870433330050548 ], [ -78.999956578646405, -2.870439177469079 ], [ -78.999951900886231, -2.870440163817696 ], [ -78.999935974652942, -2.870445741571168 ], [ -78.999930666327359, -2.870447359716585 ], [ -78.999914469851717, -2.870453208239701 ], [ -78.99990826338869, -2.870454191903218 ], [ -78.999890812850694, -2.870457235361279 ], [ -78.999887394022338, -2.870458223920636 ], [ -78.999870306949134, -2.870459098058971 ], [ -78.99986527059383, -2.870459450872994 ], [ -78.999847824454378, -2.870459962720701 ], [ -78.99984350811701, -2.870459955139617 ], [ -78.999824173894353, -2.87046028284099 ], [ -78.999820756322748, -2.870460548083098 ], [ -78.999802680560791, -2.870461149239136 ], [ -78.99979737506294, -2.870461139920504 ], [ -78.999780199009393, -2.87046147141174 ], [ -78.999775256033942, -2.87045983526156 ], [ -78.99975745648419, -2.870456729891215 ], [ -78.999753412117386, -2.870455456978949 ], [ -78.999735703120038, -2.870451990107807 ], [ -78.999731028187881, -2.870451348992185 ], [ -78.999713858261742, -2.870448154312351 ], [ -78.999709542396062, -2.870447875486939 ], [ -78.999690486272172, -2.870443411685241 ], [ -78.999687155168473, -2.870445666206509 ], [ -78.999668450570766, -2.870445904596398 ], [ -78.999662516078899, -2.870445622927678 ], [ -78.999646328716196, -2.87044622739835 ], [ -78.999641653313091, -2.870445857526251 ], [ -78.999624469092254, -2.870450890575205 ], [ -78.999619790390099, -2.870452419409911 ], [ -78.999603587788926, -2.870461794097357 ], [ -78.999600437160922, -2.870463687275687 ], [ -78.999583338621932, -2.870471161676183 ], [ -78.999579199933137, -2.87047242021456 ], [ -78.999563988063187, -2.870480892492477 ], [ -78.999558677695731, -2.870483686025603 ], [ -78.999543377158815, -2.870491434828189 ], [ -78.999539955031466, -2.870494322093029 ], [ -78.999523397133956, -2.870501164537553 ], [ -78.999518717331952, -2.870503326273866 ], [ -78.999503149066172, -2.870509899211743 ], [ -78.999499724424965, -2.870514233110052 ], [ -78.999486484590818, -2.870526325445729 ], [ -78.999482791278268, -2.870530025967762 ], [ -78.999472156245318, -2.870543840761733 ], [ -78.999469002946086, -2.870547270987661 ], [ -78.999457469932878, -2.870560360884677 ], [ -78.999454674128614, -2.870565057546876 ], [ -78.999444940060059, -2.870577879359227 ], [ -78.999440884695616, -2.870582935468062 ], [ -78.999430611084591, -2.870595756332199 ], [ -78.999426288148697, -2.870599546162505 ], [ -78.99941287003665, -2.870610734034091 ], [ -78.999408729147746, -2.870613258375776 ], [ -78.999391631706487, -2.870620099868718 ], [ -78.999386952375332, -2.870621990360172 ], [ -78.999371025513156, -2.870627929760409 ], [ -78.999365722687116, -2.870626383391031 ], [ -78.999346747219093, -2.870627254201767 ], [ -78.999343330119245, -2.870627248198223 ], [ -78.999326154224974, -2.870627489266152 ], [ -78.99932147819365, -2.870627481050691 ], [ -78.999303677547843, -2.870625008574469 ], [ -78.999299004345005, -2.870623372896197 ], [ -78.999282199459671, -2.870617104744614 ], [ -78.999278157765431, -2.870614294782522 ], [ -78.999260443901335, -2.870613630755695 ], [ -78.999253881672999, -2.870612353417807 ], [ -78.999240106379972, -2.870622094020602 ], [ -78.999236415737997, -2.870624257492984 ], [ -78.999225149664923, -2.870638975321844 ], [ -78.99922451265644, -2.870643314116268 ], [ -78.999224842337185, -2.870660583935297 ], [ -78.999221057371386, -2.870665278858078 ], [ -78.999216081083432, -2.870682810598796 ], [ -78.999212837388129, -2.870686511908983 ], [ -78.999205076765747, -2.870702140044982 ], [ -78.999202192607925, -2.870705932401675 ], [ -78.999187514304879, -2.870717841372831 ], [ -78.999183825391142, -2.870719010284274 ], [ -78.999166998191356, -2.870725581002037 ], [ -78.999161689394185, -2.870727470385928 ], [ -78.999144236657415, -2.870731779632441 ], [ -78.999139198731342, -2.870733036588116 ], [ -78.999122379074905, -2.870735267404763 ], [ -78.999118328737751, -2.870737430244283 ], [ -78.999101505938313, -2.870741469352254 ], [ -78.999097455601145, -2.870743632191671 ], [ -78.999080278450393, -2.870744596571298 ], [ -78.999074343487848, -2.87074458614227 ], [ -78.999056626480936, -2.870745730402598 ], [ -78.999051588554963, -2.870746987357758 ], [ -78.999033866519071, -2.870751024884285 ], [ -78.999030087996047, -2.870752012807849 ], [ -78.999012636359879, -2.870755689149669 ], [ -78.999008317823325, -2.87075694736876 ], [ -78.998990512936359, -2.870756916080327 ], [ -78.998985833133474, -2.870759077812981 ], [ -78.998968650011207, -2.870763477944642 ], [ -78.998966213899394, -2.87076817523599 ], [ -78.998953692819867, -2.870780630481911 ], [ -78.998952424615467, -2.870785962729539 ], [ -78.998943062180402, -2.870791913656633 ], [ -78.99893649020818, -2.870796242020145 ], [ -78.998931537805049, -2.87080003074067 ], [ -78.99891686452932, -2.870809046439113 ], [ -78.998913712799975, -2.870811572516069 ], [ -78.998896266507614, -2.87081217475971 ], [ -78.998889787602437, -2.87081469498931 ], [ -78.998874510952319, -2.870808700761648 ], [ -78.998869838693807, -2.870806522594086 ], [ -78.998854566916577, -2.870797725514582 ], [ -78.998851157518985, -2.870793289195233 ], [ -78.99883308930653, -2.870789550432471 ], [ -78.998828415476481, -2.870788276410557 ], [ -78.998811591577862, -2.870792948414964 ], [ -78.998806914447059, -2.870793573098896 ], [ -78.998790988213287, -2.870799150828952 ], [ -78.998785318621358, -2.870801672480218 ], [ -78.9987694812109, -2.870807883269844 ], [ -78.998765073379587, -2.870808779671368 ], [ -78.998747986783442, -2.870809382544886 ], [ -78.998715252841777, -2.87081031957618 ], [ -78.998697446385279, -2.870811192428201 ] ] ] ] } },
{ "type": "Feature", "properties": { "DESCRIP": "Monay", "CODIGO": "08", "AREA": 5105152.02, "SHAPE_LENG": 11916.195803799999, "SHAPE_AREA": 5105152.0286400001 }, "geometry": { "type": "MultiPolygon", "coordinates": [ [ [ [ -78.96663740297781, -2.89057311170287 ], [ -78.966594497818832, -2.890680716465739 ], [ -78.966571455893515, -2.890743331255881 ], [ -78.966484341528059, -2.890882772298758 ], [ -78.966351886250493, -2.890982530874332 ], [ -78.966246810632725, -2.891058198394504 ], [ -78.966131984188038, -2.891105277848446 ], [ -78.966013869831286, -2.891130290600018 ], [ -78.965965211440562, -2.891135718257742 ], [ -78.96565370692386, -2.89109013216544 ], [ -78.965555346488273, -2.891081094717749 ], [ -78.965455875436632, -2.891089776203751 ], [ -78.965340587850989, -2.89109282361502 ], [ -78.965314296905248, -2.891111491784391 ], [ -78.965262792272625, -2.891200365437373 ], [ -78.965157569819581, -2.891358489127477 ], [ -78.965067071424698, -2.891529749165827 ], [ -78.965001286464968, -2.891608742063991 ], [ -78.96489843533702, -2.891697613644993 ], [ -78.964840319286239, -2.891762335083322 ], [ -78.964761964408623, -2.891880906173073 ], [ -78.964722468186409, -2.89199294707316 ], [ -78.964679580305216, -2.892090696618616 ], [ -78.964654397773202, -2.892143361998643 ], [ -78.964601180435366, -2.892234492788867 ], [ -78.96456163906376, -2.892371849194889 ], [ -78.964535152359602, -2.89250036864079 ], [ -78.964500058567239, -2.892564046528331 ], [ -78.964359118344035, -2.892833042258268 ], [ -78.964248396486781, -2.892998840851662 ], [ -78.964156751904341, -2.893207529490935 ], [ -78.963829659771591, -2.893128732939577 ], [ -78.963407824282029, -2.892928793181514 ], [ -78.962585576825148, -2.892214586843591 ], [ -78.96151362312014, -2.894115028286163 ], [ -78.961427313785066, -2.894256368430036 ], [ -78.960595009202322, -2.895397772528355 ], [ -78.960800921818645, -2.895555914610091 ], [ -78.960951853171579, -2.895684934908889 ], [ -78.961250895569734, -2.895961324204658 ], [ -78.96155563104162, -2.896272532705813 ], [ -78.962635113539278, -2.897460788041327 ], [ -78.963052545813653, -2.897911164705208 ], [ -78.963363049828118, -2.898215422055463 ], [ -78.963660963885872, -2.89846974881289 ], [ -78.963910070743026, -2.898661693003588 ], [ -78.964117801402608, -2.898809531429655 ], [ -78.964292506314962, -2.898920240952713 ], [ -78.964579788009445, -2.899086034319912 ], [ -78.964767830044096, -2.899180945648165 ], [ -78.964744589292749, -2.899203506923696 ], [ -78.964728736515426, -2.899218125198597 ], [ -78.964696991081652, -2.899269693661754 ], [ -78.96467057473248, -2.899308071458575 ], [ -78.964638807979128, -2.899371574380525 ], [ -78.964600476606421, -2.899435155860505 ], [ -78.964567443801087, -2.899502634656698 ], [ -78.964546382690173, -2.899513174940924 ], [ -78.964508105884875, -2.89954619695188 ], [ -78.964502767103085, -2.899564812368246 ], [ -78.964509296191409, -2.899584624579773 ], [ -78.964469746073462, -2.899625691035032 ], [ -78.964440755174522, -2.899645439111556 ], [ -78.964401103338858, -2.899693105518044 ], [ -78.964381265630081, -2.899723538839112 ], [ -78.964282304276907, -2.899798854891546 ], [ -78.964225581078807, -2.899838534121223 ], [ -78.964212414376391, -2.899859666955559 ], [ -78.964192567290453, -2.899895344197278 ], [ -78.964131823461273, -2.899970819651538 ], [ -78.964076321386131, -2.900031657679992 ], [ -78.964028822543042, -2.900092510157435 ], [ -78.964011696751882, -2.900114992026398 ], [ -78.963998425899675, -2.900144080996775 ], [ -78.963964063063088, -2.900200979027542 ], [ -78.963925760044049, -2.90024864782557 ], [ -78.963907226252488, -2.900304218251716 ], [ -78.963879444338417, -2.900351906050591 ], [ -78.963846411602049, -2.900419294362795 ], [ -78.963825288907174, -2.900464281801824 ], [ -78.963796281171838, -2.900493432744425 ], [ -78.96375656301602, -2.900578168235209 ], [ -78.963734089188222, -2.900624419006371 ], [ -78.963715595448818, -2.900657567104859 ], [ -78.963694344998615, -2.900723710909069 ], [ -78.963682451171209, -2.900787340058933 ], [ -78.963675749436987, -2.900813818911765 ], [ -78.963666476753275, -2.900819678990481 ], [ -78.96365457590754, -2.900836926337861 ], [ -78.963634752369501, -2.900859403312627 ], [ -78.963607081677779, -2.900895156792984 ], [ -78.963583282567839, -2.900928204882937 ], [ -78.963551555914236, -2.900969194974053 ], [ -78.963517204810856, -2.901019492841349 ], [ -78.963489498709549, -2.901075046659504 ], [ -78.963472249822814, -2.901116062909701 ], [ -78.963459066430943, -2.901146508205751 ], [ -78.9634443849246, -2.901210132301591 ], [ -78.963433811752694, -2.901239226121528 ], [ -78.963425763444761, -2.901314706285405 ], [ -78.963425723189999, -2.901337219006761 ], [ -78.963415135787415, -2.901374269128342 ], [ -78.96339528377645, -2.901412658694619 ], [ -78.963359699896884, -2.901448307436438 ], [ -78.963298991459851, -2.901503891989564 ], [ -78.963267305031806, -2.901522369334586 ], [ -78.963243527234567, -2.901543482947401 ], [ -78.963215840012509, -2.901588458474565 ], [ -78.963198593361895, -2.901628208932383 ], [ -78.9631880344038, -2.90164934644068 ], [ -78.963164246899638, -2.901675884800056 ], [ -78.963108858355127, -2.901723432205939 ], [ -78.96305604914275, -2.901786896923582 ], [ -78.963028295591613, -2.901818672047085 ], [ -78.963000506620062, -2.901870247508608 ], [ -78.962975436555382, -2.901909983807322 ], [ -78.962935869782768, -2.901960272186151 ], [ -78.962905475265757, -2.902010577148699 ], [ -78.962889444988434, -2.902074108354564 ], [ -78.962885410039405, -2.902117860850712 ], [ -78.962873464353976, -2.90216015243473 ], [ -78.962852336700038, -2.902207852178983 ], [ -78.962810024783678, -2.902284626524921 ], [ -78.962804702759527, -2.902293839003642 ], [ -78.962784935951277, -2.90228458114627 ], [ -78.962766522858587, -2.902272613353608 ], [ -78.96274418384148, -2.902243460030164 ], [ -78.962728380976174, -2.902230140767053 ], [ -78.962702047444608, -2.902222136810902 ], [ -78.962677048539405, -2.902222091593476 ], [ -78.96265592818132, -2.902215453257868 ], [ -78.96262960419665, -2.902202114963784 ], [ -78.962613919569293, -2.90217297367761 ], [ -78.962607279421519, -2.902165005342114 ], [ -78.962594223948429, -2.90212393432509 ], [ -78.962584983120024, -2.902111983123369 ], [ -78.96257185420076, -2.902111959375693 ], [ -78.962558590382898, -2.902137070136091 ], [ -78.962548052599146, -2.902146363590945 ], [ -78.96253888295476, -2.902094630896051 ], [ -78.96251273660701, -2.901982019696073 ], [ -78.962499704916226, -2.901927658046841 ], [ -78.962491883968553, -2.901876018206379 ], [ -78.962481460074798, -2.901821661275132 ], [ -78.96246965173053, -2.901787192650536 ], [ -78.962451224413542, -2.901783181158898 ], [ -78.962426227948427, -2.901781779755572 ], [ -78.962369575785374, -2.901781677285319 ], [ -78.962286592537438, -2.901772214668682 ], [ -78.962223335667602, -2.901744343527252 ], [ -78.962190430582226, -2.901740305843649 ], [ -78.962160128603372, -2.901738894838039 ], [ -78.962116704832809, -2.901733481933481 ], [ -78.962087647392522, -2.901740119912384 ], [ -78.962071799403049, -2.90175202572622 ], [ -78.962054661734754, -2.901781107628987 ], [ -78.962013701109612, -2.901856528172054 ], [ -78.961992512000265, -2.901888315124329 ], [ -78.961941046916365, -2.901954404141326 ], [ -78.961902743750343, -2.902002072767056 ], [ -78.961890843027845, -2.902019229655249 ], [ -78.961906605579117, -2.902055061620813 ], [ -78.961921019269752, -2.902090891146256 ], [ -78.961924928512971, -2.90211738915302 ], [ -78.961914338618854, -2.902155795406892 ], [ -78.961898424268085, -2.902204770316396 ], [ -78.961850835276735, -2.902265622389941 ], [ -78.961831099177047, -2.902289455638814 ], [ -78.961795422884634, -2.90232646030033 ], [ -78.961763831209311, -2.902342225358709 ], [ -78.961729548771203, -2.902354097798646 ], [ -78.961684740522273, -2.902368573157013 ], [ -78.961664947676013, -2.902373871687438 ], [ -78.961625343206933, -2.902394956588963 ], [ -78.961604284301288, -2.902404230986281 ], [ -78.961579209729933, -2.902396229285134 ], [ -78.961544960476161, -2.902389567169278 ], [ -78.961516007354561, -2.902388158575937 ], [ -78.961496221631862, -2.902389478955911 ], [ -78.961479102874051, -2.902407982578779 ], [ -78.961475101212017, -2.902433110071062 ], [ -78.961476428704515, -2.902445046952388 ], [ -78.961456714209973, -2.902406585865068 ], [ -78.961444870296631, -2.902392007980605 ], [ -78.961418562855528, -2.902369447598524 ], [ -78.961368546385017, -2.902329575475081 ], [ -78.961327787238957, -2.902292432489183 ], [ -78.961296171856048, -2.902271218690603 ], [ -78.961248827052501, -2.90224590784897 ], [ -78.96123561534182, -2.902241905775815 ], [ -78.961218567657056, -2.902220718345665 ], [ -78.961193526285427, -2.902194182097068 ], [ -78.961109371891794, -2.902135713577946 ], [ -78.960932929501254, -2.902041364987152 ], [ -78.960776329592463, -2.90196423071915 ], [ -78.960713077021651, -2.901934008789707 ], [ -78.96067229427895, -2.901910066012395 ], [ -78.960653907304732, -2.901883541812323 ], [ -78.960617130929421, -2.901831849598695 ], [ -78.960578986914769, -2.901790642779616 ], [ -78.960549976934104, -2.901770789886356 ], [ -78.960513169801303, -2.901736276025515 ], [ -78.960511972556986, -2.901701826633304 ], [ -78.960492175037857, -2.901709747106218 ], [ -78.96045519022293, -2.901724236586229 ], [ -78.960431528402481, -2.901730793871474 ], [ -78.960409137338175, -2.901730753332747 ], [ -78.960381450314912, -2.901725368858442 ], [ -78.960355119114652, -2.901716099094271 ], [ -78.960253791783046, -2.90165624328475 ], [ -78.960213006638469, -2.9016336566899 ], [ -78.960195845417857, -2.901625669304657 ], [ -78.960170884458904, -2.901604467550792 ], [ -78.960152464304343, -2.901596477885965 ], [ -78.960112902473142, -2.901593784286391 ], [ -78.960066835350645, -2.901608257307678 ], [ -78.959886242046437, -2.901622486721619 ], [ -78.959890136990452, -2.901656940986377 ], [ -78.959886137579133, -2.901680802677611 ], [ -78.959882126343615, -2.901711264469147 ], [ -78.959878100853885, -2.901749682545903 ], [ -78.959879409381855, -2.901772197659906 ], [ -78.95988726810269, -2.901802680947613 ], [ -78.959897661080674, -2.901874216158489 ], [ -78.959900259020458, -2.901929915042683 ], [ -78.959904177770582, -2.901951078694949 ], [ -78.959902828611604, -2.902001436085666 ], [ -78.959897482764802, -2.902023939148154 ], [ -78.959890887377426, -2.902041196014932 ], [ -78.95987629361791, -2.90205572601629 ], [ -78.959860530846697, -2.902070253899885 ], [ -78.959831435517685, -2.902098048290513 ], [ -78.959802437239134, -2.902121864699757 ], [ -78.95978137608121, -2.902132404828646 ], [ -78.959745744813432, -2.902144274754788 ], [ -78.959698281656458, -2.902134876282152 ], [ -78.959681210363811, -2.902126889049234 ], [ -78.959667986684039, -2.902129577474359 ], [ -78.959664108127839, -2.902136170569618 ], [ -78.959652190698151, -2.902162639878169 ], [ -78.959637596935124, -2.902177169873146 ], [ -78.959609954640797, -2.902197010574489 ], [ -78.959599412152926, -2.902208925941436 ], [ -78.959562320552607, -2.902282997088303 ], [ -78.959547795322848, -2.902309461668612 ], [ -78.959520037012538, -2.902343858583785 ], [ -78.959519979976733, -2.902375683717942 ], [ -78.959523891585022, -2.902400825509221 ], [ -78.959525200097374, -2.902423340618928 ], [ -78.959512056940312, -2.902431273116533 ], [ -78.959498809599665, -2.902447161734365 ], [ -78.959508017159806, -2.902477647464264 ], [ -78.959515873429808, -2.902509486935269 ], [ -78.95952114102576, -2.902530653028839 ], [ -78.959519777906451, -2.902538606868517 ], [ -78.959502687653668, -2.902541197869983 ], [ -78.959498738129184, -2.902537212559583 ], [ -78.959500018454591, -2.902525280415408 ], [ -78.959486894255221, -2.902522634671396 ], [ -78.959469692688799, -2.902537159934453 ], [ -78.959464453277846, -2.902550441094164 ], [ -78.95947358987155, -2.902570348421017 ], [ -78.959478862165483, -2.902588892557414 ], [ -78.959472257365221, -2.902611393328685 ], [ -78.959470806412213, -2.902668350639836 ], [ -78.959470782752177, -2.90268155083705 ], [ -78.95946939824023, -2.902701439101111 ], [ -78.95945884391314, -2.902719954560824 ], [ -78.95945484447445, -2.902743816240998 ], [ -78.95945480169037, -2.902767685090474 ], [ -78.959454768467651, -2.902786219613735 ], [ -78.959467939808818, -2.902812734372808 ], [ -78.959482374785949, -2.902836629456358 ], [ -78.95947972663636, -2.902859137396161 ], [ -78.959463840697865, -2.902892199622874 ], [ -78.959516315608511, -2.902965167269337 ], [ -78.959558383163397, -2.903024825405919 ], [ -78.959616236831351, -2.90310711530195 ], [ -78.959647743276236, -2.903138907220033 ], [ -78.959687252799085, -2.90317080405296 ], [ -78.959725430156638, -2.903193385972613 ], [ -78.959776743555906, -2.903212013539138 ], [ -78.959851796904545, -2.903230684119768 ], [ -78.959878227442019, -2.903234710165162 ], [ -78.959913718917633, -2.903250687094194 ], [ -78.959949297888173, -2.903268020370779 ], [ -78.959988722366276, -2.903297204669161 ], [ -78.960015034463453, -2.903317143121574 ], [ -78.960040092486366, -2.903334366922818 ], [ -78.960067670652563, -2.90335032951315 ], [ -78.960137456091772, -2.903398193822626 ], [ -78.960162419496086, -2.903418039418852 ], [ -78.960184772510573, -2.903439326888036 ], [ -78.960211046698419, -2.903480421830513 ], [ -78.960233373626281, -2.90351626568879 ], [ -78.960246440804696, -2.903550736581347 ], [ -78.960245158209204, -2.90356393450383 ], [ -78.960247647228769, -2.903630211482642 ], [ -78.960318605604101, -2.903625728999278 ], [ -78.960378038789813, -2.903629543594962 ], [ -78.960412295335573, -2.903632137211573 ], [ -78.960433514993468, -2.903633531844396 ], [ -78.960436661851034, -2.903633808783387 ], [ -78.960453471987549, -2.90363700368046 ], [ -78.960461738037949, -2.903640906399845 ], [ -78.960469984806849, -2.903655568190599 ], [ -78.960479116558247, -2.903678187898656 ], [ -78.960472762404592, -2.903711357832699 ], [ -78.960447928597873, -2.903769719417899 ], [ -78.96044312842939, -2.903788787791775 ], [ -78.960431662856905, -2.90381399214992 ], [ -78.960416680682286, -2.903844524482842 ], [ -78.960408101268385, -2.903864942198442 ], [ -78.960398892385101, -2.903885358773249 ], [ -78.96038933466221, -2.903899717067929 ], [ -78.96038518275769, -2.903908298747269 ], [ -78.960378245474004, -2.903915609602608 ], [ -78.96036769453373, -2.903932226413425 ], [ -78.960357500048417, -2.903950652122823 ], [ -78.960353708974196, -2.903958601566961 ], [ -78.960348296348585, -2.903968175500617 ], [ -78.960341612144504, -2.903984799316861 ], [ -78.960331134758519, -2.904010547937378 ], [ -78.960326620239087, -2.904020756386523 ], [ -78.960318644521124, -2.904055550804377 ], [ -78.960306188153822, -2.904081657488409 ], [ -78.960296619568268, -2.904102073407962 ], [ -78.960279472233708, -2.904136489553987 ], [ -78.960272790457267, -2.904151757183064 ], [ -78.960263492776789, -2.904171540703864 ], [ -78.960256812134219, -2.904186175446092 ], [ -78.960250131815542, -2.904200629363437 ], [ -78.960232007953309, -2.904227991550746 ], [ -78.960219293801799, -2.904247407228241 ], [ -78.960206942750077, -2.904264924897812 ], [ -78.960174425187247, -2.904295515852388 ], [ -78.960146225764618, -2.904325120091703 ], [ -78.960123970573477, -2.904349581582176 ], [ -78.960109281977381, -2.904366823774365 ], [ -78.960101711815128, -2.90437603214304 ], [ -78.96007432689305, -2.90440274464969 ], [ -78.960055316262711, -2.904423143448753 ], [ -78.960034598207656, -2.904442906263836 ], [ -78.960016851215173, -2.904460685385335 ], [ -78.959999739365159, -2.904475301215319 ], [ -78.959979648993993, -2.904496059704679 ], [ -78.959971725455702, -2.904501741338046 ], [ -78.959951374552006, -2.904517345834173 ], [ -78.959943450365017, -2.904523389116476 ], [ -78.959926979330959, -2.904531677221755 ], [ -78.959911677959198, -2.904539605796364 ], [ -78.959877123578906, -2.904552652989914 ], [ -78.959851383061689, -2.904564992858292 ], [ -78.959833014540649, -2.904578340628363 ], [ -78.959799072604326, -2.904600882253254 ], [ -78.9597501023093, -2.904629544689484 ], [ -78.959742176499617, -2.904636492092273 ], [ -78.959735511249292, -2.904642537654049 ], [ -78.959722817676166, -2.90465047095176 ], [ -78.95970597559338, -2.904665087261612 ], [ -78.959686252370247, -2.904681687424931 ], [ -78.959666257752659, -2.904699191221561 ], [ -78.959654187972319, -2.904710290090024 ], [ -78.959647790709909, -2.904717330675211 ], [ -78.959632927443025, -2.904731679332403 ], [ -78.959630042411121, -2.904735833081706 ], [ -78.959620485965672, -2.904749468059152 ], [ -78.959614086432552, -2.904757774416243 ], [ -78.959607136003143, -2.904772408656941 ], [ -78.959596034143573, -2.904795353330297 ], [ -78.959589331107054, -2.904822464958843 ], [ -78.959581435541395, -2.904862684252747 ], [ -78.959707961910993, -2.904861195821394 ], [ -78.95970927282815, -2.904882354749714 ], [ -78.959714445619326, -2.904906233058409 ], [ -78.959753912524221, -2.904961908373548 ], [ -78.959821012100008, -2.905003167771079 ], [ -78.959975091976901, -2.905081563626834 ], [ -78.960015877186251, -2.905104150313362 ], [ -78.960038237341408, -2.905121459663538 ], [ -78.960138175754125, -2.9052037355157 ], [ -78.960151375642567, -2.90521433772432 ], [ -78.960167169064945, -2.905232900946935 ], [ -78.960210552360223, -2.905260917101424 ], [ -78.960248741617846, -2.905276898958172 ], [ -78.960306707073386, -2.905296894821401 ], [ -78.960348775075317, -2.905306193171988 ], [ -78.960379074839807, -2.905308870065127 ], [ -78.960396255070222, -2.905306279241589 ], [ -78.960445017676051, -2.905293167386645 ], [ -78.960484610603871, -2.905278592305017 ], [ -78.960516178712751, -2.905276027559052 ], [ -78.960559702044776, -2.905276106448972 ], [ -78.960589989816711, -2.905285473851486 ], [ -78.960649195263656, -2.905316050231013 ], [ -78.960692673535192, -2.905341263756935 ], [ -78.960737413018535, -2.905365213791026 ], [ -78.960766337830265, -2.90538244462364 ], [ -78.960801921739687, -2.905397065557764 ], [ -78.960854673891419, -2.905415786177559 ], [ -78.960899439644066, -2.905425089403181 ], [ -78.960925785024529, -2.905426493340415 ], [ -78.960961399737826, -2.90542393591794 ], [ -78.961006201153737, -2.905413348413957 ], [ -78.961040457441086, -2.905416122875284 ], [ -78.961064107526653, -2.905416165734414 ], [ -78.961089165605785, -2.905433389555745 ], [ -78.961104954190859, -2.905454665150067 ], [ -78.96113523258073, -2.905469276463585 ], [ -78.961162770454351, -2.905507751761859 ], [ -78.961206163178119, -2.905580703029839 ], [ -78.961211331298102, -2.905607203315597 ], [ -78.96121525474085, -2.905625745028544 ], [ -78.96122185224867, -2.905657491841342 ], [ -78.961224421964047, -2.905678743482134 ], [ -78.961213829502, -2.905718505872741 ], [ -78.961213753644756, -2.905760818877366 ], [ -78.961213623360038, -2.905783331402743 ], [ -78.961221494070188, -2.905807124206191 ], [ -78.961239838271084, -2.905857517324309 ], [ -78.96126215340702, -2.905899961322376 ], [ -78.961280613630308, -2.905935798207607 ], [ -78.961284522807375, -2.905962296213606 ], [ -78.961277778280646, -2.906012553451333 ], [ -78.961259246368243, -2.906066857896183 ], [ -78.961240759518148, -2.906096027691129 ], [ -78.961231452244874, -2.906121145551742 ], [ -78.961244473997809, -2.906231110994169 ], [ -78.961260141487983, -2.906319924662282 ], [ -78.961269206937345, -2.906379523062888 ], [ -78.961277065647394, -2.90641000638746 ], [ -78.961290153859949, -2.906482902747802 ], [ -78.96128604041111, -2.906570324372065 ], [ -78.9612898806744, -2.906635247651862 ], [ -78.961297639729651, -2.906671155559136 ], [ -78.961313399948168, -2.906708253336275 ], [ -78.961335719946348, -2.906747984973782 ], [ -78.961355462943331, -2.906770533526732 ], [ -78.961387078232619, -2.906791837823896 ], [ -78.961406752708498, -2.906802451775769 ], [ -78.961437028699763, -2.906818419295214 ], [ -78.961496331309775, -2.906845017718755 ], [ -78.961543695376591, -2.906859660022107 ], [ -78.961575327373112, -2.906871651838786 ], [ -78.961593738048293, -2.906884975880221 ], [ -78.961637195002169, -2.906922123866428 ], [ -78.961662158328139, -2.906942059914003 ], [ -78.961691087895389, -2.906956668800317 ], [ -78.961713438713304, -2.906979222081433 ], [ -78.961721323531378, -2.906995149012783 ], [ -78.961718653955145, -2.907029591421472 ], [ -78.96171855895183, -2.907082573105072 ], [ -78.961727631539418, -2.90713819337563 ], [ -78.96173943979754, -2.907172662028219 ], [ -78.961760514976859, -2.907204525510336 ], [ -78.961772356471556, -2.907220459615145 ], [ -78.961810538863546, -2.90724032921522 ], [ -78.961830225188436, -2.907244343060118 ], [ -78.961853846628102, -2.907260388930907 ], [ -78.961870998532376, -2.907273620280032 ], [ -78.961891986224359, -2.907304127413981 ], [ -78.96191562641944, -2.907359864509129 ], [ -78.96193666853263, -2.907410172131792 ], [ -78.961949709636343, -2.907459199473695 ], [ -78.961953618810995, -2.90748569749141 ], [ -78.961965450744472, -2.907506965932208 ], [ -78.961997073363719, -2.907524201674571 ], [ -78.962048396421849, -2.907537585379116 ], [ -78.962078674878413, -2.907552196714598 ], [ -78.962128684364103, -2.907596047131228 ], [ -78.962143133839945, -2.907611895553104 ], [ -78.962150980566179, -2.907649069415048 ], [ -78.962144366304997, -2.907676814138926 ], [ -78.962127109821353, -2.907721898818648 ], [ -78.962121747367704, -2.907753623971586 ], [ -78.962113812225837, -2.907815903968233 ], [ -78.962121528813725, -2.907875499955347 ], [ -78.962146520315883, -2.90792988331996 ], [ -78.962156977280983, -2.907965705724016 ], [ -78.962159563690562, -2.907977644895276 ], [ -78.96217930444837, -2.908001459234343 ], [ -78.962202999292955, -2.908026727345657 ], [ -78.962225312194164, -2.908070437153052 ], [ -78.962229197533503, -2.90811022580667 ], [ -78.962239673632041, -2.908135379542945 ], [ -78.962248762758946, -2.90818177776164 ], [ -78.962257958510691, -2.908218863660605 ], [ -78.962271044691974, -2.908242756351004 ], [ -78.962294732406903, -2.90827200261353 ], [ -78.962321025665659, -2.908302519378519 ], [ -78.962351282741608, -2.908329065168496 ], [ -78.962414542142866, -2.9083556707869 ], [ -78.962447433140639, -2.908367664896994 ], [ -78.962460543161114, -2.908378266956205 ], [ -78.962490897302317, -2.908400834760433 ], [ -78.96253560127964, -2.908444675577986 ], [ -78.962565820426761, -2.908492377887476 ], [ -78.962577588329864, -2.908549359264775 ], [ -78.962590605610686, -2.908611677261088 ], [ -78.962591869031911, -2.90865932708124 ], [ -78.96254032246766, -2.908770531749179 ], [ -78.962516432695537, -2.908853939419757 ], [ -78.962508459814927, -2.908887106449196 ], [ -78.962508421869074, -2.908908262967379 ], [ -78.962528169613989, -2.908928189580252 ], [ -78.962554477155891, -2.908950750056972 ], [ -78.962604425313927, -2.908978687749112 ], [ -78.962641343968031, -2.909001267464283 ], [ -78.962671591659657, -2.909033057187617 ], [ -78.962678082378162, -2.9090742067677 ], [ -78.962675446023056, -2.9090901146361 ], [ -78.962650262015316, -2.909143050860421 ], [ -78.962646229274341, -2.909185447138768 ], [ -78.962646172353431, -2.909217181918597 ], [ -78.962654023938001, -2.909251643421139 ], [ -78.962667112560084, -2.909274179933623 ], [ -78.9626921420287, -2.909307406804599 ], [ -78.962736858031079, -2.909344557120459 ], [ -78.96279999189538, -2.909391053347114 ], [ -78.962827650754349, -2.909412260087042 ], [ -78.962844705473216, -2.909429559850792 ], [ -78.962852571332334, -2.90945606505805 ], [ -78.962844608173427, -2.909483807344151 ], [ -78.962855093686741, -2.909503717168309 ], [ -78.962866944774177, -2.909514316951864 ], [ -78.962898567297287, -2.909531643129987 ], [ -78.96290383961103, -2.909550187310561 ], [ -78.962898488970424, -2.909575312363531 ], [ -78.962874627541524, -2.909642897861382 ], [ -78.962877194976784, -2.909665415300058 ], [ -78.962898289336948, -2.909686610140784 ], [ -78.962931187514101, -2.909694626117611 ], [ -78.9630010518906, -2.90969873095688 ], [ -78.963031335280576, -2.909710629940615 ], [ -78.963047150195237, -2.909717258748933 ], [ -78.963066909798357, -2.909730585256135 ], [ -78.963087914240177, -2.909751779933591 ], [ -78.963105032783687, -2.909783636275736 ], [ -78.963129903590129, -2.909855197892492 ], [ -78.963150924173604, -2.909917530424235 ], [ -78.963181121947883, -2.909977167212882 ], [ -78.963213934515196, -2.910032920993439 ], [ -78.963225697714464, -2.910092524359495 ], [ -78.963242714498421, -2.91013098065592 ], [ -78.963271650897525, -2.910191971354244 ], [ -78.963275548232247, -2.910225069507954 ], [ -78.963288658276525, -2.910235671577798 ], [ -78.963330806730227, -2.910250394876719 ], [ -78.96339537046056, -2.910251777721004 ], [ -78.963454642738682, -2.910245285052818 ], [ -78.96348099070434, -2.910245332823565 ], [ -78.963531036170593, -2.910269202129622 ], [ -78.963546815424124, -2.910295721694399 ], [ -78.963561238671005, -2.910326216965114 ], [ -78.963578312150048, -2.910383207998267 ], [ -78.963584667471949, -2.910499852062581 ], [ -78.963595086511518, -2.910556831032396 ], [ -78.963641058701739, -2.910645699781162 ], [ -78.963662126982371, -2.910681451047956 ], [ -78.963683140854116, -2.910697401807241 ], [ -78.963708097149066, -2.910721316043763 ], [ -78.963741071027641, -2.91073728848831 ], [ -78.963772622812954, -2.910743945832307 ], [ -78.9638042716592, -2.910746625186904 ], [ -78.963822703822387, -2.910748014798347 ], [ -78.96386483577129, -2.910771960174967 ], [ -78.96388582354183, -2.910802467353446 ], [ -78.963906853725376, -2.910859465571512 ], [ -78.96391997295261, -2.910915093254784 ], [ -78.963947506268582, -2.91095619060528 ], [ -78.963988279787287, -2.910985467879364 ], [ -78.964034411254133, -2.910985551517896 ], [ -78.964062103417362, -2.91098822369682 ], [ -78.964081856083965, -2.911005437949827 ], [ -78.964104195006712, -2.911034681801011 ], [ -78.964177802729679, -2.911107688010549 ], [ -78.964194930876246, -2.911134210030226 ], [ -78.964290861002297, -2.911245682177835 ], [ -78.964321106354831, -2.911278828118979 ], [ -78.964423769428166, -2.911346552650735 ], [ -78.964468549615972, -2.911347990025099 ], [ -78.964525206869666, -2.911345561175142 ], [ -78.96457656114741, -2.911341676103051 ], [ -78.964627967412937, -2.911358947736611 ], [ -78.964668745837585, -2.911385512630729 ], [ -78.964706871207198, -2.911437297910354 ], [ -78.964710737599177, -2.911487664895831 ], [ -78.964726516888916, -2.911514184474898 ], [ -78.964759377222023, -2.911543356991365 ], [ -78.964788323497956, -2.911548743823144 ], [ -78.964829159002434, -2.911543483484524 ], [ -78.964866099200009, -2.911554128752647 ], [ -78.964895033643799, -2.911566115702112 ], [ -78.964914788606919, -2.911582064179899 ], [ -78.964948962157948, -2.911631129913493 ], [ -78.964961993772036, -2.91168549168676 ], [ -78.964967221041306, -2.911729170592026 ], [ -78.964994830070367, -2.911778224429372 ], [ -78.965035563288609, -2.911830014444481 ], [ -78.965078916332615, -2.911875118654575 ], [ -78.965096068178923, -2.911888440441873 ], [ -78.965161855358545, -2.911909716309326 ], [ -78.965190865475918, -2.911929659733004 ], [ -78.96523296914576, -2.911969427317579 ], [ -78.965307928157017, -2.912041170214188 ], [ -78.96535399567054, -2.9120769668162 ], [ -78.965415818876735, -2.912102304076472 ], [ -78.965468479458053, -2.91212219995284 ], [ -78.965509432925685, -2.912151477554346 ], [ -78.965544939061004, -2.912159498244288 ], [ -78.965647718713697, -2.912162306493543 ], [ -78.96568072121535, -2.912162366304138 ], [ -78.965700398111267, -2.912171714496954 ], [ -78.965722741962949, -2.912198245981609 ], [ -78.965738533117175, -2.912218165446515 ], [ -78.965763529661842, -2.91226983653711 ], [ -78.965772633131849, -2.912308278535999 ], [ -78.965773780037154, -2.912420935141709 ], [ -78.965792162487034, -2.912450081425317 ], [ -78.965818444082231, -2.912487198364622 ], [ -78.965889491688998, -2.912533708969902 ], [ -78.965951409733449, -2.912556334009668 ], [ -78.966000156281083, -2.912552444181615 ], [ -78.966027862619981, -2.912547250440501 ], [ -78.966101646443008, -2.91252215893437 ], [ -78.966128006336589, -2.91251560655554 ], [ -78.966153097878234, -2.912514295829442 ], [ -78.966171522967301, -2.912519663582111 ], [ -78.966253025397776, -2.912603262438704 ], [ -78.966284690878553, -2.912596719670882 ], [ -78.966308450239922, -2.912586093992307 ], [ -78.96634536460185, -2.912561026073262 ], [ -78.966370387452201, -2.912547871118454 ], [ -78.966398098657351, -2.912539964986383 ], [ -78.966494356645171, -2.912518892339565 ], [ -78.966556265496067, -2.912496491669716 ], [ -78.966599822486359, -2.912478035919003 ], [ -78.966669635352133, -2.912460893512749 ], [ -78.96671183390508, -2.912447769661214 ], [ -78.966739526154072, -2.912450441803634 ], [ -78.966778986609839, -2.912459825825474 ], [ -78.966825080304801, -2.912481065965514 ], [ -78.966862006333969, -2.912499667521045 ], [ -78.966910703003506, -2.91252362476517 ], [ -78.966996240485159, -2.912563561431054 ], [ -78.967031831901707, -2.912574204222149 ], [ -78.967063402769099, -2.912570283234647 ], [ -78.967084561269701, -2.912555765063423 ], [ -78.967095113458313, -2.912538515290114 ], [ -78.9670991009462, -2.912521344039207 ], [ -78.96710194140114, -2.91239151609078 ], [ -78.967108536878797, -2.912374259149816 ], [ -78.96712574093435, -2.912358468030456 ], [ -78.967145545854009, -2.912346569380771 ], [ -78.967175850636693, -2.912346624265305 ], [ -78.967196883732171, -2.912351906312882 ], [ -78.967218001893883, -2.912359900904976 ], [ -78.967239034828324, -2.912365273364821 ], [ -78.967266712831801, -2.912375901814229 ], [ -78.96729035132995, -2.912382544774549 ], [ -78.967315416645519, -2.912395880882705 ], [ -78.967337770114682, -2.91241707801333 ], [ -78.96736147942741, -2.912434389839093 ], [ -78.967381163649648, -2.912439669442193 ], [ -78.967400951888905, -2.912437083299448 ], [ -78.967426071791451, -2.912419950312688 ], [ -78.967466976218972, -2.91237626447507 ], [ -78.967485472589516, -2.912341850600761 ], [ -78.967513224126762, -2.912311431657925 ], [ -78.967551487354385, -2.912286366116416 ], [ -78.967622789027985, -2.912191109455337 ], [ -78.967651792384856, -2.912164670944458 ], [ -78.967688702031722, -2.912142224920347 ], [ -78.967709855824822, -2.912130328695955 ], [ -78.967741431547523, -2.912123695296136 ], [ -78.967779656714725, -2.912119876738021 ], [ -78.967848177442548, -2.912121266568158 ], [ -78.967931287265458, -2.912110838692908 ], [ -78.967964211706629, -2.912104298140092 ], [ -78.968047257835551, -2.912079223221797 ], [ -78.968115783105702, -2.912078081476197 ], [ -78.968136818480232, -2.912082097726794 ], [ -78.968197390187868, -2.912103364023616 ], [ -78.968255363457871, -2.912119381656859 ], [ -78.96829491873541, -2.912126053405153 ], [ -78.968335749479067, -2.912123505325933 ], [ -78.968404327048489, -2.912093160230601 ], [ -78.968487380149526, -2.912064197521738 ], [ -78.968626490429543, -2.912066709592315 ], [ -78.968627100547792, -2.912027290583184 ], [ -78.96863636776358, -2.91197432527379 ], [ -78.968651039876917, -2.91191612578371 ], [ -78.96870564482488, -2.91180438357439 ], [ -78.96886833355056, -2.911696363011933 ], [ -78.96894033763752, -2.911660780093354 ], [ -78.968986071585903, -2.911631840215541 ], [ -78.96903694033054, -2.911597846487678 ], [ -78.969086105023933, -2.911561318105259 ], [ -78.969126720671554, -2.911528209953802 ], [ -78.969164908336339, -2.911495097407526 ], [ -78.969191245606979, -2.91145093302169 ], [ -78.969199735137423, -2.911430515007943 ], [ -78.969206543427177, -2.911394814132914 ], [ -78.969210844486483, -2.911353141455745 ], [ -78.969213429524416, -2.911315624679049 ], [ -78.969211882369621, -2.911275659274024 ], [ -78.969208561135531, -2.911222038276724 ], [ -78.969201002901812, -2.911174286470766 ], [ -78.969198973605529, -2.911152493234669 ], [ -78.969212057553847, -2.911177742162725 ], [ -78.96921626575957, -2.911187966457973 ], [ -78.969226375544736, -2.911216916946161 ], [ -78.969236501990977, -2.911236554911406 ], [ -78.969245744552268, -2.91124760202998 ], [ -78.969270221018647, -2.911288513036194 ], [ -78.969282059118015, -2.911306436247913 ], [ -78.969293897379401, -2.911324269046932 ], [ -78.969329346179975, -2.911364386180106 ], [ -78.969351330786907, -2.911390736165263 ], [ -78.969363993420146, -2.911400162033249 ], [ -78.969369023085747, -2.911403606829103 ], [ -78.969389296041669, -2.911431671568874 ], [ -78.969420533567657, -2.911463282251485 ], [ -78.969469550410935, -2.911509391192712 ], [ -78.969508425601816, -2.911544360975507 ], [ -78.969532124780358, -2.911567368776486 ], [ -78.969565883456127, -2.911597175756781 ], [ -78.96959460615804, -2.911627064043042 ], [ -78.969697727769486, -2.911740447812134 ], [ -78.969726464388501, -2.911762560592875 ], [ -78.969748375584246, -2.911779688306178 ], [ -78.969790046564725, -2.911810142489175 ], [ -78.969777247899501, -2.911826484127378 ], [ -78.969772113909613, -2.911831085914483 ], [ -78.96975878749987, -2.911840826436515 ], [ -78.969747532929802, -2.911848581615432 ], [ -78.969737813721167, -2.911852632630972 ], [ -78.969730615978747, -2.911854699116786 ], [ -78.969713793482043, -2.911858285219966 ], [ -78.969712680410368, -2.911877269971573 ], [ -78.969711676512631, -2.911885495753995 ], [ -78.969710654336396, -2.911903938190942 ], [ -78.969710650615994, -2.911906017687006 ], [ -78.969714214467061, -2.911924558831154 ], [ -78.969716184573613, -2.911929173465589 ], [ -78.969724338334444, -2.911945643408119 ], [ -78.969726668465682, -2.911950077867387 ], [ -78.969728730276927, -2.911953698122886 ], [ -78.969734826917644, -2.911963925836712 ], [ -78.969739942468181, -2.911969631117901 ], [ -78.969748101729124, -2.911983027022978 ], [ -78.969754756200402, -2.911983039057918 ], [ -78.969770567522531, -2.911991747317442 ], [ -78.969775690514183, -2.911993293606413 ], [ -78.969790514276127, -2.91200109594812 ], [ -78.96979608511505, -2.912003637591846 ], [ -78.969809918890391, -2.912011890208928 ], [ -78.969814499580735, -2.912014972540957 ], [ -78.969829773940461, -2.912022233218428 ], [ -78.969834895153198, -2.912024774048943 ], [ -78.969850259438644, -2.912032034888951 ], [ -78.969856371609069, -2.912033582966678 ], [ -78.969870657761859, -2.912040299377745 ], [ -78.969876768961925, -2.912042389932704 ], [ -78.969892672961748, -2.912049561335356 ], [ -78.969919718479758, -2.912061906437843 ], [ -78.969934723065677, -2.912069166626924 ], [ -78.96993984783758, -2.912069718373819 ], [ -78.96995629688989, -2.912073816713753 ], [ -78.969965645401629, -2.912075913122892 ], [ -78.96998308622068, -2.912078566645216 ], [ -78.970003766292066, -2.912080141066983 ], [ -78.970021299786595, -2.912081257732339 ], [ -78.970036764190482, -2.912082822721696 ], [ -78.970049081208643, -2.912084382019311 ], [ -78.970076414783847, -2.912086510950819 ], [ -78.970092419710724, -2.912087534437834 ], [ -78.970095476201024, -2.912088082444033 ], [ -78.970114087991888, -2.912089653123905 ], [ -78.970116063437629, -2.912091284133449 ], [ -78.970135665377697, -2.912092314124363 ], [ -78.970143397014255, -2.912093413063532 ], [ -78.970157784094866, -2.912093981558267 ], [ -78.9701624594028, -2.912094442078366 ], [ -78.97017845592076, -2.912100167035 ], [ -78.970183038392349, -2.912102254824581 ], [ -78.970197501490077, -2.912110598990845 ], [ -78.970206216806901, -2.91211477375696 ], [ -78.970220682654471, -2.912121580903849 ], [ -78.970224816470051, -2.912123125402958 ], [ -78.970242793287142, -2.912127768981648 ], [ -78.970248455671651, -2.91212940665786 ], [ -78.970261848076447, -2.912133047401698 ], [ -78.970271199501965, -2.912133516376773 ], [ -78.970285043312643, -2.912136163391469 ], [ -78.9702902570411, -2.912137257777127 ], [ -78.970308240328251, -2.912138284838897 ], [ -78.970311386744513, -2.912138833007276 ], [ -78.970328918464645, -2.912140944210622 ], [ -78.97033458004104, -2.912143033951075 ], [ -78.970351565740771, -2.912148760694896 ], [ -78.970354712318894, -2.912149218450266 ], [ -78.970373223838791, -2.912156575390378 ], [ -78.970377906586691, -2.912152876915989 ], [ -78.970391285894152, -2.912163841104478 ], [ -78.970395866588021, -2.912166923435667 ], [ -78.970403481456316, -2.912183030754134 ], [ -78.970405540359565, -2.912188278442601 ], [ -78.970408117629916, -2.912205371197965 ], [ -78.970408108412002, -2.912210524733886 ], [ -78.970412752994818, -2.912228163706442 ], [ -78.97041472666254, -2.912230789257949 ], [ -78.970422970199806, -2.912247349779491 ], [ -78.970426561715229, -2.912250430322299 ], [ -78.970437862552799, -2.912267086785141 ], [ -78.970440465698076, -2.912269713474855 ], [ -78.970449702134118, -2.912284196288207 ], [ -78.970452304470854, -2.912287275042513 ], [ -78.970463611777717, -2.912300314989054 ], [ -78.970468280457013, -2.912304482438024 ], [ -78.970479586955619, -2.912317974449212 ], [ -78.970483178471412, -2.9123210549921 ], [ -78.970494486749217, -2.912333552461311 ], [ -78.970498617817228, -2.91233663397978 ], [ -78.970511990659119, -2.912351214685787 ], [ -78.970524917755725, -2.912363624668892 ], [ -78.9705315620443, -2.912369332714615 ], [ -78.970544486230452, -2.912383370130327 ], [ -78.970546460868988, -2.912385453204485 ], [ -78.970558306112807, -2.912399398256248 ], [ -78.970563966721102, -2.912402030474243 ], [ -78.970576897376617, -2.912412451373317 ], [ -78.970579411567456, -2.912414535423062 ], [ -78.97059593471009, -2.912427494387601 ], [ -78.970615510626104, -2.912443080854996 ], [ -78.970628887190202, -2.912455582064295 ], [ -78.97063454699051, -2.912458666346866 ], [ -78.970647925495584, -2.912470082601134 ], [ -78.970654659710917, -2.91247579080958 ], [ -78.970662829983254, -2.912483038639182 ], [ -78.970668035305607, -2.912488834496535 ], [ -78.970682410429376, -2.912496093544783 ], [ -78.970687531648139, -2.912498634374237 ], [ -78.970701995727396, -2.912506436062561 ], [ -78.970710798227131, -2.912512148010511 ], [ -78.97072211119908, -2.912522023505574 ], [ -78.970733953535841, -2.912537595990688 ], [ -78.970736553933392, -2.912541759700411 ], [ -78.970744795535566, -2.912559405179558 ], [ -78.970745771777999, -2.912566640002345 ], [ -78.97074727269532, -2.912582193790174 ], [ -78.970747804808937, -2.91258635376046 ], [ -78.970748764233207, -2.91260299152793 ], [ -78.970752440986416, -2.912608694208629 ], [ -78.970760147725997, -2.912623716737642 ], [ -78.970763732775055, -2.912630413798043 ], [ -78.970773960983593, -2.912643451795207 ], [ -78.970791487218577, -2.912648637037097 ], [ -78.970796161560472, -2.912649640033922 ], [ -78.970813687634177, -2.912654915688536 ], [ -78.970817822423783, -2.912655917709795 ], [ -78.970833729840663, -2.91266119043767 ], [ -78.970841010078928, -2.912663283104555 ], [ -78.970855390866546, -2.91266737770017 ], [ -78.970859523715859, -2.912669464676551 ], [ -78.97087803525099, -2.912676821616534 ], [ -78.970880640338748, -2.912678363351355 ], [ -78.97089717270687, -2.912686168779099 ], [ -78.970899233552785, -2.912690331513604 ], [ -78.970914141766031, -2.912701208054732 ], [ -78.970918276556134, -2.912702210075787 ], [ -78.97093264877482, -2.91271109655674 ], [ -78.970939388491288, -2.912713730725498 ], [ -78.970957896470921, -2.912723076749753 ], [ -78.970972899138545, -2.912731421890992 ], [ -78.970978021168079, -2.912733510655599 ], [ -78.970993468935589, -2.912744388172067 ], [ -78.970998140367996, -2.912747018601425 ], [ -78.971010985796596, -2.912754817363069 ], [ -78.971019257156499, -2.912755826862464 ], [ -78.971027952109978, -2.91277139365879 ], [ -78.971039353072953, -2.912782354272302 ], [ -78.971046534170895, -2.912789600314017 ], [ -78.971062971119778, -2.912800479618839 ], [ -78.971067101221436, -2.912804103615159 ], [ -78.971083094041433, -2.912811908066871 ], [ -78.971087673608665, -2.912815623289006 ], [ -78.971104743755618, -2.912824424233961 ], [ -78.971119652782079, -2.912834848710188 ], [ -78.971122705719267, -2.912837385800255 ], [ -78.971135095863815, -2.912848348202177 ], [ -78.971141826365582, -2.912856135908847 ], [ -78.971153134818181, -2.912868542967199 ], [ -78.971156725367848, -2.912872165988131 ], [ -78.971165969092979, -2.912882580222477 ], [ -78.971170634058822, -2.912888827169899 ], [ -78.971181943320502, -2.912900782163649 ], [ -78.971185534840515, -2.912903862706899 ], [ -78.971196301801044, -2.912917353745505 ], [ -78.971198363618441, -2.912920974002799 ], [ -78.971207598127691, -2.912936541775741 ], [ -78.971210649125041, -2.912940163821344 ], [ -78.971219434815751, -2.912955278716785 ], [ -78.971224015515929, -2.912958361048385 ], [ -78.971229107957356, -2.912976995383803 ], [ -78.971232241442294, -2.912984776588005 ], [ -78.971235277563792, -2.912996716625641 ], [ -78.971238411857229, -2.91300404576512 ], [ -78.9712425206163, -2.913019604271932 ], [ -78.971241973787244, -2.913023671879544 ], [ -78.971238341519054, -2.913043375401057 ], [ -78.971237795498396, -2.913046990943857 ], [ -78.971237761218219, -2.913066158490542 ], [ -78.971237216006003, -2.913069321968545 ], [ -78.971247526872418, -2.913086428713542 ], [ -78.971264501439975, -2.913098393950701 ], [ -78.971270163024954, -2.913100483690974 ], [ -78.971283006681247, -2.91310927699611 ], [ -78.971287679086245, -2.913111364948033 ], [ -78.971303669163959, -2.913120706420989 ], [ -78.971308250673445, -2.913123336688078 ], [ -78.971321634853453, -2.913131588490848 ], [ -78.971328370855261, -2.913136302157754 ], [ -78.971340676738535, -2.913144099944814 ], [ -78.971345889666907, -2.913145646394326 ], [ -78.971362332122112, -2.913153451659626 ], [ -78.971365475794627, -2.91315553684775 ], [ -78.971383446013135, -2.913163887354413 ], [ -78.971387040283261, -2.913165430877581 ], [ -78.971400965796249, -2.913172689112944 ], [ -78.971408693727824, -2.913175867547611 ], [ -78.97142163103112, -2.913182581516863 ], [ -78.97142827435971, -2.913188832041548 ], [ -78.971441118019001, -2.913197625346426 ], [ -78.971443182586128, -2.913199708583717 ], [ -78.971459171697276, -2.913209592534034 ], [ -78.971461772098493, -2.913213756245001 ], [ -78.971477218908461, -2.91322517624039 ], [ -78.971479728414153, -2.913229882266624 ], [ -78.971488519768585, -2.913241832710043 ], [ -78.971491567048659, -2.913247534254371 ], [ -78.971501345805066, -2.913260481028768 ], [ -78.971503403904833, -2.913266180784932 ], [ -78.97150652170771, -2.913282732048393 ], [ -78.971508038314269, -2.913289515784838 ], [ -78.971505937528121, -2.913307685052927 ], [ -78.971501222596416, -2.91332937571231 ], [ -78.971498667493066, -2.913350166143539 ], [ -78.971497453833763, -2.913375118009889 ], [ -78.97149744736592, -2.913378734528683 ], [ -78.971497957328438, -2.91339528107766 ], [ -78.971501548688948, -2.913398452034562 ], [ -78.971513931566079, -2.913413483022789 ], [ -78.971517526645712, -2.913414574481353 ], [ -78.971538114087693, -2.913417685751399 ], [ -78.971540720957066, -2.913418232943803 ], [ -78.971556169710283, -2.913428567984893 ], [ -78.971569555513156, -2.913435915658727 ], [ -78.971580424533968, -2.913442625889757 ], [ -78.971594345362945, -2.913452506102247 ], [ -78.971597938664317, -2.913454592103436 ], [ -78.97161284511705, -2.913466463189655 ], [ -78.971617966182052, -2.913469094432342 ], [ -78.971629817754931, -2.913479513383641 ], [ -78.97163700257947, -2.913484679928752 ], [ -78.971649394675978, -2.91349455737761 ], [ -78.971654066113686, -2.913497187807445 ], [ -78.971665379104323, -2.91350706330552 ], [ -78.971671037135792, -2.913511142131268 ], [ -78.971683880639134, -2.913520025850205 ], [ -78.97168854835823, -2.913524735778585 ], [ -78.971697787565148, -2.913537681579074 ], [ -78.97170290507367, -2.913542301907333 ], [ -78.97171322241698, -2.913555792136593 ], [ -78.971715284074747, -2.913559502807855 ], [ -78.971725061056702, -2.913573444126725 ], [ -78.971730176625201, -2.913579149410852 ], [ -78.971739410173754, -2.913595259666048 ], [ -78.971742550129505, -2.913599424353075 ], [ -78.971749719109951, -2.913613451370765 ], [ -78.971751784648404, -2.913614992130494 ], [ -78.971768210461207, -2.913632109933978 ], [ -78.971791366784345, -2.913657015446694 ], [ -78.971804200104131, -2.913671595184221 ], [ -78.971816585736775, -2.913685089153168 ], [ -78.97182735642879, -2.9136965006973 ], [ -78.971834625522291, -2.913704831859888 ], [ -78.971846922200214, -2.913717783188512 ], [ -78.971858766501981, -2.913732270725194 ], [ -78.971871146476815, -2.913748929149111 ], [ -78.971885051629144, -2.913767579422529 ], [ -78.971897334241447, -2.913788396681749 ], [ -78.971910159317702, -2.913807587482674 ], [ -78.971928721035823, -2.913837186182048 ], [ -78.97193436888368, -2.913846961026879 ], [ -78.971960559400117, -2.913884891540191 ], [ -78.97198836502092, -2.91392481406618 ], [ -78.971997605041523, -2.913937307803832 ], [ -78.972008479567833, -2.913940943993872 ], [ -78.972053206882578, -2.913972127021449 ], [ -78.972072334998899, -2.913986718140015 ], [ -78.972088227735171, -2.914000218450427 ], [ -78.97208929746445, -2.914005464355283 ], [ -78.972113954726481, -2.914045923671669 ], [ -78.972130904420354, -2.914071812514769 ], [ -78.972141758415148, -2.914086931156388 ], [ -78.972150997629967, -2.914099876959878 ], [ -78.972160233126218, -2.914114902262583 ], [ -78.972173059178971, -2.914133550588073 ], [ -78.972179258547698, -2.91413663584697 ], [ -78.972194157416766, -2.914152756347274 ], [ -78.972206005283255, -2.914165254800311 ], [ -78.972210137333633, -2.914167793842287 ], [ -78.972234281887125, -2.914193243626378 ], [ -78.972238951551134, -2.91419686859985 ], [ -78.972243084410152, -2.914198955576776 ], [ -78.972263117286161, -2.914210474279648 ], [ -78.972285312257668, -2.914219826971468 ], [ -78.972308494632998, -2.914230175994379 ], [ -78.972324947300905, -2.914232285241153 ], [ -78.972353358135237, -2.914235501063386 ], [ -78.972370353267578, -2.914235983850598 ], [ -78.972393009025268, -2.9142390988557 ], [ -78.972421880644475, -2.914236076990753 ], [ -78.972438878364272, -2.914235113168625 ], [ -78.972462630852192, -2.914228375103473 ], [ -78.972476579507841, -2.914222704276968 ], [ -78.972502854439654, -2.914213439197057 ], [ -78.972519404471726, -2.914211389604402 ], [ -78.972529206364214, -2.914211407320893 ], [ -78.9725497983613, -2.914211987019673 ], [ -78.972567872602909, -2.914212471754118 ], [ -78.972584334488104, -2.914209427454555 ], [ -78.972630280985726, -2.914212584550416 ], [ -78.972643679903953, -2.914212608767035 ], [ -78.97267559784386, -2.914215830919948 ], [ -78.972704464940634, -2.914215340611795 ], [ -78.972720466045232, -2.914218533996979 ], [ -78.972744213847562, -2.914214417902571 ], [ -78.972770476819889, -2.914211843379681 ], [ -78.972803485993126, -2.914208286501212 ], [ -78.972832361335392, -2.914203185124358 ], [ -78.972836497106471, -2.914203644665104 ], [ -78.972857090885469, -2.914203229814741 ], [ -78.97286176798842, -2.914202695786963 ], [ -78.972884975268315, -2.914199121192193 ], [ -78.972900982032073, -2.914199150118332 ], [ -78.97290718690121, -2.914199161331211 ], [ -78.972923103739532, -2.914199190094527 ], [ -78.972931375928738, -2.914199747523164 ], [ -78.972947925964192, -2.914197697923496 ], [ -78.972967982291735, -2.914196106726318 ], [ -78.972989658089134, -2.914194066388443 ], [ -78.973000004225284, -2.91419146309717 ], [ -78.97301188087522, -2.914187868024601 ], [ -78.973040746037739, -2.914188462663843 ], [ -78.973068531284937, -2.914189507417771 ], [ -78.973102616823027, -2.914187489501277 ], [ -78.97312474305815, -2.914184997907656 ], [ -78.973159826182993, -2.914178280297379 ], [ -78.973194927731086, -2.914161255596376 ], [ -78.973209416911885, -2.914155043254088 ], [ -78.973236669071468, -2.914152470505823 ], [ -78.973257266571252, -2.914149976146802 ], [ -78.973282096232936, -2.914144324966109 ], [ -78.973300623665381, -2.914142821413026 ], [ -78.973323828201785, -2.914140783829546 ], [ -78.973348564383286, -2.914137121572165 ], [ -78.973380041111454, -2.914135641412703 ], [ -78.973404230144979, -2.914136227593655 ], [ -78.973423383341739, -2.914136804676347 ], [ -78.973450632757078, -2.914135768944583 ], [ -78.973459985834197, -2.914135333774791 ], [ -78.973497026968346, -2.914140011773773 ], [ -78.973519230206477, -2.914144753380151 ], [ -78.973543951525485, -2.914149409121779 ], [ -78.973564085504705, -2.914154689469659 ], [ -78.973585743696773, -2.914162504145363 ], [ -78.973605787912788, -2.914167693917258 ], [ -78.973608926909733, -2.914172401083465 ], [ -78.973625451906997, -2.914184365501369 ], [ -78.97362752019761, -2.914184369237644 ], [ -78.973665620896142, -2.914199989165991 ], [ -78.973668675622676, -2.914201531711644 ], [ -78.973689347381651, -2.914207807577019 ], [ -78.973731098911458, -2.914193326441618 ], [ -78.973750176081808, -2.914186127830877 ], [ -78.973766751165741, -2.914170064187986 ], [ -78.973782243425163, -2.914156078096585 ], [ -78.973804937978343, -2.914137493931086 ], [ -78.973819343697315, -2.914127664891935 ], [ -78.973838971567858, -2.91411422874912 ], [ -78.9738565227468, -2.914105490351164 ], [ -78.973880264097232, -2.914104990752232 ], [ -78.973898787011805, -2.914106018755156 ], [ -78.973914771491209, -2.914118524674384 ], [ -78.973916829604775, -2.914124224435644 ], [ -78.973929206879674, -2.914142419883786 ], [ -78.973934839889353, -2.914160512737424 ], [ -78.973936899779957, -2.914165217954607 ], [ -78.973947664046889, -2.914180246020752 ], [ -78.973947656615792, -2.914184405023664 ], [ -78.973963106227345, -2.914194287988686 ], [ -78.973971826273853, -2.914195840766263 ], [ -78.973986297849748, -2.9141994834401 ], [ -78.974012550500447, -2.914202695324935 ], [ -78.974032146065056, -2.914207341800316 ], [ -78.97405120756811, -2.914208913255163 ], [ -78.974056421320526, -2.91421000763253 ], [ -78.974074405492402, -2.914210582593809 ], [ -78.974082137326235, -2.91421159110551 ], [ -78.974103266152099, -2.914213708773722 ], [ -78.974120348321406, -2.914215819133211 ], [ -78.974147684767971, -2.914216410983915 ], [ -78.974171871069117, -2.914218534172829 ], [ -78.974191473097662, -2.914219564121262 ], [ -78.97420792110384, -2.914224295323272 ], [ -78.97423165228571, -2.914229491745243 ], [ -78.974250706361644, -2.914235222200842 ], [ -78.974257455474685, -2.914232612400191 ], [ -78.974273921087928, -2.914227488570954 ], [ -78.974280124024247, -2.914228584733863 ], [ -78.974296147600384, -2.91421921067527 ], [ -78.974312710407645, -2.914210018416888 ], [ -78.974323519099315, -2.914200182873112 ], [ -78.974333339577001, -2.914189803064027 ], [ -78.974347118885817, -2.914178255029174 ], [ -78.974365218989689, -2.914164273633992 ], [ -78.974384306337967, -2.91415137898201 ], [ -78.974399794880625, -2.914139472378558 ], [ -78.974421478122792, -2.914133273006296 ], [ -78.97443955496901, -2.914132311100107 ], [ -78.974443152966828, -2.914131775116438 ], [ -78.974460150704587, -2.914130811261344 ], [ -78.974467343954785, -2.914131276317151 ], [ -78.974483349764327, -2.91413184769887 ], [ -78.974494229807803, -2.914132409825045 ], [ -78.974509694286809, -2.914133974776676 ], [ -78.974549352500674, -2.914133503903712 ], [ -78.974575611620466, -2.91413309924973 ], [ -78.974601958889991, -2.914133689302072 ], [ -78.974628221886334, -2.914131114731383 ], [ -78.974641081265872, -2.914131137949298 ], [ -78.974688550910358, -2.91413746218293 ], [ -78.974725677159142, -2.914144852701795 ], [ -78.97474679678912, -2.914152123907487 ], [ -78.974769984711656, -2.914159398847124 ], [ -78.97477259062039, -2.914160488513209 ], [ -78.974790649062271, -2.91416983370101 ], [ -78.97481122720167, -2.914178188889855 ], [ -78.974830816319866, -2.914186451879511 ], [ -78.974838538792312, -2.914192704349437 ], [ -78.974851928524672, -2.914197882089497 ], [ -78.974853995040675, -2.914198880368257 ], [ -78.974872049770624, -2.914210305058273 ], [ -78.974889028137085, -2.914220190776371 ], [ -78.974892077216097, -2.914224897780477 ], [ -78.97490500343406, -2.914237850240395 ], [ -78.974920440953142, -2.914254514185673 ], [ -78.974921965008335, -2.914257138927236 ], [ -78.974934353610109, -2.914269005455267 ], [ -78.974938483574675, -2.914272719862855 ], [ -78.974952855064728, -2.914282058393986 ], [ -78.974958512960015, -2.914286227627281 ], [ -78.97497189252212, -2.914297101396379 ], [ -78.974975037178822, -2.914298644102248 ], [ -78.974990490523837, -2.914306447557677 ], [ -78.9749946204888, -2.914310161965281 ], [ -78.975010069313115, -2.914320496989305 ], [ -78.975015731891489, -2.914322044240758 ], [ -78.975029115007089, -2.914330928920184 ], [ -78.975032170707095, -2.91433192898466 ], [ -78.975048705907525, -2.914338197364133 ], [ -78.975054366548548, -2.914340829573521 ], [ -78.975067212047861, -2.914348628320768 ], [ -78.975073410467544, -2.914352256049029 ], [ -78.975088326036115, -2.91435906398518 ], [ -78.975095605502872, -2.91436160870342 ], [ -78.975109981517207, -2.914368415665426 ], [ -78.975114112613184, -2.914371497180812 ], [ -78.975131090016987, -2.914381925377434 ], [ -78.975149687053985, -2.914391814017023 ], [ -78.975154357704895, -2.914394896506416 ], [ -78.975168283284177, -2.914402154722411 ], [ -78.975190924076188, -2.914413678104048 ], [ -78.975208437484483, -2.914426096364339 ], [ -78.975212570357115, -2.914428183334735 ], [ -78.975227480438932, -2.914438065318365 ], [ -78.975244008216563, -2.91444849270303 ], [ -78.975252725528719, -2.914451582497288 ], [ -78.975264037610998, -2.914462000466693 ], [ -78.975267718110246, -2.914465623649472 ], [ -78.975286760097688, -2.914478135082498 ], [ -78.975291883123248, -2.914479681359388 ], [ -78.975304280935461, -2.914486394336304 ], [ -78.975306342770622, -2.914490014597171 ], [ -78.97532331452831, -2.914503607254759 ], [ -78.975336149861107, -2.914517102032097 ], [ -78.975341805015034, -2.914522808289386 ], [ -78.975353119036427, -2.914532141300723 ], [ -78.975357247389283, -2.914536759840236 ], [ -78.975369637614492, -2.914547722236889 ], [ -78.975372686857796, -2.914552338828497 ], [ -78.975383545599925, -2.914564835489796 ], [ -78.975386057064441, -2.914568456562427 ], [ -78.97539637076261, -2.914584026298225 ], [ -78.97540104593601, -2.91458457721836 ], [ -78.975415412754074, -2.914596537731415 ], [ -78.975419540138674, -2.914601698750172 ], [ -78.975429321709399, -2.914613108505525 ], [ -78.975433449901359, -2.914617817458379 ], [ -78.975446829473668, -2.914628691227691 ], [ -78.975450959441716, -2.914632405635466 ], [ -78.975463345148356, -2.914645899601775 ], [ -78.975473568922226, -2.914661469175738 ], [ -78.975477159497018, -2.914665092196417 ], [ -78.975487474165689, -2.914680119453687 ], [ -78.975491060058502, -2.914686364456965 ], [ -78.975502363911517, -2.914701393499947 ], [ -78.975504428492115, -2.914703476736872 ], [ -78.975519876198703, -2.914714444653185 ], [ -78.975525084469993, -2.914718613074928 ], [ -78.975539995528166, -2.914727952579768 ], [ -78.975560114858268, -2.914741460506342 ], [ -78.975579698347246, -2.914752887955414 ], [ -78.975596674794801, -2.914763858631125 ], [ -78.975620852897677, -2.914770592872035 ], [ -78.975651771564443, -2.914779509203289 ], [ -78.975662107546952, -2.914782601918633 ], [ -78.975679107243948, -2.914780553092747 ], [ -78.975706990712382, -2.914776986882031 ], [ -78.975720934706828, -2.914773937991496 ], [ -78.975750360798372, -2.914762599003008 ], [ -78.975765835469417, -2.914758467912453 ], [ -78.975779242653232, -2.914753881022533 ], [ -78.975798853913176, -2.914749757397439 ], [ -78.97581018650682, -2.914748692889178 ], [ -78.975827183298861, -2.914748271498315 ], [ -78.975843192036734, -2.914747215429375 ], [ -78.975847328625719, -2.914747222895189 ], [ -78.975865307338367, -2.914750871883616 ], [ -78.97586998251397, -2.914751422802437 ], [ -78.975884901811028, -2.91475615123105 ], [ -78.975908090735416, -2.914762883681572 ], [ -78.975913754127049, -2.9147639788648 ], [ -78.975941073991777, -2.914773883243096 ], [ -78.975961740312485, -2.914783233132094 ], [ -78.975978183830989, -2.914790495889153 ], [ -78.975984384034106, -2.914793129070678 ], [ -78.975997229550188, -2.914800927815294 ], [ -78.976003877607198, -2.914804556353662 ], [ -78.976020409276913, -2.914812813818248 ], [ -78.976022475634778, -2.914813902509571 ], [ -78.976036848922732, -2.914822246492356 ], [ -78.976040981799954, -2.914824333461784 ], [ -78.976060027682252, -2.914834674974433 ], [ -78.976075475400421, -2.914845642888074 ], [ -78.976080147833088, -2.914847730831193 ], [ -78.976098201626471, -2.914859697996619 ], [ -78.976116165655853, -2.91487157458651 ], [ -78.976134223969709, -2.914881010181485 ], [ -78.976151741921697, -2.91489089686883 ], [ -78.976175456527869, -2.914905405828369 ], [ -78.976192438637995, -2.914913212037581 ], [ -78.976213550882804, -2.914924642240898 ], [ -78.976236278081828, -2.914938154869529 ], [ -78.97625173226028, -2.914945506253534 ], [ -78.976271327064964, -2.914950604771334 ], [ -78.976295057331129, -2.91495634364629 ], [ -78.976318797766041, -2.914956386486886 ], [ -78.976341463609742, -2.914953895808991 ], [ -78.97636206131952, -2.91495131098513 ], [ -78.976369794946294, -2.914951324940348 ], [ -78.976405975658722, -2.914934302069172 ], [ -78.976430724807727, -2.914923406689392 ], [ -78.976442606968476, -2.914916737527911 ], [ -78.976486962705891, -2.914904340493928 ], [ -78.976531307308306, -2.914898181971801 ], [ -78.97655927700616, -2.914896695407088 ], [ -78.976581938332899, -2.91489673629422 ], [ -78.976604689585855, -2.914896777343143 ], [ -78.976625264059706, -2.914907212022111 ], [ -78.976638623321932, -2.914929477857869 ], [ -78.976655578491204, -2.914952383076528 ], [ -78.97668339549314, -2.914986067104984 ], [ -78.976700896674231, -2.915005356767254 ], [ -78.976731244513942, -2.915031812278384 ], [ -78.976764291101148, -2.915057730177413 ], [ -78.976786381411614, -2.915075400675797 ], [ -78.976806945725372, -2.915091531390567 ], [ -78.976819338882677, -2.915100866346375 ], [ -78.976833792913808, -2.915114364044033 ], [ -78.976846632796736, -2.91512532724991 ], [ -78.976856412454936, -2.915137821965167 ], [ -78.976878579785449, -2.9151627256876 ], [ -78.976920688568981, -2.915200052045675 ], [ -78.97695005272098, -2.915223431722102 ], [ -78.976964959128296, -2.915235393205763 ], [ -78.976976801599122, -2.915250965704352 ], [ -78.976995393034827, -2.915264018799123 ], [ -78.977062532546839, -2.915283850083069 ], [ -78.977210431978563, -2.915249850147671 ], [ -78.977240763004602, -2.915235348275396 ], [ -78.977284341542443, -2.915204957507462 ], [ -78.977333147561623, -2.915167975973552 ], [ -78.977346390232398, -2.915154799476365 ], [ -78.977371413365418, -2.91514155381375 ], [ -78.977404328688408, -2.915140256978964 ], [ -78.977438580963764, -2.915145653160352 ], [ -78.97747021603054, -2.915156288608893 ], [ -78.977489973772052, -2.915170880833073 ], [ -78.977507033573616, -2.915185558604801 ], [ -78.977533370108446, -2.915192206297969 ], [ -78.977579478583678, -2.915205489843459 ], [ -78.97759529845861, -2.915209496573869 ], [ -78.977642687032102, -2.915210938244455 ], [ -78.977676981900103, -2.915192465305898 ], [ -78.977721762783048, -2.915193811856241 ], [ -78.977798488362453, -2.915183462243472 ], [ -78.977811409478846, -2.915199307926911 ], [ -78.977837672632191, -2.915247093676443 ], [ -78.977857361833358, -2.91530011156132 ], [ -78.977870512405161, -2.915338561063282 ], [ -78.977903222089225, -2.915452541208873 ], [ -78.977916230795657, -2.915520103641671 ], [ -78.977982850230575, -2.91588187827051 ], [ -78.978024564426832, -2.916089995253484 ], [ -78.97803635416679, -2.916135132916955 ], [ -78.978071905849447, -2.916168288428883 ], [ -78.978177230662993, -2.91620690419319 ], [ -78.978239102236145, -2.916205659581232 ], [ -78.978293225734035, -2.916162087409229 ], [ -78.97846347203398, -2.916002091040301 ], [ -78.978507102709386, -2.915942496707779 ], [ -78.978522929445433, -2.915892255256131 ], [ -78.978577513804851, -2.915590281658192 ], [ -78.978588245535946, -2.915522762005821 ], [ -78.978587010163864, -2.915459108565179 ], [ -78.978564701134374, -2.915412776554853 ], [ -78.978521401654476, -2.915337112680318 ], [ -78.97848724851211, -2.915276112308292 ], [ -78.978497828873273, -2.915243039986229 ], [ -78.978522861365178, -2.915224550314873 ], [ -78.978559813871485, -2.915228595130427 ], [ -78.978611095534006, -2.915265757174078 ], [ -78.978666336204057, -2.915301660563169 ], [ -78.978708495076233, -2.9153109587536 ], [ -78.978755983126248, -2.915307066154069 ], [ -78.97880995520417, -2.915297941247172 ], [ -78.978862786779203, -2.915272811061555 ], [ -78.978887833458387, -2.91524636500073 ], [ -78.978897076686948, -2.915206690058318 ], [ -78.978857726665993, -2.915135101919973 ], [ -78.978794688243809, -2.915034267473535 ], [ -78.978780181645988, -2.914999793720098 ], [ -78.97878813995159, -2.914974673064247 ], [ -78.978813257685488, -2.914958805528896 ], [ -78.978834326329604, -2.914944286899964 ], [ -78.978944553096781, -2.914906692637176 ], [ -78.979010341076346, -2.914928058410277 ], [ -78.979178801539703, -2.9150634400338 ], [ -78.979331321441364, -2.915212083748671 ], [ -78.979373463732898, -2.915230694496737 ], [ -78.979492128134112, -2.915201795107135 ], [ -78.979684716117461, -2.915069686009523 ], [ -78.979750717017879, -2.915022066469878 ], [ -78.979790180391461, -2.915030093970421 ], [ -78.979858534087583, -2.915125603588014 ], [ -78.979877016147952, -2.915099145660554 ], [ -78.979911495179138, -2.914977330063981 ], [ -78.979943361666074, -2.914858131753358 ], [ -78.979951544199096, -2.914707155558499 ], [ -78.979940989789384, -2.91467522050108 ], [ -78.979864642364134, -2.91462472254076 ], [ -78.97984355694183, -2.914598193340338 ], [ -78.979862147562642, -2.914510796749981 ], [ -78.979893933625519, -2.914436714740714 ], [ -78.979946786054413, -2.914349379847954 ], [ -78.980010292053151, -2.914187834454131 ], [ -78.980044737961236, -2.914084553579059 ], [ -78.98004764800686, -2.91396539351092 ], [ -78.980010915005906, -2.913838115240845 ], [ -78.9800374382814, -2.913790424542782 ], [ -78.98011653976414, -2.913758831737763 ], [ -78.980385503153443, -2.913661307433926 ], [ -78.980562145933789, -2.913595352103003 ], [ -78.980760029816196, -2.913468496069864 ], [ -78.980789108484643, -2.913399743513328 ], [ -78.980847308894724, -2.913288548879235 ], [ -78.980852708561017, -2.913185215639261 ], [ -78.980855547805206, -2.913105747030755 ], [ -78.980831967633208, -2.913015652472574 ], [ -78.980866375717952, -2.91293352825098 ], [ -78.980961431558882, -2.912830356309875 ], [ -78.981006252350326, -2.912809280117169 ], [ -78.981090683051036, -2.912764405934917 ], [ -78.981190992366038, -2.912690537472889 ], [ -78.981214841260083, -2.912629641466309 ], [ -78.981212284892777, -2.912550163132458 ], [ -78.981238746457052, -2.912486559407402 ], [ -78.981302209895077, -2.912399243396466 ], [ -78.981376151861625, -2.912285454971476 ], [ -78.981397326925915, -2.91226162380423 ], [ -78.981426254776864, -2.912277588657982 ], [ -78.981486860051859, -2.912280410058822 ], [ -78.981708262621382, -2.912278095763532 ], [ -78.981876508668847, -2.912281472339956 ], [ -78.981945103260713, -2.912342805840376 ], [ -78.98207799065284, -2.912457237449171 ], [ -78.982120008813411, -2.912495105982991 ], [ -78.982192937249195, -2.91254668258097 ], [ -78.982316108781887, -2.912612725308182 ], [ -78.982407694907138, -2.912690736296398 ], [ -78.982548062228915, -2.912846771741931 ], [ -78.98256458836704, -2.912858193599408 ], [ -78.982623993326158, -2.912878643512019 ], [ -78.982660038891851, -2.912887026385369 ], [ -78.982687914690658, -2.912887799805589 ], [ -78.98272550652635, -2.912886330342896 ], [ -78.982764551704108, -2.912927267606674 ], [ -78.982781736805094, -2.912972686271576 ], [ -78.982846119387816, -2.913127048107465 ], [ -78.982973839925933, -2.913163533663248 ], [ -78.983027272118207, -2.913154588315044 ], [ -78.983185356876646, -2.913107314731503 ], [ -78.983351629093036, -2.913057705067977 ], [ -78.983554791437854, -2.912996679087215 ], [ -78.983760563409859, -2.912934663189417 ], [ -78.983803895981367, -2.912890799862134 ], [ -78.984889973036445, -2.914085763416275 ], [ -78.984893563179696, -2.914089657667785 ], [ -78.98528416905657, -2.914514392023067 ], [ -78.985460560846292, -2.913982540855631 ], [ -78.985647004817523, -2.913664075707035 ], [ -78.986172726596635, -2.913100835605285 ], [ -78.986464716528261, -2.912848471339641 ], [ -78.986683509305038, -2.912746334271032 ], [ -78.986869445521251, -2.912713666656767 ], [ -78.987266598067393, -2.912743673155897 ], [ -78.987434253144187, -2.912725710157453 ], [ -78.988079302390787, -2.911708260451246 ], [ -78.987631370672986, -2.911509631457798 ], [ -78.987045016809986, -2.911325401340015 ], [ -78.986821226215042, -2.911152761223135 ], [ -78.986562880078878, -2.910892176641534 ], [ -78.986421095705879, -2.910723390548784 ], [ -78.986235959310648, -2.910305345509644 ], [ -78.986149356908868, -2.909850859468238 ], [ -78.986140294922691, -2.909788547919252 ], [ -78.985958572666803, -2.909524393881279 ], [ -78.985496255345979, -2.909274474335398 ], [ -78.985252333810024, -2.909145829891798 ], [ -78.985033991450607, -2.908943905526055 ], [ -78.984932600357595, -2.908613983794459 ], [ -78.984531218775203, -2.907876751645439 ], [ -78.983869310581227, -2.907095201846773 ], [ -78.983678428676825, -2.906874972856899 ], [ -78.983503796234999, -2.906720775199171 ], [ -78.983726904555112, -2.906263228537616 ], [ -78.983924740120742, -2.905655368397321 ], [ -78.984187105026209, -2.904611647440431 ], [ -78.984416502500679, -2.90369969065524 ], [ -78.984457128361598, -2.903406641201021 ], [ -78.984537509557967, -2.902245417187479 ], [ -78.984647212899716, -2.901029183341008 ], [ -78.98469778901152, -2.900245203431736 ], [ -78.984712622667914, -2.900094961853624 ], [ -78.984610242897148, -2.899255736748033 ], [ -78.98435890296372, -2.89920402271783 ], [ -78.983346410068521, -2.898861442105733 ], [ -78.98161478103512, -2.898217219405724 ], [ -78.980338389984809, -2.89775689838533 ], [ -78.979295051968307, -2.897366703036599 ], [ -78.97909470730265, -2.897311372659961 ], [ -78.97850081451908, -2.89722604319295 ], [ -78.977242136943971, -2.897073519972567 ], [ -78.976881535209444, -2.896973961011109 ], [ -78.976464519584454, -2.896841299865278 ], [ -78.975987013125433, -2.896895414924861 ], [ -78.97544396485624, -2.896942088663648 ], [ -78.975010459958128, -2.896879015904279 ], [ -78.974811862582371, -2.896852982072496 ], [ -78.974651644451569, -2.896786783104877 ], [ -78.974524294329655, -2.896694965699725 ], [ -78.974276898716326, -2.896449049138211 ], [ -78.974055067713465, -2.896188531508349 ], [ -78.973793337706141, -2.895861940491972 ], [ -78.973636879596839, -2.895704069071502 ], [ -78.973444015074932, -2.895538899235367 ], [ -78.973221976328858, -2.895395557071934 ], [ -78.97288534394319, -2.895167834322744 ], [ -78.972543135306807, -2.89499136592339 ], [ -78.972080660469828, -2.894785387604453 ], [ -78.971651078660187, -2.894590408301194 ], [ -78.971099362061892, -2.894354885216233 ], [ -78.970848149495026, -2.894233551380623 ], [ -78.9706661524027, -2.894126988831334 ], [ -78.969993178197683, -2.893458982109873 ], [ -78.969713136901674, -2.893165359310797 ], [ -78.969267771366844, -2.892592966885839 ], [ -78.968871400214397, -2.892079340770159 ], [ -78.968653258370637, -2.891818739746187 ], [ -78.968385941263094, -2.891550817327847 ], [ -78.967974690513032, -2.891213018166134 ], [ -78.967658094412201, -2.890996271443041 ], [ -78.967195609950394, -2.89079761631559 ], [ -78.96663740297781, -2.89057311170287 ] ] ] ] } },
{ "type": "Feature", "properties": { "DESCRIP": "San Blas", "CODIGO": "11", "AREA": 1227438.28, "SHAPE_LENG": 5461.4602139799999, "SHAPE_AREA": 1227438.28712 }, "geometry": { "type": "MultiPolygon", "coordinates": [ [ [ [ -78.995326663269609, -2.891948816128563 ], [ -78.995243549987109, -2.892217742621876 ], [ -78.995187468529778, -2.892301999980707 ], [ -78.994544840266656, -2.89287761446859 ], [ -78.993627015240207, -2.893671813831281 ], [ -78.992765286693782, -2.894423887685248 ], [ -78.992438003991737, -2.894704585342044 ], [ -78.992343866010131, -2.894798901087291 ], [ -78.992049288548941, -2.895248550796316 ], [ -78.991184621973957, -2.895369614637879 ], [ -78.990275975272155, -2.895494577628341 ], [ -78.989851159890875, -2.89555005902096 ], [ -78.989873916614812, -2.896261569766841 ], [ -78.989901523510326, -2.897027247336996 ], [ -78.989919718568373, -2.897469405741433 ], [ -78.989975138484937, -2.897760909819475 ], [ -78.989999953651349, -2.897865382570679 ], [ -78.990204963830706, -2.898335992765408 ], [ -78.990328559869866, -2.898569391567394 ], [ -78.990612329905517, -2.899150628568386 ], [ -78.99071371623269, -2.899178928106696 ], [ -78.990785401421206, -2.899323809235584 ], [ -78.991118995081379, -2.899953506890739 ], [ -78.991559362370069, -2.900616396242031 ], [ -78.992078065073201, -2.901375897567967 ], [ -78.992493511260605, -2.901994801465923 ], [ -78.992744754659057, -2.9023065461867 ], [ -78.992886149233712, -2.902493142382754 ], [ -78.993511901663837, -2.903130052160951 ], [ -78.994083291112986, -2.903692273217263 ], [ -78.994244865487417, -2.903552328139031 ], [ -78.994700082532873, -2.904465060372128 ], [ -78.995070330015238, -2.905320770733642 ], [ -78.995425333933071, -2.906202674418489 ], [ -78.996284851703294, -2.905947699487808 ], [ -78.996503015671578, -2.905895466725998 ], [ -78.996435620291734, -2.906377708909614 ], [ -78.996315417318471, -2.907177664462367 ], [ -78.996160174376755, -2.908010468343833 ], [ -78.99600702824003, -2.908928717601338 ], [ -78.995751658668752, -2.910337690446601 ], [ -78.99590005063466, -2.910335649648927 ], [ -78.996248110182876, -2.910209690111118 ], [ -78.996578434862727, -2.909890753891277 ], [ -78.997824732327487, -2.908717313017529 ], [ -78.998113086651998, -2.908434466865114 ], [ -78.998714362872107, -2.907501100842701 ], [ -78.999011884664029, -2.907067548927654 ], [ -78.999936804097729, -2.906237196923856 ], [ -79.000237273509228, -2.905916758365968 ], [ -78.999913470262285, -2.905494578242782 ], [ -78.999910906662521, -2.905418263548865 ], [ -78.999945081756465, -2.90526317240721 ], [ -79.000178365629196, -2.904999485219304 ], [ -79.000498534547276, -2.904624380308928 ], [ -79.000349913100564, -2.904455311671547 ], [ -79.000240560756836, -2.904302677905746 ], [ -79.000043180500612, -2.903376659834363 ], [ -78.999861891167512, -2.902505100255991 ], [ -78.999648315248066, -2.90153276136441 ], [ -78.999445711012399, -2.90050872486017 ], [ -78.999245609149568, -2.899544638025775 ], [ -78.999124815772646, -2.898942713027132 ], [ -78.999010694187419, -2.898433384705216 ], [ -78.999032509603325, -2.898351778830923 ], [ -78.998883797200037, -2.897414907986945 ], [ -78.998716257226974, -2.89644545456456 ], [ -78.99857311567753, -2.89545958906052 ], [ -78.998372639593853, -2.894195325370205 ], [ -78.997935993640937, -2.894278818034696 ], [ -78.996542818433824, -2.894561425128102 ], [ -78.996492413775812, -2.893357735459515 ], [ -78.996432442616793, -2.892378347705534 ], [ -78.996434120168274, -2.892190921044796 ], [ -78.99620310691887, -2.892187889488441 ], [ -78.995659990069299, -2.892015319503089 ], [ -78.995326663269609, -2.891948816128563 ] ] ] ] } },
{ "type": "Feature", "properties": { "DESCRIP": "El Sagrario", "CODIGO": "01", "AREA": 747708.68, "SHAPE_LENG": 3922.0034657599999, "SHAPE_AREA": 747708.66728000005 }, "geometry": { "type": "MultiPolygon", "coordinates": [ [ [ [ -79.006133429147312, -2.901858920110618 ], [ -79.006079517384421, -2.901679531347898 ], [ -79.006086122384502, -2.901656487162055 ], [ -79.006194172200807, -2.901577836331666 ], [ -79.00624656133364, -2.90154827285646 ], [ -79.006269630763327, -2.90146938120289 ], [ -79.006256536000635, -2.901449647514728 ], [ -79.006171618790134, -2.901413331160599 ], [ -79.005975301410004, -2.90146886032088 ], [ -79.005890161795051, -2.90150822107057 ], [ -79.005818145742168, -2.901550859985717 ], [ -79.005782238483022, -2.901514630354368 ], [ -79.005736548870104, -2.9014158161028 ], [ -79.005618062798234, -2.900932246847678 ], [ -79.005399423467438, -2.899715143006241 ], [ -79.005157950485298, -2.898442032054413 ], [ -79.005060749981695, -2.897922334684123 ], [ -79.00501835300787, -2.897843327280855 ], [ -79.004982514949788, -2.897767586424503 ], [ -79.004896769629056, -2.897228108468428 ], [ -79.004841689843403, -2.896945282936224 ], [ -79.004871289166232, -2.896886113353905 ], [ -79.004881148665319, -2.896853219674696 ], [ -79.004694662314208, -2.895915737114121 ], [ -79.004488840291899, -2.894876141878078 ], [ -79.004304079325451, -2.893928807471397 ], [ -79.004164916398167, -2.89287522560727 ], [ -79.003068610326025, -2.893143268077423 ], [ -79.001489632569246, -2.893536765112946 ], [ -79.000362764421183, -2.893797788052951 ], [ -78.999057384064002, -2.894064370254055 ], [ -78.998372639593853, -2.894195325370205 ], [ -78.998573115645826, -2.895459607143424 ], [ -78.998716257195241, -2.896445472647466 ], [ -78.998883797168304, -2.897414926069853 ], [ -78.999032509571606, -2.898351796913832 ], [ -78.999010694155672, -2.898433402788126 ], [ -78.999124815740927, -2.898942731110044 ], [ -78.999245609117821, -2.899544656108687 ], [ -78.999445710980652, -2.900508742943067 ], [ -78.999648315216319, -2.901532779447326 ], [ -78.999861891135737, -2.902505118338908 ], [ -79.000043180468836, -2.903376677917266 ], [ -79.000240560725061, -2.904302695988667 ], [ -79.000349913068774, -2.904455329754469 ], [ -79.000498534515486, -2.904624398391852 ], [ -79.000178365597407, -2.904999503302224 ], [ -78.999945081724675, -2.905263190490111 ], [ -78.999910906630703, -2.905418281631783 ], [ -78.999913470230496, -2.905494596325697 ], [ -79.00023727347741, -2.905916776448889 ], [ -79.000495487866658, -2.905641379622745 ], [ -79.000850000580385, -2.90521995285207 ], [ -79.001027458129343, -2.904894684013914 ], [ -79.001411857428991, -2.90455775739513 ], [ -79.002546402086054, -2.903824335921955 ], [ -79.003068906700918, -2.903397147729764 ], [ -79.003603122542998, -2.903060485258233 ], [ -79.004806596605491, -2.90235123206819 ], [ -79.005844664381655, -2.901967268857821 ], [ -79.006133429147312, -2.901858920110618 ] ] ] ] } },
{ "type": "Feature", "properties": { "DESCRIP": "Gil Ramirez DÃ¡valos", "CODIGO": "02", "AREA": 622985.89, "SHAPE_LENG": 3315.8716649900002, "SHAPE_AREA": 622985.89920999995 }, "geometry": { "type": "MultiPolygon", "coordinates": [ [ [ [ -79.0116911432807, -2.898480765636656 ], [ -79.011392215038768, -2.897662340013216 ], [ -79.011040272805033, -2.896355215905625 ], [ -79.010706257349412, -2.894720367744326 ], [ -79.01044570395355, -2.893347763852432 ], [ -79.010086663500815, -2.891365406066666 ], [ -79.008966622269966, -2.891629888269962 ], [ -79.007380820778934, -2.892016603265166 ], [ -79.006015913116116, -2.892383180775063 ], [ -79.004164916429772, -2.892875207524301 ], [ -79.004304079357055, -2.893928789388427 ], [ -79.004488840323489, -2.894876123795106 ], [ -79.004694662345827, -2.895915719031148 ], [ -79.004881148696938, -2.896853201591721 ], [ -79.004871289197865, -2.896886095270929 ], [ -79.004841689875036, -2.896945264853248 ], [ -79.004896769660675, -2.897228090385469 ], [ -79.004982514981421, -2.897767568341527 ], [ -79.005018353039517, -2.897843309197877 ], [ -79.005060750013328, -2.897922316601163 ], [ -79.005157950516946, -2.898442013971437 ], [ -79.005399423499071, -2.899715124923261 ], [ -79.005618062829882, -2.900932228764696 ], [ -79.00573654890178, -2.901415798019834 ], [ -79.005782238514698, -2.901514612271384 ], [ -79.00581814577383, -2.901550841902734 ], [ -79.005890161826699, -2.901508202987585 ], [ -79.005975301441666, -2.901468842237894 ], [ -79.006171618821796, -2.90141331307761 ], [ -79.006256536032311, -2.90144962943174 ], [ -79.006269630795003, -2.9014693631199 ], [ -79.006246561365288, -2.901548254773471 ], [ -79.006194172232469, -2.901577818248695 ], [ -79.006086122416164, -2.901656469079069 ], [ -79.006079517416097, -2.901679513264912 ], [ -79.006133438108307, -2.901858938209505 ], [ -79.006516678975373, -2.901715187184752 ], [ -79.006906694918882, -2.901559097225235 ], [ -79.007666068935706, -2.901078165223091 ], [ -79.008110757405817, -2.900512228217723 ], [ -79.008993428726967, -2.899820482890094 ], [ -79.009876120315113, -2.899116620490426 ], [ -79.010179392562208, -2.898888133432382 ], [ -79.0116911432807, -2.898480765636656 ] ] ] ] } },
{ "type": "Feature", "properties": { "DESCRIP": "El BatÃ¡n", "CODIGO": "12", "AREA": 3829138.57, "SHAPE_LENG": 12051.0182343, "SHAPE_AREA": 3829138.56825 }, "geometry": { "type": "MultiPolygon", "coordinates": [ [ [ [ -79.04965901087273, -2.900548365394217 ], [ -79.049618225610359, -2.900313389965195 ], [ -79.049500578786905, -2.899904589406398 ], [ -79.049443050091014, -2.8998369479462 ], [ -79.049427086888784, -2.89981115132035 ], [ -79.049427433694646, -2.899608526164583 ], [ -79.049353861044608, -2.899614818517066 ], [ -79.049168231696541, -2.899624171999983 ], [ -79.048950666700975, -2.899639889828267 ], [ -79.048649805815216, -2.899668302727116 ], [ -79.048435360813087, -2.899700120162004 ], [ -79.048275333796553, -2.899725521700158 ], [ -79.048006527794584, -2.899783013907756 ], [ -79.047868893021928, -2.899808454146301 ], [ -79.047664020861191, -2.899869221567692 ], [ -79.047420727033568, -2.89994285208229 ], [ -79.047225376304908, -2.90001005552212 ], [ -79.046937147670775, -2.900118870843433 ], [ -79.046709839116019, -2.900205368106466 ], [ -79.046530591014374, -2.900269434662187 ], [ -79.046389674652346, -2.900320637928061 ], [ -79.046245599779851, -2.900378255327198 ], [ -79.046114289178277, -2.900439149851724 ], [ -79.045909394826623, -2.900512846457911 ], [ -79.045560420150551, -2.900647324871279 ], [ -79.045227469181555, -2.900772246677202 ], [ -79.044936081942396, -2.90088747537425 ], [ -79.044683121643303, -2.90098676677154 ], [ -79.044439800294469, -2.901076400159701 ], [ -79.044228504515829, -2.901159669429297 ], [ -79.043917872365597, -2.901274954738285 ], [ -79.043674550991014, -2.901364587877589 ], [ -79.043331994198624, -2.901479817514642 ], [ -79.043155921169912, -2.901527794514609 ], [ -79.042858204073937, -2.901610913295689 ], [ -79.042730174927158, -2.901646134420551 ], [ -79.04241642850117, -2.901742064433093 ], [ -79.042166744254274, -2.90181884680266 ], [ -79.041894667821097, -2.901895590171796 ], [ -79.041696197180428, -2.901946692525393 ], [ -79.041427251766876, -2.902033025397448 ], [ -79.041190348405379, -2.902103410068553 ], [ -79.040707003828373, -2.902247327208242 ], [ -79.040441323378403, -2.902317661602154 ], [ -79.040268392426754, -2.902368808041903 ], [ -79.040092302931299, -2.902426368559026 ], [ -79.040089271700126, -2.902358821745108 ], [ -79.040051165804982, -2.90218822887705 ], [ -79.040009750428325, -2.902059493350823 ], [ -79.03998754657303, -2.901950050087267 ], [ -79.040077153970685, -2.901927692147944 ], [ -79.040173241657953, -2.90190218087604 ], [ -79.040269283918448, -2.901850810233558 ], [ -79.040410216922567, -2.901789933454034 ], [ -79.040480796835283, -2.901693581202654 ], [ -79.040490583904372, -2.901545585471127 ], [ -79.040513402127331, -2.901297972780079 ], [ -79.040633301605226, -2.900969967268689 ], [ -79.040705084178867, -2.900801735459399 ], [ -79.040740951165418, -2.900548720377895 ], [ -79.040774384839096, -2.900246423737388 ], [ -79.040780963301955, -2.900133865889448 ], [ -79.040807057508673, -2.899863654543868 ], [ -79.040794513008748, -2.899680266871548 ], [ -79.040767696952543, -2.89948112182615 ], [ -79.040753686776668, -2.899365634850415 ], [ -79.040654586938061, -2.89915560457603 ], [ -79.040476058357257, -2.898801401888072 ], [ -79.040412328079029, -2.898627599943092 ], [ -79.040415742501878, -2.89852462082493 ], [ -79.040473373884538, -2.898479693252002 ], [ -79.040854698951108, -2.898148977034218 ], [ -79.041242404683118, -2.897872973973112 ], [ -79.041482498576102, -2.89777691575726 ], [ -79.04170339367522, -2.897706502606409 ], [ -79.042029969174251, -2.897575241223847 ], [ -79.042202837055228, -2.897507999593091 ], [ -79.042298963177515, -2.897459883622968 ], [ -79.042462275000631, -2.897354017208279 ], [ -79.042529539610186, -2.897302686526419 ], [ -79.042191149581498, -2.896877409931317 ], [ -79.041846295811425, -2.896445792987922 ], [ -79.041527011059173, -2.89604957357888 ], [ -79.041284348349436, -2.895756381863163 ], [ -79.041115114246722, -2.89554053380374 ], [ -79.041214492352495, -2.895431391925796 ], [ -79.041416519265013, -2.895193674093257 ], [ -79.041599218834619, -2.895004114985686 ], [ -79.041522641153719, -2.894875318576984 ], [ -79.041737260967864, -2.894740607551286 ], [ -79.041935857146314, -2.894615452887536 ], [ -79.041913575516261, -2.894551037234155 ], [ -79.042051308610809, -2.894467640143187 ], [ -79.04233640805171, -2.89429444294601 ], [ -79.042317369217145, -2.89422686830809 ], [ -79.042272660773975, -2.894130225263732 ], [ -79.042298306803488, -2.894120595074983 ], [ -79.042208953667568, -2.893995031574667 ], [ -79.042161141782998, -2.893872704680516 ], [ -79.042110298222113, -2.893682830906168 ], [ -79.042113578073725, -2.893605620321813 ], [ -79.042087868590045, -2.893494905143158 ], [ -79.042037182427194, -2.893370584107116 ], [ -79.042014928201539, -2.893290164675184 ], [ -79.041887105901566, -2.892943102912892 ], [ -79.041801275756583, -2.892703439119083 ], [ -79.041779229477385, -2.892659096508925 ], [ -79.041561466445899, -2.892739190412985 ], [ -79.041404606639802, -2.892806460163027 ], [ -79.04128934304147, -2.892844868497475 ], [ -79.041164440742932, -2.892892844321896 ], [ -79.041062014631777, -2.892944204523442 ], [ -79.040853824370558, -2.893053157872557 ], [ -79.040600783708499, -2.893200731897189 ], [ -79.040351013602034, -2.893328962237186 ], [ -79.040238897445789, -2.893367375862874 ], [ -79.040029283932739, -2.893467194360377 ], [ -79.040120674273467, -2.8934010771908 ], [ -79.040178139369843, -2.893348011635494 ], [ -79.040197461157675, -2.89330301744869 ], [ -79.040200764799778, -2.893264415088684 ], [ -79.040159233156984, -2.893203221109127 ], [ -79.040073027997948, -2.893077572690208 ], [ -79.03999001044825, -2.892980953683569 ], [ -79.039977323566944, -2.892932648966215 ], [ -79.039974218659523, -2.892855427409759 ], [ -79.040009591763663, -2.892784692202869 ], [ -79.040044863764706, -2.892720466845184 ], [ -79.040096137449709, -2.892659433832469 ], [ -79.04016670543102, -2.892569410393168 ], [ -79.040253263766957, -2.892489179713942 ], [ -79.040339721152861, -2.89241536845748 ], [ -79.040365477537023, -2.892341361524911 ], [ -79.040372005842357, -2.892257737041 ], [ -79.04042979830885, -2.892171036835572 ], [ -79.040493891433783, -2.892081002111429 ], [ -79.040523127824486, -2.891865498444996 ], [ -79.040564828787183, -2.891775515302583 ], [ -79.040680213606706, -2.891666310603775 ], [ -79.040705864981248, -2.891653515832889 ], [ -79.04075409973089, -2.891476653152615 ], [ -79.040847302068002, -2.891245166027734 ], [ -79.040898606875018, -2.891113426772892 ], [ -79.040921235931052, -2.890975127793388 ], [ -79.040918301787343, -2.890798176413914 ], [ -79.040957323849227, -2.890434676783032 ], [ -79.041063152341081, -2.890286847259505 ], [ -79.041172251181635, -2.890119764521775 ], [ -79.041201127109247, -2.890061947564114 ], [ -79.041310137772385, -2.889946311983164 ], [ -79.041387090093309, -2.88985638975538 ], [ -79.041463992847909, -2.889795400915219 ], [ -79.041540840470759, -2.889766600474581 ], [ -79.041742417675778, -2.889737925531706 ], [ -79.041809604506881, -2.889731622216217 ], [ -79.041982533249239, -2.889680474171524 ], [ -79.042036876860948, -2.889664564388994 ], [ -79.042219299533798, -2.889635856188257 ], [ -79.042411377272273, -2.889587996212851 ], [ -79.042632309041835, -2.889495067928288 ], [ -79.042741209391394, -2.889443808939665 ], [ -79.042830815734405, -2.889421450068113 ], [ -79.042933309254693, -2.889383019213141 ], [ -79.043131882148685, -2.88927070281004 ], [ -79.043404191750554, -2.889055619023357 ], [ -79.043551590089436, -2.888946559425567 ], [ -79.043676429673866, -2.888882398171455 ], [ -79.043798094265725, -2.888834325680189 ], [ -79.043894175371506, -2.888811977870213 ], [ -79.043958108285409, -2.888815343406078 ], [ -79.044006107639277, -2.888828265629491 ], [ -79.04403172044735, -2.888837984551365 ], [ -79.044092478540747, -2.88885734845357 ], [ -79.044175661527248, -2.888857492229623 ], [ -79.044278004498565, -2.888854504508485 ], [ -79.044364457965173, -2.888835304619562 ], [ -79.044396505101531, -2.888816101117046 ], [ -79.044479792583559, -2.888755122946682 ], [ -79.044575838799716, -2.888700586439974 ], [ -79.044700757322502, -2.888642844781193 ], [ -79.044809569681746, -2.888643032782148 ], [ -79.045208586576251, -2.888744175772492 ], [ -79.045651545252582, -2.88791707936917 ], [ -79.045735993342717, -2.887597690144156 ], [ -79.045700753207086, -2.88716959343534 ], [ -79.045262911491889, -2.887265222520636 ], [ -79.044885084916757, -2.887288711575196 ], [ -79.044537338183133, -2.887233860631943 ], [ -79.044060756461192, -2.887160703591825 ], [ -79.043448840743181, -2.887346538825207 ], [ -79.043118551216622, -2.887653477025331 ], [ -79.042727787893497, -2.888195395206977 ], [ -79.042427440853032, -2.888556635005662 ], [ -79.041977404297683, -2.888736690813853 ], [ -79.041722498448195, -2.88876635864533 ], [ -79.040751195700935, -2.888710427113999 ], [ -79.040301055939381, -2.888950790049302 ], [ -79.039922692628579, -2.889287752027306 ], [ -79.039610555845613, -2.88944399439483 ], [ -79.039430649377195, -2.889473881932295 ], [ -79.038798052006868, -2.889448644149847 ], [ -79.038318245339454, -2.889526203820683 ], [ -79.037802250642684, -2.889730284205067 ], [ -79.037346054345093, -2.889988718137782 ], [ -79.036794164321691, -2.890096260684937 ], [ -79.036194581213692, -2.890065111035856 ], [ -79.035753723716752, -2.890136679013483 ], [ -79.035249616762982, -2.890383003022636 ], [ -79.035015712841385, -2.890436846737995 ], [ -79.03453010945303, -2.890381752863258 ], [ -79.033463127379775, -2.890168865508414 ], [ -79.032500105540279, -2.890528947794361 ], [ -79.032302010058103, -2.890625077710598 ], [ -79.031216815826795, -2.890544797814582 ], [ -79.030688532330501, -2.89088755136969 ], [ -79.030208165847014, -2.891290605350813 ], [ -79.029968039614133, -2.891458994620628 ], [ -79.029703996350435, -2.891573092202393 ], [ -79.0293411476774, -2.891620742166034 ], [ -79.028873302525582, -2.891698227188388 ], [ -79.028447203414061, -2.891920631915266 ], [ -79.027696850789269, -2.892389578619948 ], [ -79.027312459695494, -2.892726522500985 ], [ -79.02693355199979, -2.89337694916626 ], [ -79.026584971053452, -2.893858621088769 ], [ -79.026077874181553, -2.894117049060199 ], [ -79.025400086834935, -2.894224363899053 ], [ -79.024884428843691, -2.894181237905999 ], [ -79.022972147499331, -2.893858361721209 ], [ -79.022831468195292, -2.893773757251964 ], [ -79.022478117983624, -2.893477658901569 ], [ -79.021891570373555, -2.892879795536091 ], [ -79.021490122759857, -2.892680086975574 ], [ -79.021010558526356, -2.892619030191915 ], [ -79.020050421453078, -2.89302729448393 ], [ -79.019591706066436, -2.893026490606236 ], [ -79.018998216122313, -2.892959084980053 ], [ -79.019000429678229, -2.893601222729658 ], [ -79.019037800256811, -2.894297581272847 ], [ -79.019085229301865, -2.89458690499805 ], [ -79.019261088109587, -2.895334501131003 ], [ -79.019489714080535, -2.896352624058087 ], [ -79.019718391046609, -2.897341271691508 ], [ -79.019895793904226, -2.897976303107531 ], [ -79.020040191978225, -2.898405037854305 ], [ -79.02042853574963, -2.899522537840227 ], [ -79.020795616430902, -2.90055971143898 ], [ -79.020888331245388, -2.900870543675182 ], [ -79.021804783201901, -2.901595210066115 ], [ -79.022243690715172, -2.90192274437709 ], [ -79.023181348885458, -2.902658207568833 ], [ -79.024371717623595, -2.903645923367763 ], [ -79.024736109532753, -2.903954520392036 ], [ -79.02473317000333, -2.904093756209043 ], [ -79.024335956305251, -2.904302010946237 ], [ -79.024237297897173, -2.904358076641528 ], [ -79.024223849018256, -2.904438433025808 ], [ -79.024338248013308, -2.90448411318636 ], [ -79.025100967137206, -2.904772071246289 ], [ -79.0256280683234, -2.9049604290276 ], [ -79.025870172753955, -2.905105519819001 ], [ -79.02603239355112, -2.905266474144497 ], [ -79.026215843672546, -2.905475657605411 ], [ -79.026395149346541, -2.905741163169798 ], [ -79.026435000008831, -2.905837616862601 ], [ -79.026461441995195, -2.9059394720136 ], [ -79.026447853814673, -2.906100117954295 ], [ -79.026447486600361, -2.906311691469916 ], [ -79.026966747935916, -2.906406364179445 ], [ -79.027194335877283, -2.906521863398023 ], [ -79.027718652382219, -2.906761210936794 ], [ -79.028337527364428, -2.907027397016751 ], [ -79.0289873683205, -2.907068771536496 ], [ -79.02941743159576, -2.907157862150861 ], [ -79.029984083186889, -2.90756591011419 ], [ -79.030653603287206, -2.90782422766768 ], [ -79.031058400315786, -2.907859747073598 ], [ -79.03127570258529, -2.907787794384728 ], [ -79.031654159249612, -2.907662597174795 ], [ -79.032570089246548, -2.907139241376125 ], [ -79.03314591895915, -2.906869812459458 ], [ -79.033313919903378, -2.906757627924231 ], [ -79.033624633393956, -2.906543883667827 ], [ -79.033848528131728, -2.906455847547854 ], [ -79.034341631956366, -2.906285369713275 ], [ -79.035030695222261, -2.906007999591732 ], [ -79.035547502526015, -2.905963422563865 ], [ -79.035833929307316, -2.905961210204635 ], [ -79.036251957855384, -2.906042320586713 ], [ -79.036677948675816, -2.906147495636497 ], [ -79.037108143636559, -2.906161628109782 ], [ -79.037345306235125, -2.906097755520662 ], [ -79.03771337789118, -2.905841251938102 ], [ -79.038095059081101, -2.905410719241083 ], [ -79.038360512600406, -2.905159461271631 ], [ -79.038509902661843, -2.905044530480569 ], [ -79.039120487979815, -2.904697489182728 ], [ -79.039504307766094, -2.904591013696596 ], [ -79.039950763269147, -2.904562677018952 ], [ -79.040079902617776, -2.904613987544342 ], [ -79.04013544312177, -2.90463460893455 ], [ -79.040285581494729, -2.904659463816845 ], [ -79.040454672793174, -2.904644929840996 ], [ -79.040500363529503, -2.904640940625191 ], [ -79.040608238844925, -2.904611562055366 ], [ -79.040625423617058, -2.90460670945112 ], [ -79.040697336054691, -2.904572295319112 ], [ -79.040720203300836, -2.904557597142949 ], [ -79.040755327773496, -2.904527278147363 ], [ -79.040806042277836, -2.90447817953286 ], [ -79.040873985607391, -2.904398640341731 ], [ -79.040927968821606, -2.904331373567334 ], [ -79.0409942033329, -2.904251921799923 ], [ -79.041025281002277, -2.904221595741295 ], [ -79.041064546374969, -2.904188842668086 ], [ -79.041122613982097, -2.904151963125592 ], [ -79.041165102616034, -2.904127443611401 ], [ -79.041214964148622, -2.90410366026105 ], [ -79.041281108203734, -2.904076740640608 ], [ -79.041391435680254, -2.904033351558173 ], [ -79.041463349324687, -2.903998214001478 ], [ -79.04150178276177, -2.903978569935143 ], [ -79.041566316655675, -2.903946674544732 ], [ -79.041616182382612, -2.903920449910091 ], [ -79.041639042608764, -2.903909820456948 ], [ -79.04167423145573, -2.903894329924528 ], [ -79.041698710396361, -2.903883703285335 ], [ -79.041739554942865, -2.903873918868035 ], [ -79.04177391762849, -2.903868191945103 ], [ -79.0418147480176, -2.90386663545979 ], [ -79.041840019357494, -2.903865865663491 ], [ -79.041897213955451, -2.903865965148022 ], [ -79.041977957096734, -2.903873519794652 ], [ -79.042032716626565, -2.903877683809268 ], [ -79.042063736245936, -2.903881083195045 ], [ -79.042089007589766, -2.903880313393255 ], [ -79.042113561060518, -2.903878638170747 ], [ -79.042157637288497, -2.903872204791234 ], [ -79.042207476104863, -2.903861622241769 ], [ -79.042220524311631, -2.903856671989654 ], [ -79.042242570981287, -2.903848482368203 ], [ -79.042286675519449, -2.903825593106565 ], [ -79.042314490219965, -2.903810089722644 ], [ -79.042341497117718, -2.903793680761062 ], [ -79.042368408331583, -2.903780617067394 ], [ -79.04240683196565, -2.903766669219501 ], [ -79.04245263519104, -2.903749569600176 ], [ -79.042468923627368, -2.903742997468474 ], [ -79.042488559174387, -2.90372494817424 ], [ -79.042504163328559, -2.903697940568625 ], [ -79.042577925824006, -2.903528988681198 ], [ -79.04258777609418, -2.90350106689573 ], [ -79.042592683088287, -2.903471509006461 ], [ -79.042594331503665, -2.903454242189437 ], [ -79.042616464154236, -2.90339605199751 ], [ -79.042685161631297, -2.903348521562629 ], [ -79.042753038396711, -2.90330759014831 ], [ -79.042770148777251, -2.903293695642507 ], [ -79.042795534144929, -2.90327891134802 ], [ -79.042829014331474, -2.903263417785271 ], [ -79.042864197564626, -2.903251182200355 ], [ -79.042931155293317, -2.903221732154678 ], [ -79.043058678664096, -2.90316698012708 ], [ -79.043196720881937, -2.903113873866013 ], [ -79.043288239067195, -2.903078679765042 ], [ -79.043352843102767, -2.903058267312807 ], [ -79.043450101177839, -2.90303212488926 ], [ -79.043515416095573, -2.903016686607127 ], [ -79.043539885231425, -2.903011756172195 ], [ -79.043586482251044, -2.90300369957752 ], [ -79.043665724921695, -2.902994795523345 ], [ -79.043702422955505, -2.902990700084328 ], [ -79.043722929327771, -2.902989198615629 ], [ -79.043780857514975, -2.902981071278909 ], [ -79.043842932209671, -2.902967254854476 ], [ -79.043887914868193, -2.902956663757056 ], [ -79.043927950052861, -2.902946877818736 ], [ -79.043964656479361, -2.902937899851877 ], [ -79.044038153668751, -2.902923199081447 ], [ -79.044113353755989, -2.90291184670159 ], [ -79.044141953866017, -2.902910268864127 ], [ -79.044203212061689, -2.902900610190749 ], [ -79.044264463423744, -2.902894929861711 ], [ -79.044323196784703, -2.902889245156064 ], [ -79.044374642973565, -2.90288526572056 ], [ -79.044404058036733, -2.902880434268669 ], [ -79.04446612870241, -2.902868968643451 ], [ -79.044498788187823, -2.902860074044336 ], [ -79.044549443503925, -2.902845333568202 ], [ -79.044578056354297, -2.90283634152197 ], [ -79.044657301691771, -2.902825900295203 ], [ -79.044715321221943, -2.902816959302975 ], [ -79.044741410479247, -2.90281121789259 ], [ -79.044777391736886, -2.902805584073118 ], [ -79.044857469109104, -2.90278194334673 ], [ -79.044935840786579, -2.902756581722257 ], [ -79.044953849039473, -2.9027435024739 ], [ -79.044972669600384, -2.902728706706073 ], [ -79.04500859198356, -2.902704989310626 ], [ -79.04506574328154, -2.902677963322615 ], [ -79.045084555301415, -2.902668140489134 ], [ -79.045106601804164, -2.902660041198712 ], [ -79.045264480911399, -2.902523965896952 ], [ -79.045347881701687, -2.902450239678099 ], [ -79.045409213322458, -2.90239781364024 ], [ -79.045495869842938, -2.902313423800561 ], [ -79.045520458554634, -2.902291223800516 ], [ -79.045585831208868, -2.902242150195586 ], [ -79.045653705101557, -2.902202845997028 ], [ -79.04568799338162, -2.902188077041843 ], [ -79.045725503576023, -2.902182355410758 ], [ -79.04574754169127, -2.902179138621098 ], [ -79.045786771704144, -2.902166909921298 ], [ -79.045821062776909, -2.902150513452439 ], [ -79.045886497261705, -2.902117805466364 ], [ -79.045906121422377, -2.902106356504207 ], [ -79.045951846005238, -2.902082656056165 ], [ -79.045986153987442, -2.902056404114594 ], [ -79.046050821308228, -2.901999101254899 ], [ -79.046126006246325, -2.901944167481464 ], [ -79.046157069652764, -2.901922069101062 ], [ -79.0462045128006, -2.901892584902173 ], [ -79.046247814883571, -2.901865625204542 ], [ -79.046340170448801, -2.901814066626391 ], [ -79.046395798497713, -2.901783782850675 ], [ -79.046418661635201, -2.901771435314968 ], [ -79.046438294319017, -2.901755013393672 ], [ -79.046484145417708, -2.901709974619699 ], [ -79.046504591645444, -2.901691112836727 ], [ -79.046551155189647, -2.901650144074982 ], [ -79.046621493712337, -2.901589505536212 ], [ -79.046672177065801, -2.901558399404365 ], [ -79.046717095056977, -2.90153306998736 ], [ -79.046869222471713, -2.901447075501031 ], [ -79.046948434298429, -2.901403722031562 ], [ -79.046962388749975, -2.90139470447777 ], [ -79.047005679645139, -2.901374254761177 ], [ -79.047125029273928, -2.901313701113311 ], [ -79.047165792396612, -2.901298943303878 ], [ -79.047203464130064, -2.901251449021363 ], [ -79.047216540373739, -2.901230133167854 ], [ -79.047237811443424, -2.901202231042669 ], [ -79.047241973429564, -2.901187500212548 ], [ -79.047246923977312, -2.90113244456975 ], [ -79.04725195732145, -2.9010815482724 ], [ -79.0472765908995, -2.900980685093723 ], [ -79.047304571666515, -2.90086825427831 ], [ -79.047307865357922, -2.90083543845273 ], [ -79.047312864903461, -2.900804253096807 ], [ -79.047320993663831, -2.900783742421418 ], [ -79.047356979344357, -2.900723044248465 ], [ -79.047368432673508, -2.900704166846134 ], [ -79.047417547931204, -2.900643491415916 ], [ -79.047524727598173, -2.900547653764729 ], [ -79.047598268261979, -2.900507545393499 ], [ -79.047636688870753, -2.900495315174116 ], [ -79.047690599829281, -2.900469910835354 ], [ -79.047736411475043, -2.900447837909541 ], [ -79.047804248515547, -2.900429962334341 ], [ -79.047854802521925, -2.900421821906509 ], [ -79.047898153715522, -2.900418641962039 ], [ -79.047919382612633, -2.900415333283348 ], [ -79.047958591511957, -2.900415401191279 ], [ -79.048001844259204, -2.900417194033569 ], [ -79.048083478428723, -2.900429632191012 ], [ -79.048128338743581, -2.900437937872311 ], [ -79.048186332985054, -2.900443734607208 ], [ -79.04823452902933, -2.900447163517001 ], [ -79.048283437689832, -2.90045457202891 ], [ -79.048320210005812, -2.90045960866837 ], [ -79.048361837233386, -2.90046537705366 ], [ -79.048420623962258, -2.900481030658702 ], [ -79.048489217104915, -2.900494259968944 ], [ -79.04850800089865, -2.900500892971431 ], [ -79.048540618226909, -2.900516591677503 ], [ -79.048573241286618, -2.900528944945113 ], [ -79.048625467413586, -2.900542145911171 ], [ -79.04864991966177, -2.900547070793981 ], [ -79.048681020905903, -2.900555352636567 ], [ -79.048713659301569, -2.900558754593753 ], [ -79.048773270895396, -2.900565367862504 ], [ -79.048803394231214, -2.90056704753013 ], [ -79.048849152314176, -2.900576258919474 ], [ -79.048895722854567, -2.900583663363358 ], [ -79.048925931786385, -2.900587874867266 ], [ -79.048943826211158, -2.90058871960339 ], [ -79.048998584451112, -2.900593696944505 ], [ -79.049037791988383, -2.900594578574524 ], [ -79.04913572578414, -2.900593934343902 ], [ -79.049190405249803, -2.90059240147664 ], [ -79.049272170146494, -2.900581059975206 ], [ -79.049339899193171, -2.900573762963563 ], [ -79.049379113704248, -2.900570575803356 ], [ -79.049428138964913, -2.900562432655539 ], [ -79.049466551239234, -2.900555084895539 ], [ -79.049529440855054, -2.900538014397971 ], [ -79.049566134731919, -2.900536359966481 ], [ -79.04965901087273, -2.900548365394217 ] ] ] ] } },
{ "type": "Feature", "properties": { "DESCRIP": "Hermano Miguel", "CODIGO": "15", "AREA": 6380199.99, "SHAPE_LENG": 14906.7306422, "SHAPE_AREA": 6380199.9927500002 }, "geometry": { "type": "MultiPolygon", "coordinates": [ [ [ [ -78.995453468726609, -2.849701977788245 ], [ -78.995438388952337, -2.849738298141046 ], [ -78.995404802209748, -2.849816809809153 ], [ -78.995386022505599, -2.849860718526466 ], [ -78.995362003573703, -2.849918361117821 ], [ -78.995358123179386, -2.849926310828151 ], [ -78.99535694763054, -2.849930106190347 ], [ -78.99532888111618, -2.849988374607362 ], [ -78.995300001236544, -2.850048992381673 ], [ -78.995273921122845, -2.850102562701833 ], [ -78.995263722904411, -2.850123973155032 ], [ -78.995259030241073, -2.850133639323135 ], [ -78.995251720307806, -2.850148816211637 ], [ -78.995213638369705, -2.850226777510415 ], [ -78.99520371053876, -2.850247826775416 ], [ -78.995191696681914, -2.850279179666448 ], [ -78.995170924444125, -2.850331312620964 ], [ -78.995156292687454, -2.85036853788753 ], [ -78.995146638683451, -2.850387236847611 ], [ -78.995135540144062, -2.850409278624845 ], [ -78.995097465841397, -2.850482809602348 ], [ -78.99508402088702, -2.850509729667551 ], [ -78.995078247123644, -2.850520569333238 ], [ -78.995037559133479, -2.850597531490984 ], [ -78.99502122995078, -2.850628334341119 ], [ -78.994977654753569, -2.850710897151967 ], [ -78.994967370193109, -2.850730227906427 ], [ -78.994951672021955, -2.850760127709632 ], [ -78.994906016408024, -2.850849739215965 ], [ -78.994888238924474, -2.850886054820489 ], [ -78.994855937875514, -2.850949017348659 ], [ -78.994839606645016, -2.850980995576007 ], [ -78.994818286696429, -2.851037829107471 ], [ -78.994810066734004, -2.851059243004272 ], [ -78.994808891805633, -2.851062676706228 ], [ -78.994763787731955, -2.851145327226729 ], [ -78.994744483126127, -2.851180736004986 ], [ -78.994741326786709, -2.851185974534015 ], [ -78.994733126529653, -2.851195996217229 ], [ -78.994730245587093, -2.851197980300519 ], [ -78.994715665566716, -2.851205278385311 ], [ -78.994712425718603, -2.851206809767516 ], [ -78.994703340164008, -2.85120878299821 ], [ -78.994687955852001, -2.851213186406984 ], [ -78.9946829191299, -2.851213810499658 ], [ -78.994674465062317, -2.851214609444205 ], [ -78.994669249122154, -2.851214871564745 ], [ -78.994660793333878, -2.851216665067252 ], [ -78.994654947940376, -2.851216926086729 ], [ -78.994642989264847, -2.851216362681261 ], [ -78.994625816213713, -2.851215157252341 ], [ -78.994593461065264, -2.851205426290474 ], [ -78.994558246250804, -2.851185383057068 ], [ -78.994547110170629, -2.851177135845523 ], [ -78.99450407484251, -2.851103553467501 ], [ -78.994476192358235, -2.851055404109256 ], [ -78.994457199967286, -2.850962334229676 ], [ -78.994447304363021, -2.850912769701715 ], [ -78.994431162876239, -2.85083507529876 ], [ -78.994423673261338, -2.850798173028769 ], [ -78.994420462979349, -2.850782616097014 ], [ -78.994413472381297, -2.850769132089737 ], [ -78.994387666237401, -2.850716284808338 ], [ -78.994363520900549, -2.850691016894604 ], [ -78.994342247432655, -2.850669008930817 ], [ -78.994336770959549, -2.850663936132851 ], [ -78.994230976302475, -2.850586717826005 ], [ -78.99428034188891, -2.85043174309137 ], [ -78.994438883963866, -2.850218370591552 ], [ -78.994554782082005, -2.850069027445477 ], [ -78.994521834256659, -2.850038048028201 ], [ -78.994547899994416, -2.849940807452505 ], [ -78.994547965668843, -2.849902833418537 ], [ -78.994545668826262, -2.849879050352333 ], [ -78.994519747099872, -2.849841030881579 ], [ -78.994503320182531, -2.849824365866855 ], [ -78.994366443104283, -2.849781450833023 ], [ -78.993887435187986, -2.849621573887721 ], [ -78.993568921025229, -2.849523640302153 ], [ -78.993191451039465, -2.84940670689 ], [ -78.992969647458978, -2.849335162609439 ], [ -78.992884622709809, -2.849311234831696 ], [ -78.992733632399904, -2.849265853804022 ], [ -78.992478823622278, -2.84919660249908 ], [ -78.992393802985887, -2.849170323928882 ], [ -78.992259260116256, -2.849129763614819 ], [ -78.992181416795674, -2.849112991119302 ], [ -78.992115353211261, -2.849096239235499 ], [ -78.99207761086646, -2.849081887691468 ], [ -78.992047000971979, -2.849051002775453 ], [ -78.992004488560184, -2.849039084074107 ], [ -78.992018642800005, -2.849069940190681 ], [ -78.991994849576002, -2.849152989474342 ], [ -78.991978221824382, -2.849200427984036 ], [ -78.991944920516445, -2.849373694288143 ], [ -78.991921065586837, -2.849492366764736 ], [ -78.991899630387294, -2.849615745026737 ], [ -78.991880590596125, -2.849705945359645 ], [ -78.991866222808653, -2.84979841423165 ], [ -78.991830567584145, -2.849928910331831 ], [ -78.991818668531423, -2.849997785339009 ], [ -78.991787869639637, -2.850076030359115 ], [ -78.991761598523709, -2.850239815406665 ], [ -78.991749765382323, -2.850270626025062 ], [ -78.991744900871097, -2.850327578631791 ], [ -78.99173298534869, -2.850405947123023 ], [ -78.991718683126024, -2.850460532424261 ], [ -78.99170684590527, -2.850493693809072 ], [ -78.991694963418894, -2.850552984899021 ], [ -78.991690184586901, -2.85061237884353 ], [ -78.991683002614124, -2.85065748309087 ], [ -78.991671120119108, -2.850716774178337 ], [ -78.991642646756603, -2.850802165989858 ], [ -78.991614095217201, -2.850932674484192 ], [ -78.991566520196514, -2.851143889773135 ], [ -78.991518957510678, -2.851347962325533 ], [ -78.991492984351183, -2.851443484914357 ], [ -78.991166503946303, -2.851324469927322 ], [ -78.991142625293264, -2.851404806530734 ], [ -78.990830212824577, -2.85136646580487 ], [ -78.990532099552141, -2.851327245928207 ], [ -78.990475110672151, -2.851574067794999 ], [ -78.99043460288479, -2.8517543735303 ], [ -78.990363237539412, -2.852098456053273 ], [ -78.990351244297955, -2.852169681574286 ], [ -78.990332237155442, -2.852240894794831 ], [ -78.990336941376128, -2.852276435904388 ], [ -78.99035338394421, -2.852335867000962 ], [ -78.990391068749958, -2.852383400647366 ], [ -78.990452280129077, -2.85244996257628 ], [ -78.990489927930525, -2.852518833961038 ], [ -78.990504057315206, -2.852563975529677 ], [ -78.990331734822121, -2.852530491245949 ], [ -78.990244581391124, -2.852437754055572 ], [ -78.990206880126138, -2.852399713890099 ], [ -78.99007497104634, -2.852240443636006 ], [ -78.990025420827806, -2.852190447993772 ], [ -78.989952335747304, -2.852126216018642 ], [ -78.989862790767461, -2.852064396364574 ], [ -78.989817948695318, -2.852047681472236 ], [ -78.989737698023163, -2.852019060192379 ], [ -78.989586716164354, -2.851968886641976 ], [ -78.989558394911313, -2.851966486191705 ], [ -78.989482918269061, -2.851933171729798 ], [ -78.989320079187209, -2.851875834627972 ], [ -78.989223414001884, -2.851823495977158 ], [ -78.989140874843372, -2.851766390145899 ], [ -78.989074881276863, -2.851709313340892 ], [ -78.989013530694493, -2.851671231691501 ], [ -78.988923867200342, -2.851625957637803 ], [ -78.988893846871392, -2.851618129337692 ], [ -78.988871032040791, -2.851603532604509 ], [ -78.988826720164795, -2.851695858296558 ], [ -78.988824193572228, -2.851700917065495 ], [ -78.988811106450228, -2.851728832128229 ], [ -78.988802892042159, -2.851746990993554 ], [ -78.988798921054197, -2.851755302143419 ], [ -78.988788632798972, -2.851776712285022 ], [ -78.988780601214529, -2.851793153598437 ], [ -78.988777713208677, -2.851799206290304 ], [ -78.98877221151244, -2.851808690140092 ], [ -78.988768333426975, -2.851815283580533 ], [ -78.988753191128097, -2.851835690646283 ], [ -78.988742196679326, -2.851849504744687 ], [ -78.988737600161969, -2.851855554438269 ], [ -78.988730203048874, -2.851869103605654 ], [ -78.988720448670605, -2.851893769597112 ], [ -78.988717649016237, -2.851900726586587 ], [ -78.988706988986408, -2.851929097975171 ], [ -78.98869354891778, -2.851953124597832 ], [ -78.988679570574035, -2.851976426960849 ], [ -78.988668391570883, -2.851992953162412 ], [ -78.98866478544582, -2.851998281278518 ], [ -78.988658206570562, -2.852006678264355 ], [ -78.988637569472189, -2.852032590955458 ], [ -78.988624771093342, -2.852049566385449 ], [ -78.988616568291633, -2.852061034607216 ], [ -78.988605841405743, -2.852076114971448 ], [ -78.988600160176389, -2.852085417674745 ], [ -78.98859709436519, -2.852090294666898 ], [ -78.988590506699396, -2.852103754837356 ], [ -78.988588882459524, -2.852107006901855 ], [ -78.988578513061825, -2.85212335369294 ], [ -78.988566615309708, -2.852139516972784 ], [ -78.98856291926181, -2.852144844930098 ], [ -78.988556158030036, -2.852154688223041 ], [ -78.988538673990874, -2.852177261113403 ], [ -78.988524348195952, -2.852193510544866 ], [ -78.98851245483705, -2.852207142230336 ], [ -78.988510201145147, -2.85221039318971 ], [ -78.988495150011431, -2.852230077090602 ], [ -78.988489743567868, -2.852236487016806 ], [ -78.988483164061591, -2.852245245655842 ], [ -78.988474965337659, -2.852254363109937 ], [ -78.988472531959189, -2.852257523339394 ], [ -78.988461989935161, -2.852269710766511 ], [ -78.988457214512451, -2.852275217656884 ], [ -78.988449284297218, -2.852285058896173 ], [ -78.988446400368488, -2.852288760820456 ], [ -78.988436754420832, -2.852302758105693 ], [ -78.988425305644498, -2.852319283826566 ], [ -78.988411783175493, -2.852338970407542 ], [ -78.988406193119971, -2.852347549953462 ], [ -78.988400781494803, -2.852356943541154 ], [ -78.98839554892794, -2.852366789514562 ], [ -78.98839013541874, -2.852377268070302 ], [ -78.988382013427824, -2.852393980457972 ], [ -78.988381019580075, -2.852396691142245 ], [ -78.988374336335241, -2.852413406055172 ], [ -78.988373161074264, -2.852417020563918 ], [ -78.988367281629337, -2.8524369013879 ], [ -78.988364211576908, -2.852444219556517 ], [ -78.988362674902291, -2.852448827988 ], [ -78.98836041602857, -2.852455062609014 ], [ -78.988358424564922, -2.852462653913804 ], [ -78.988355708233257, -2.852473408446372 ], [ -78.988354498276792, -2.852497004452819 ], [ -78.988352225116373, -2.852511466749272 ], [ -78.98835050027742, -2.852520866807827 ], [ -78.988349502975424, -2.852525566600312 ], [ -78.988341633162989, -2.852552405829896 ], [ -78.988332866802097, -2.852577706442302 ], [ -78.98832906167523, -2.852594064749084 ], [ -78.988327614921545, -2.852598673338127 ], [ -78.988325702859413, -2.852612322539426 ], [ -78.98832479437965, -2.852617655387726 ], [ -78.98831709043462, -2.852652541779284 ], [ -78.988310208344004, -2.852680196470084 ], [ -78.988305409994879, -2.852698903804143 ], [ -78.988302059969783, -2.852712098409095 ], [ -78.988292935330961, -2.852736584662047 ], [ -78.988288505617106, -2.852750139028384 ], [ -78.988286880275425, -2.852754023989262 ], [ -78.98827189141349, -2.852789620903303 ], [ -78.988260622469596, -2.852806146933031 ], [ -78.988253595075051, -2.852813910223601 ], [ -78.988246748151866, -2.852821312173781 ], [ -78.988232427679776, -2.852834487516493 ], [ -78.988217659012193, -2.852846848343281 ], [ -78.988206583414211, -2.852855599082562 ], [ -78.988202261363639, -2.852858936822445 ], [ -78.988187051566527, -2.852866414502573 ], [ -78.988173017817388, -2.852869825604604 ], [ -78.988157998698497, -2.852871065033479 ], [ -78.988143791544331, -2.852870768845072 ], [ -78.988130393528365, -2.852870564491507 ], [ -78.988117267318941, -2.852869185229412 ], [ -78.988107556563037, -2.852868716107107 ], [ -78.988081209512103, -2.852868669844488 ], [ -78.988067810554469, -2.852869007974225 ], [ -78.988060346584419, -2.85286926611091 ], [ -78.9880512632391, -2.852869973475416 ], [ -78.988035344119297, -2.852871663393625 ], [ -78.988023921397257, -2.852873180378529 ], [ -78.987997749322659, -2.852875937263619 ], [ -78.987985878562853, -2.852876549318615 ], [ -78.987972118976955, -2.852877429299501 ], [ -78.987967622736434, -2.852877511818335 ], [ -78.987956832450266, -2.852877312041901 ], [ -78.987949369737024, -2.852876846865871 ], [ -78.987938578351645, -2.852877279987209 ], [ -78.987929405870446, -2.852877535122773 ], [ -78.987898557713351, -2.852880374208208 ], [ -78.987870678385079, -2.852882404777873 ], [ -78.987866361516993, -2.852882758854093 ], [ -78.98784864223768, -2.852885440165019 ], [ -78.987833259665265, -2.852888848893308 ], [ -78.987815447480401, -2.852893247911441 ], [ -78.987801862556026, -2.852897111867407 ], [ -78.987788276846359, -2.852901427893082 ], [ -78.98778521841048, -2.852902055421719 ], [ -78.987777030199297, -2.852905115126527 ], [ -78.987764072684783, -2.85291015556909 ], [ -78.987750754855341, -2.852915557035656 ], [ -78.987745085550031, -2.85291798826407 ], [ -78.987732036857267, -2.852923751859981 ], [ -78.987722048170994, -2.852927983787457 ], [ -78.98771691839562, -2.852930415963179 ], [ -78.987708368769987, -2.852934469589317 ], [ -78.987700897890122, -2.852938705938417 ], [ -78.98767353453276, -2.852954299546373 ], [ -78.987656427741669, -2.852966746668328 ], [ -78.987640664591694, -2.852982179819993 ], [ -78.987630204620146, -2.852998888085071 ], [ -78.98762929943463, -2.853002322236799 ], [ -78.987626398222787, -2.853015969693158 ], [ -78.987626368849121, -2.853032877106615 ], [ -78.987628775214162, -2.853045268085659 ], [ -78.987632806452325, -2.853054045348583 ], [ -78.987633881742397, -2.853056217179283 ], [ -78.987656219458572, -2.853086635602374 ], [ -78.987668150923312, -2.853102840710291 ], [ -78.987671202762314, -2.853106010569453 ], [ -78.987683856428205, -2.853120589489414 ], [ -78.987688254893285, -2.853125027513394 ], [ -78.987694895117073, -2.853133086045012 ], [ -78.987700006672469, -2.853141141891712 ], [ -78.987706815901277, -2.853155439303896 ], [ -78.987710668082073, -2.853163764181454 ], [ -78.987712817248791, -2.853168921568876 ], [ -78.987716045318564, -2.853174171265564 ], [ -78.987728335371798, -2.853191009903701 ], [ -78.987741076604522, -2.853206945191838 ], [ -78.987747801567011, -2.853217987543105 ], [ -78.987751388695415, -2.853223599527577 ], [ -78.987762155735666, -2.853237180577709 ], [ -78.987770679132154, -2.853248226087902 ], [ -78.987777675116718, -2.853258545601305 ], [ -78.98778367976368, -2.853270129173187 ], [ -78.987787175242744, -2.853276735553681 ], [ -78.987793980702705, -2.853293202902265 ], [ -78.987797742334067, -2.853301889278292 ], [ -78.987798996839516, -2.853304423081024 ], [ -78.987807335680799, -2.853318180695221 ], [ -78.987810742652059, -2.853323973192009 ], [ -78.987828495468449, -2.853353750665632 ], [ -78.987838806461411, -2.853371037900281 ], [ -78.987842124139476, -2.853376468583313 ], [ -78.987845350639205, -2.853382622420316 ], [ -78.987850458268966, -2.853392938617533 ], [ -78.987854479926725, -2.853407231134956 ], [ -78.987857412313659, -2.853427398666329 ], [ -78.987859703153035, -2.853454526969251 ], [ -78.987859673621159, -2.853471524799009 ], [ -78.987859572546412, -2.853477944034223 ], [ -78.987856714912766, -2.853518263776476 ], [ -78.987852964030211, -2.853555146207539 ], [ -78.987851508945354, -2.853564546735023 ], [ -78.987848785216727, -2.853579550718391 ], [ -78.987845684206576, -2.853604680436443 ], [ -78.987844862657795, -2.853611731305841 ], [ -78.987840861644315, -2.853637311514116 ], [ -78.98783372373839, -2.853656918870644 ], [ -78.987822178096565, -2.853677422626818 ], [ -78.987815134038939, -2.853694769791145 ], [ -78.987814122591601, -2.853707606839461 ], [ -78.987813206878656, -2.853717098728282 ], [ -78.98780994126092, -2.853733457972905 ], [ -78.987804511865704, -2.85375306832974 ], [ -78.98779972119145, -2.853767345367109 ], [ -78.987797451467529, -2.853779818547751 ], [ -78.987796590640642, -2.853809472912801 ], [ -78.987795678383279, -2.853816975693779 ], [ -78.987793506121861, -2.85382510916105 ], [ -78.987788812909614, -2.853835046484823 ], [ -78.98778232267658, -2.853844166923226 ], [ -78.98776888820224, -2.853864938601333 ], [ -78.98776203655359, -2.8538750529613 ], [ -78.987757347897002, -2.853882368279124 ], [ -78.987750583655952, -2.853893929420536 ], [ -78.987746978616428, -2.853898624628474 ], [ -78.987740036574166, -2.853909010071986 ], [ -78.987736071533334, -2.853913885475865 ], [ -78.987734089327148, -2.853916142349835 ], [ -78.987727511528036, -2.853923906419619 ], [ -78.987722195775603, -2.853929864421435 ], [ -78.987714268836029, -2.853937806949247 ], [ -78.987705262521231, -2.853945928409098 ], [ -78.987698868493339, -2.85395143244495 ], [ -78.987687708141905, -2.853957199349467 ], [ -78.987675745251209, -2.853959077030913 ], [ -78.98763834158018, -2.853956841372678 ], [ -78.98762494198472, -2.853957541144042 ], [ -78.98761927581559, -2.853958164088459 ], [ -78.987576999402023, -2.853965684605759 ], [ -78.98755504875713, -2.853971251721101 ], [ -78.987535887571596, -2.853975738766191 ], [ -78.98752797084515, -2.853977804383621 ], [ -78.987518884821938, -2.853980048774916 ], [ -78.987509257225526, -2.853983467599678 ], [ -78.987481094910123, -2.853993092439532 ], [ -78.987455548496342, -2.853998020334376 ], [ -78.987443944979134, -2.854000079472757 ], [ -78.987437379121587, -2.854000972077908 ], [ -78.987419393361961, -2.854001754201999 ], [ -78.987411390799821, -2.854001468897307 ], [ -78.987389542177908, -2.854000074291462 ], [ -78.987381000714194, -2.853999426382673 ], [ -78.987352768907726, -2.853997297245661 ], [ -78.98732291835374, -2.853995255677699 ], [ -78.987311948846866, -2.853994693915989 ], [ -78.98728614461389, -2.853992749871856 ], [ -78.987266725294788, -2.853990545804784 ], [ -78.987241733187048, -2.85398697573082 ], [ -78.987231933448925, -2.853985963952924 ], [ -78.987197949170664, -2.853982378075892 ], [ -78.987186710685506, -2.853981363769265 ], [ -78.987179696949198, -2.85398126102929 ], [ -78.98717295282087, -2.853981249177299 ], [ -78.987160272288037, -2.853982131034927 ], [ -78.987148396492756, -2.853985636319146 ], [ -78.987137593785548, -2.853992579229521 ], [ -78.98712489344922, -2.854004853243877 ], [ -78.987122101318221, -2.854007470349309 ], [ -78.98710778663451, -2.85401730034211 ], [ -78.987077366533995, -2.854032526882679 ], [ -78.98706908697811, -2.854036400142792 ], [ -78.98706395798277, -2.854038380241342 ], [ -78.987053068025233, -2.854043785955147 ], [ -78.987048478088596, -2.854046038243659 ], [ -78.987032906857991, -2.854054509813062 ], [ -78.987017696099997, -2.854062529944539 ], [ -78.987010855762819, -2.854066134490803 ], [ -78.987003206601784, -2.854069466372778 ], [ -78.986994567201663, -2.854073429413723 ], [ -78.986979895659317, -2.854081631320496 ], [ -78.986971255315979, -2.854086136844772 ], [ -78.986959464569068, -2.85409244511593 ], [ -78.986946955705946, -2.854098028810994 ], [ -78.986938766228562, -2.854101811813615 ], [ -78.986925446498091, -2.854108298225157 ], [ -78.986917076391251, -2.854112532981093 ], [ -78.986901056494361, -2.854120461273489 ], [ -78.986886022434959, -2.854130289996712 ], [ -78.986872874844849, -2.854141207005973 ], [ -78.986866571365027, -2.854146349535904 ], [ -78.986855581423967, -2.854157541579958 ], [ -78.986847834009012, -2.854165665240382 ], [ -78.986840807696851, -2.854172795611942 ], [ -78.986825854597541, -2.854187778085542 ], [ -78.986823240422595, -2.85419148047273 ], [ -78.986818553174956, -2.854197982056165 ], [ -78.98681593632746, -2.854203221480086 ], [ -78.986811051786219, -2.85421975869332 ], [ -78.986807689625408, -2.854239915150721 ], [ -78.986805667014451, -2.854265408400846 ], [ -78.9868047428007, -2.854279782634651 ], [ -78.986802294319617, -2.854291622591221 ], [ -78.986798315911528, -2.854304183171911 ], [ -78.986790377489044, -2.854318725903592 ], [ -78.986786949301546, -2.854325139285504 ], [ -78.986780639531432, -2.854333898371019 ], [ -78.986770275265826, -2.854347261453118 ], [ -78.98676486817142, -2.854354033012791 ], [ -78.98675225507634, -2.854367844212068 ], [ -78.986749822001684, -2.854370823603385 ], [ -78.98674162356042, -2.854379760196417 ], [ -78.986734325593986, -2.854387975058748 ], [ -78.98672612715248, -2.854396911651496 ], [ -78.986720631236366, -2.854403050155057 ], [ -78.986715496422107, -2.854408375565593 ], [ -78.986709461290019, -2.854414332292659 ], [ -78.986691087543306, -2.854431388273839 ], [ -78.986680549092441, -2.85444149613641 ], [ -78.98667613553836, -2.854445737844207 ], [ -78.986667399137957, -2.854453769348149 ], [ -78.98665263012056, -2.854466310955601 ], [ -78.98664335497574, -2.854473889440976 ], [ -78.986635707069766, -2.854476498006451 ], [ -78.986627972544014, -2.854477207721474 ], [ -78.986619612182722, -2.854475836809658 ], [ -78.986608470066059, -2.854471115681844 ], [ -78.986598405437761, -2.854467300590328 ], [ -78.986590766180072, -2.854464936390083 ], [ -78.986582854169754, -2.854464289579927 ], [ -78.986575389252238, -2.854465090182843 ], [ -78.986563153294895, -2.854468866065494 ], [ -78.986558832807091, -2.854471299652272 ], [ -78.986555142242963, -2.854473463104005 ], [ -78.986551809950541, -2.854476440913345 ], [ -78.986535599983611, -2.854490245783285 ], [ -78.986530737292242, -2.854494215457732 ], [ -78.98651335519763, -2.854509826549845 ], [ -78.986498584606338, -2.854523272292696 ], [ -78.986492552460675, -2.8545275111531 ], [ -78.986481665014111, -2.854531470233685 ], [ -78.986474558210844, -2.854533175607117 ], [ -78.986465744782052, -2.854533793009449 ], [ -78.986442545608924, -2.85453339056046 ], [ -78.986431218618236, -2.854531562359809 ], [ -78.986419175556321, -2.854527834202127 ], [ -78.986403362073005, -2.854520482847269 ], [ -78.986379922228636, -2.854503353350673 ], [ -78.986352448646358, -2.854478893212666 ], [ -78.986339518634878, -2.854468111189203 ], [ -78.986326944536259, -2.854459499731878 ], [ -78.986315174543577, -2.854453873356319 ], [ -78.98629828294581, -2.854445977620352 ], [ -78.98628399388798, -2.854441070128468 ], [ -78.986280309300071, -2.854439797850895 ], [ -78.986271231454808, -2.854437340705275 ], [ -78.986250917801129, -2.854432332205013 ], [ -78.986234019442293, -2.854428324266142 ], [ -78.986204353461645, -2.854423570561919 ], [ -78.986179362623275, -2.854419277149307 ], [ -78.986135760355282, -2.854413594794684 ], [ -78.986117421678571, -2.854410488463346 ], [ -78.986109150928087, -2.854409298534496 ], [ -78.986082357569003, -2.854407352718608 ], [ -78.98606149259308, -2.854409124308594 ], [ -78.986043593145496, -2.854411986083353 ], [ -78.986010666082279, -2.854420969592213 ], [ -78.985993032939732, -2.854425820945818 ], [ -78.985977469411409, -2.854429862211445 ], [ -78.985960379416582, -2.85443263499397 ], [ -78.98591244644399, -2.854435263116963 ], [ -78.985787088027308, -2.854491099405716 ], [ -78.98562910719059, -2.854690908009424 ], [ -78.985393663679673, -2.854861918981574 ], [ -78.985236008321053, -2.854874661212216 ], [ -78.985029305479074, -2.854858746248276 ], [ -78.984933561000361, -2.854897546230371 ], [ -78.984866249280586, -2.854977986725324 ], [ -78.984788488100861, -2.855120704125802 ], [ -78.9847082230674, -2.855203743802521 ], [ -78.98460994721394, -2.855250314884235 ], [ -78.9844134858769, -2.855291559488439 ], [ -78.984341170756622, -2.855301829785719 ], [ -78.98432285730587, -2.855387510074861 ], [ -78.984263377677323, -2.855462810672273 ], [ -78.984227017199728, -2.855532817542584 ], [ -78.984190750889425, -2.855600383394821 ], [ -78.984061284598951, -2.855743009597659 ], [ -78.983949847164936, -2.855911706762776 ], [ -78.983900478340388, -2.85606749360929 ], [ -78.983914165282471, -2.856366336123098 ], [ -78.983895678996063, -2.856602736268005 ], [ -78.983854056892227, -2.856750761126788 ], [ -78.983755554419872, -2.856927256578671 ], [ -78.983512476405025, -2.857041201936845 ], [ -78.983220405465048, -2.85709520677737 ], [ -78.983101483533176, -2.85712103637147 ], [ -78.982805419802219, -2.857195829253628 ], [ -78.98254162365096, -2.85733044256376 ], [ -78.982466564771173, -2.857418644632795 ], [ -78.982414501571284, -2.857623882904466 ], [ -78.982398758506392, -2.857782350798342 ], [ -78.982411295497528, -2.857966817379264 ], [ -78.982435467872193, -2.858182497302859 ], [ -78.982432678060974, -2.858338366039847 ], [ -78.982403946120016, -2.858468240201198 ], [ -78.982357238796851, -2.858592929045534 ], [ -78.98224324213561, -2.858784947945335 ], [ -78.982139664128439, -2.858880965591781 ], [ -78.982063350724346, -2.85896654332043 ], [ -78.981920757964517, -2.859210499659319 ], [ -78.981876636372192, -2.859296224587912 ], [ -78.981847926310095, -2.859464976696326 ], [ -78.981865542240243, -2.859727479409702 ], [ -78.981847091339063, -2.859943084032862 ], [ -78.98185054044248, -2.860182144527398 ], [ -78.981850322658516, -2.860306824938075 ], [ -78.981832048565195, -2.860421166274064 ], [ -78.98181642310449, -2.860512095080123 ], [ -78.981746425875357, -2.860636652243432 ], [ -78.9816118283441, -2.86078189048038 ], [ -78.981451324096653, -2.860932326914889 ], [ -78.981224698119547, -2.861202173618405 ], [ -78.981162360390329, -2.861420322569902 ], [ -78.981104413296435, -2.862007367873767 ], [ -78.981050813049961, -2.862371098549082 ], [ -78.981043007183104, -2.86241258471608 ], [ -78.981002841828655, -2.862498316467526 ], [ -78.980761766845632, -2.86290574711774 ], [ -78.980645215773748, -2.863066658470949 ], [ -78.980373561830774, -2.863271417369011 ], [ -78.980071961623665, -2.863580099033367 ], [ -78.979887752958945, -2.863966924973656 ], [ -78.979795422803051, -2.864314945095803 ], [ -78.979727764133401, -2.864592847744502 ], [ -78.979639327803781, -2.864925233089424 ], [ -78.979560074586658, -2.86514859562828 ], [ -78.9794504097448, -2.865792689998656 ], [ -78.979370695308333, -2.866330420323416 ], [ -78.979238268198614, -2.866673125089203 ], [ -78.979001092669606, -2.867111844344026 ], [ -78.978874176903972, -2.867285665819356 ], [ -78.978697657481177, -2.867747909523633 ], [ -78.978639199720533, -2.867906301127801 ], [ -78.978375172470322, -2.868170835460015 ], [ -78.97801308669959, -2.868357259057844 ], [ -78.977811252821553, -2.868486825395887 ], [ -78.977580793618898, -2.868735867732335 ], [ -78.977351687750627, -2.868982290356659 ], [ -78.977076794057197, -2.869545621784961 ], [ -78.977014309575694, -2.869794871630583 ], [ -78.976864817343213, -2.870329854791546 ], [ -78.976256991311161, -2.870658784447656 ], [ -78.97576565878073, -2.870860527932466 ], [ -78.975583238305816, -2.870995371877997 ], [ -78.9754456482341, -2.871306873138741 ], [ -78.975403875529025, -2.871590064483721 ], [ -78.975432099025511, -2.871699243828768 ], [ -78.97547131912674, -2.87215138131731 ], [ -78.975470866497332, -2.872408607050476 ], [ -78.975247986627181, -2.872795361274829 ], [ -78.974943842721359, -2.873064975615644 ], [ -78.974565699604312, -2.873534633504302 ], [ -78.974482452133373, -2.873880045633649 ], [ -78.974436960203974, -2.874028061911468 ], [ -78.974524224109487, -2.87436338012529 ], [ -78.974678550290662, -2.874761203127567 ], [ -78.97469141217384, -2.874810591806703 ], [ -78.974688717439591, -2.874859952777094 ], [ -78.974650938747061, -2.87507036810421 ], [ -78.974624835019881, -2.875187226252069 ], [ -78.97459886693045, -2.875278135964554 ], [ -78.974410016845667, -2.875386928578459 ], [ -78.974120450456354, -2.875446175901733 ], [ -78.974042799737205, -2.875523973924424 ], [ -78.973972813654953, -2.875640753794943 ], [ -78.973879691589218, -2.87572114620427 ], [ -78.973803267706813, -2.875817119475218 ], [ -78.973658133151176, -2.876071464998211 ], [ -78.973610992355731, -2.876440358184798 ], [ -78.973465652994619, -2.876759710483368 ], [ -78.973161555902351, -2.877052740442774 ], [ -78.972990559865494, -2.877286244442644 ], [ -78.972858402956547, -2.877473073950025 ], [ -78.972718333709238, -2.877761242693516 ], [ -78.972592731772053, -2.877953327773581 ], [ -78.97228743199139, -2.878163265085822 ], [ -78.972064858510322, -2.878323893861233 ], [ -78.971935428358577, -2.878443189170977 ], [ -78.971852619387661, -2.878539241072126 ], [ -78.971780048019852, -2.878642996375696 ], [ -78.971710024648658, -2.878780570800362 ], [ -78.971664485947812, -2.878954535103433 ], [ -78.971630554414119, -2.879175354231304 ], [ -78.971583572958281, -2.879453291248288 ], [ -78.971565137514858, -2.879606599293405 ], [ -78.971487297992155, -2.879790903357094 ], [ -78.971395094444773, -2.880063515525378 ], [ -78.971319867059847, -2.88024529263134 ], [ -78.971146321785838, -2.88044506702149 ], [ -78.970923731851187, -2.880665458286888 ], [ -78.970820127498158, -2.880774401847182 ], [ -78.970461935621756, -2.880942653204368 ], [ -78.970260078150048, -2.88113460109101 ], [ -78.96980214388401, -2.881414333968718 ], [ -78.969324719474017, -2.881782455708775 ], [ -78.968980656794514, -2.881994943549809 ], [ -78.96874279484291, -2.88205428069355 ], [ -78.968361554528414, -2.882136687538358 ], [ -78.96803059473514, -2.882211499185834 ], [ -78.968045866003678, -2.882372552304744 ], [ -78.968079089464879, -2.88255190104216 ], [ -78.968184751484969, -2.882702809036854 ], [ -78.968435235565892, -2.88282793753904 ], [ -78.969825746058945, -2.882710901717894 ], [ -78.970174603301487, -2.882685577640786 ], [ -78.971155437155616, -2.882612018660268 ], [ -78.972332723348828, -2.882504995424101 ], [ -78.972539479614554, -2.882492345561583 ], [ -78.973502173115591, -2.882405732358257 ], [ -78.973765901366065, -2.882364613406151 ], [ -78.974322846184478, -2.882337037681044 ], [ -78.974504007605589, -2.882152917753635 ], [ -78.974636055422238, -2.882028382957305 ], [ -78.974840474757229, -2.881862477545931 ], [ -78.975130327583926, -2.881642114798479 ], [ -78.975711077981501, -2.881271642031049 ], [ -78.976269818116336, -2.880940097693632 ], [ -78.976461304892112, -2.880815668454075 ], [ -78.977629304652552, -2.880111077645025 ], [ -78.977895816303501, -2.879919242622251 ], [ -78.978440302049009, -2.879613619633524 ], [ -78.978869574407227, -2.879422164434281 ], [ -78.979216088501545, -2.879298010324648 ], [ -78.979822383230385, -2.879127574400139 ], [ -78.980256697307013, -2.87903485922508 ], [ -78.980543570887235, -2.879024971911046 ], [ -78.980621071089402, -2.879032885340095 ], [ -78.981087370679603, -2.879109119731653 ], [ -78.981528897662329, -2.879312522253682 ], [ -78.981867020539198, -2.879562575287883 ], [ -78.982624384232949, -2.880161467147601 ], [ -78.982702108279398, -2.880042168486062 ], [ -78.982769576735393, -2.87992529275775 ], [ -78.982878275582308, -2.879782631895049 ], [ -78.982943058501377, -2.879709963782779 ], [ -78.983062083386244, -2.87962708484645 ], [ -78.983144832708319, -2.879564846234884 ], [ -78.983212223380107, -2.879492182719283 ], [ -78.983284635935306, -2.87942739413014 ], [ -78.983371373800082, -2.8793469893592 ], [ -78.983430890902696, -2.879302882643034 ], [ -78.983516288951733, -2.879217321870088 ], [ -78.983583553123012, -2.879165453293564 ], [ -78.983674043460482, -2.879150062795757 ], [ -78.983746509528004, -2.879105979043475 ], [ -78.983806081243685, -2.87903076996915 ], [ -78.983826841302687, -2.878986594386511 ], [ -78.983826987247966, -2.878903504177784 ], [ -78.98379087132534, -2.878833278784082 ], [ -78.983636199343607, -2.878630295963464 ], [ -78.983556269247472, -2.878521024350317 ], [ -78.983517662802015, -2.878435243339978 ], [ -78.983517781427892, -2.878367704303338 ], [ -78.983545061524111, -2.878297591487081 ], [ -78.983617618656965, -2.878201610238494 ], [ -78.983721100374495, -2.878110837473583 ], [ -78.983809096995429, -2.87803043481005 ], [ -78.983850443502277, -2.878040905814956 ], [ -78.983878758963485, -2.87809809772908 ], [ -78.983948233763044, -2.878272358434947 ], [ -78.983989388655687, -2.878391958814102 ], [ -78.984048709452892, -2.878459603387326 ], [ -78.984120925825721, -2.878506475629624 ], [ -78.984214037719568, -2.878483223680238 ], [ -78.984288994124341, -2.878454785895713 ], [ -78.98440300730671, -2.878306890069704 ], [ -78.984555865445927, -2.878057709000729 ], [ -78.984643975985804, -2.877912389143117 ], [ -78.984780970322646, -2.877889305379237 ], [ -78.984884391486418, -2.877884244846598 ], [ -78.98510525138812, -2.877931380725994 ], [ -78.985229255848182, -2.877931600693148 ], [ -78.985368908132898, -2.877879950713943 ], [ -78.985469794514628, -2.877833295145927 ], [ -78.985552510314946, -2.877841307869204 ], [ -78.985637625656992, -2.877916773764422 ], [ -78.985676186640944, -2.878028593984828 ], [ -78.985688853130256, -2.878189643972744 ], [ -78.985670478877736, -2.878309138832277 ], [ -78.985670323895306, -2.8783974731384 ], [ -78.985701178727567, -2.878493728475317 ], [ -78.985737376987004, -2.878517119521151 ], [ -78.985776129434555, -2.878519810265811 ], [ -78.985941526126879, -2.87850455238755 ], [ -78.986236270820683, -2.878416650063601 ], [ -78.986288004147326, -2.878401190565019 ], [ -78.986444368694379, -2.878357345710124 ], [ -78.986524563536676, -2.878315897382501 ], [ -78.986573766613247, -2.878256220856876 ], [ -78.986635941508453, -2.878183547682143 ], [ -78.986641140082057, -2.878141966384328 ], [ -78.986618030806355, -2.878090027691422 ], [ -78.98663359801381, -2.878032823124145 ], [ -78.986680143028124, -2.878001803158773 ], [ -78.986793910121804, -2.877994138781141 ], [ -78.986985005517468, -2.878041312020657 ], [ -78.987160806117942, -2.878041623583849 ], [ -78.987240874563796, -2.878020970211959 ], [ -78.987344446123103, -2.877930197061411 ], [ -78.987518227526863, -2.877543351336235 ], [ -78.98755990653973, -2.877364133790181 ], [ -78.987605438609791, -2.877192698680113 ], [ -78.987662411273547, -2.877112330938288 ], [ -78.987851234804964, -2.877019086633351 ], [ -78.988169105379328, -2.877024893544749 ], [ -78.988378312076804, -2.877051212852063 ], [ -78.988546189257818, -2.877108651882176 ], [ -78.988729509417723, -2.87723112610258 ], [ -78.988780939060987, -2.877337725168754 ], [ -78.988813097659701, -2.87745993179341 ], [ -78.988952514596932, -2.877491371533147 ], [ -78.989314394758367, -2.877476370421786 ], [ -78.989596140306816, -2.87741710518843 ], [ -78.989937361823479, -2.87733714979837 ], [ -78.990175342832373, -2.877210267417599 ], [ -78.990311064893874, -2.877194956232381 ], [ -78.990432638181531, -2.877145805027588 ], [ -78.990461190425606, -2.877067918339031 ], [ -78.990445870106583, -2.876932721755247 ], [ -78.990365893476707, -2.876849489501174 ], [ -78.990327309106434, -2.876750688771364 ], [ -78.990361376936974, -2.876501295780328 ], [ -78.990423746876786, -2.876316960754844 ], [ -78.990594542057252, -2.876145746666677 ], [ -78.990884074381313, -2.876107289913684 ], [ -78.991080408660252, -2.876141361533159 ], [ -78.991328262721041, -2.876282122786366 ], [ -78.99144171729256, -2.876401851178032 ], [ -78.99153591558408, -2.876477332883475 ], [ -78.991773355879147, -2.876659666368669 ], [ -78.991858462755644, -2.876740376048023 ], [ -78.991915262794876, -2.876758649731185 ], [ -78.992000591268294, -2.876764044559097 ], [ -78.99209104555932, -2.876769358024286 ], [ -78.99219187822041, -2.876701996587389 ], [ -78.992339173345798, -2.876702256836796 ], [ -78.992481206628142, -2.87678044505799 ], [ -78.992774392683302, -2.876864144338172 ], [ -78.993159500957034, -2.876833631559238 ], [ -78.993266821886493, -2.876758415381625 ], [ -78.993484043145514, -2.876675708012107 ], [ -78.993786439721404, -2.876634651237133 ], [ -78.993905373517165, -2.876603668180774 ], [ -78.993988307593085, -2.87648690854712 ], [ -78.993998784919341, -2.876408989682115 ], [ -78.993952502998667, -2.876289379927821 ], [ -78.993901023653294, -2.87615936332927 ], [ -78.993883112195547, -2.876065843054291 ], [ -78.993982844630182, -2.875907522340463 ], [ -78.993988237978726, -2.875754188747113 ], [ -78.993998792440934, -2.875632057287125 ], [ -78.994029893161098, -2.875587989857592 ], [ -78.994141075246787, -2.875567390693077 ], [ -78.994301246841246, -2.875609264016865 ], [ -78.994466498832963, -2.875677095278878 ], [ -78.99452596576657, -2.875661558468388 ], [ -78.994549274821026, -2.875599303929867 ], [ -78.994510780680073, -2.875448514880722 ], [ -78.994480046323488, -2.875334176608903 ], [ -78.99445945914826, -2.875279529874622 ], [ -78.994469904666616, -2.875219784251617 ], [ -78.994544947155973, -2.875141979237387 ], [ -78.994640590547093, -2.875110954898485 ], [ -78.99472069906335, -2.875118871847015 ], [ -78.994805937656679, -2.875124266229077 ], [ -78.994862986381904, -2.875051583072584 ], [ -78.994912211572498, -2.874978976526148 ], [ -78.994992315521742, -2.874989515466481 ], [ -78.995074892080481, -2.875026007761662 ], [ -78.995157608405563, -2.875033929275786 ], [ -78.995240329901605, -2.874987330765177 ], [ -78.99534786727169, -2.874839421176395 ], [ -78.995368771743628, -2.874712154205557 ], [ -78.995376872223076, -2.874501683182271 ], [ -78.995384977244356, -2.874288590139249 ], [ -78.995444638792094, -2.874161391466734 ], [ -78.995506794777882, -2.87409920531628 ], [ -78.995587093516789, -2.87399799199683 ], [ -78.995620793622052, -2.873907094233462 ], [ -78.995642910985936, -2.873857766801128 ], [ -78.995692081835486, -2.873816262698847 ], [ -78.995748945307611, -2.873798189546146 ], [ -78.995808366771968, -2.873808691933487 ], [ -78.995847114919613, -2.873813913842327 ], [ -78.995953262371316, -2.873689419015195 ], [ -78.996046451131264, -2.873622043416383 ], [ -78.996095563039148, -2.873614354269577 ], [ -78.996173072888837, -2.873617022419339 ], [ -78.996242835594799, -2.873627542996535 ], [ -78.996286731930311, -2.873619844653621 ], [ -78.99636697623022, -2.873549824183935 ], [ -78.996400838475637, -2.873417426278884 ], [ -78.996338922468794, -2.873341911366923 ], [ -78.996189092085558, -2.873300056713423 ], [ -78.996109083163702, -2.87323499804054 ], [ -78.99611185840017, -2.873138892111009 ], [ -78.996158430389258, -2.873092229739617 ], [ -78.996385892794407, -2.873066590892523 ], [ -78.996525477072595, -2.873053816973514 ], [ -78.996559203503168, -2.872999356286595 ], [ -78.996569721260499, -2.872898019907709 ], [ -78.996559474990349, -2.87284348179211 ], [ -78.996478320954552, -2.872661424497473 ], [ -78.996462998792879, -2.872578306399363 ], [ -78.99647086355148, -2.87250291437576 ], [ -78.996595116610052, -2.872412175918807 ], [ -78.996664996878366, -2.8723551568298 ], [ -78.996703862606893, -2.87229283908438 ], [ -78.996678054956405, -2.872240895604122 ], [ -78.996670461789023, -2.872160322718788 ], [ -78.996755777260574, -2.87212150413956 ], [ -78.996833449804015, -2.872030683626383 ], [ -78.996823469867422, -2.871874791061691 ], [ -78.99681219593684, -2.871635714666822 ], [ -78.996838347161614, -2.871490283378148 ], [ -78.996861913803329, -2.871279839340778 ], [ -78.996888119268988, -2.871103215050773 ], [ -78.9969838798539, -2.871004650624408 ], [ -78.997144241200274, -2.870937392903534 ], [ -78.997245105532983, -2.870851405058496 ], [ -78.997250467182653, -2.870819136420255 ], [ -78.997250830180391, -2.870817238348798 ], [ -78.997265575970758, -2.870766541604547 ], [ -78.997277412744424, -2.870733922694879 ], [ -78.99727804378243, -2.870733019657146 ], [ -78.99727646322421, -2.870711136505313 ], [ -78.997271193282586, -2.870690693500893 ], [ -78.997257834938608, -2.870667523828161 ], [ -78.997250123847891, -2.870654671370345 ], [ -78.997239540708534, -2.870638649344789 ], [ -78.99722743327311, -2.870620093025229 ], [ -78.997187302247838, -2.870582771564118 ], [ -78.997140610738427, -2.870543178196003 ], [ -78.99710452800899, -2.870504869293552 ], [ -78.997097075208274, -2.870498617567713 ], [ -78.997053780508637, -2.870470693677344 ], [ -78.996996811613911, -2.87044609108142 ], [ -78.996975335147482, -2.870437283076849 ], [ -78.99693453660565, -2.870421840810368 ], [ -78.996914946804566, -2.870414030685901 ], [ -78.996867601309887, -2.870388540866739 ], [ -78.996860418439766, -2.87038219920081 ], [ -78.996851092035172, -2.870367445193986 ], [ -78.996848322811459, -2.87035686179884 ], [ -78.996848627505045, -2.870336790263145 ], [ -78.99684812619023, -2.870314818600264 ], [ -78.996854736383682, -2.870288519538412 ], [ -78.996859433642939, -2.870276321810786 ], [ -78.996883145662622, -2.870240649695223 ], [ -78.996910373034211, -2.870200191779661 ], [ -78.996943435993998, -2.870165169009883 ], [ -78.996979954737967, -2.870107910288176 ], [ -78.996983744580191, -2.870100412529436 ], [ -78.997000269315706, -2.870060930346848 ], [ -78.997003109791279, -2.870030555987513 ], [ -78.997004766004437, -2.870008949775795 ], [ -78.997003895708886, -2.869992311932009 ], [ -78.997002933287774, -2.869976939732679 ], [ -78.99700294634188, -2.869969435331703 ], [ -78.996994055435707, -2.869911102185433 ], [ -78.996981649334103, -2.869857464424878 ], [ -78.99697394736873, -2.869839367931859 ], [ -78.996965512018235, -2.869829317061537 ], [ -78.996896084049609, -2.869781546401047 ], [ -78.996885485189395, -2.869774565827433 ], [ -78.996873087702554, -2.869767672505556 ], [ -78.996870573619844, -2.869765498130651 ], [ -78.996861240608894, -2.869754541534573 ], [ -78.996857210409374, -2.869745131314426 ], [ -78.996852205363851, -2.869727491638795 ], [ -78.996850623858535, -2.869706150979446 ], [ -78.996849402046863, -2.86968481095266 ], [ -78.996847266216562, -2.869671968303947 ], [ -78.996847018778993, -2.869659128976029 ], [ -78.996847042841765, -2.869645295563418 ], [ -78.996848963947087, -2.869626492676161 ], [ -78.996855470047876, -2.869608330754637 ], [ -78.996871441544698, -2.869576713681228 ], [ -78.996892080410632, -2.869550077624841 ], [ -78.996920446559869, -2.869526981329765 ], [ -78.996952577070218, -2.869511034416945 ], [ -78.996981553654322, -2.869498879376372 ], [ -78.997011150424683, -2.869492059895153 ], [ -78.997057923205929, -2.869484908953338 ], [ -78.997070071050558, -2.869480228744873 ], [ -78.99707943771476, -2.869471836641528 ], [ -78.997086923219285, -2.869459282152039 ], [ -78.997091981261789, -2.869446452150227 ], [ -78.997097340679858, -2.869415449312992 ], [ -78.997096803986523, -2.869362103665603 ], [ -78.997098392592321, -2.869327658437899 ], [ -78.997099641157632, -2.869281910768229 ], [ -78.997102520293097, -2.869229294443842 ], [ -78.997101269540778, -2.869224590677849 ], [ -78.997103548758247, -2.869206692563705 ], [ -78.997107635091822, -2.869183824815001 ], [ -78.997109171966159, -2.869179125949657 ], [ -78.997112978152003, -2.869162225081992 ], [ -78.997116043253058, -2.869157800147457 ], [ -78.997122634864098, -2.869142169982865 ], [ -78.997125429565813, -2.86913810623188 ], [ -78.997135167396337, -2.869123114501196 ], [ -78.997139219453928, -2.86911995710802 ], [ -78.997155691794518, -2.869110582930503 ], [ -78.997158842888211, -2.869108418515687 ], [ -78.997173246989476, -2.869099040701911 ], [ -78.997178200953996, -2.869094347843039 ], [ -78.997189460092784, -2.869083608279018 ], [ -78.997196296946939, -2.869082083246358 ], [ -78.997211948499412, -2.869079307901887 ], [ -78.997216000556733, -2.869076150508179 ], [ -78.997231571461242, -2.869068040550733 ], [ -78.99723499342555, -2.869065243708337 ], [ -78.997246886272464, -2.869052064058562 ], [ -78.997249682073985, -2.869047367405421 ], [ -78.997256273682041, -2.869031737238299 ], [ -78.997259072155941, -2.869025503538821 ], [ -78.997263776628998, -2.869009146736251 ], [ -78.997265043731815, -2.869004447395878 ], [ -78.997267499332537, -2.868988538714054 ], [ -78.997271949912061, -2.868963049573961 ], [ -78.99727414501676, -2.86894180596311 ], [ -78.99727482195506, -2.868914501894608 ], [ -78.997274851979938, -2.868897232727694 ], [ -78.997275878707796, -2.868875625404038 ], [ -78.997275291686691, -2.868851212386275 ], [ -78.997275297188523, -2.868848047879247 ], [ -78.997274340727301, -2.86882923992746 ], [ -78.997273749932944, -2.868806996857412 ], [ -78.997273759678905, -2.868801391159236 ], [ -78.997272532346614, -2.868783215634735 ], [ -78.997272268549622, -2.868779779410089 ], [ -78.997270680580328, -2.868762145740342 ], [ -78.997270061333751, -2.868756267692376 ], [ -78.997268562658931, -2.86873899583865 ], [ -78.99726857193312, -2.868733661383954 ], [ -78.997265183766032, -2.86871701911268 ], [ -78.997261805973281, -2.868694409485376 ], [ -78.997259939902193, -2.868681567309401 ], [ -78.997258697793427, -2.868671890746766 ], [ -78.997258078703851, -2.868665922284379 ], [ -78.99725567812213, -2.868650185896656 ], [ -78.997253438682066, -2.868645209148837 ], [ -78.997248522288203, -2.868628292947625 ], [ -78.997247631856482, -2.868623228156021 ], [ -78.997249819883294, -2.868606053196794 ], [ -78.997250459878444, -2.868599996532553 ], [ -78.997254806066664, -2.868582825366222 ], [ -78.997255443703963, -2.868578124919239 ], [ -78.997261137328238, -2.868561769853726 ], [ -78.997263665400268, -2.868555897337185 ], [ -78.997268010173102, -2.86853953990093 ], [ -78.997268915851436, -2.868535834487341 ], [ -78.997273982683154, -2.86851794126894 ], [ -78.997274619219937, -2.868513873723274 ], [ -78.997278966664027, -2.868495979240441 ], [ -78.997280863857256, -2.868490919347842 ], [ -78.997286197629194, -2.868474654063977 ], [ -78.997286836366214, -2.868469320715418 ], [ -78.997289024547783, -2.868452055340963 ], [ -78.997289302490913, -2.868447354261683 ], [ -78.997291582167279, -2.868429184900313 ], [ -78.997290602282987, -2.868423848707195 ], [ -78.997290991367393, -2.868406941830028 ], [ -78.997289110520256, -2.868402598616013 ], [ -78.997284464523162, -2.868385321231383 ], [ -78.997282585404903, -2.868379983458036 ], [ -78.997275145810306, -2.8683661369252 ], [ -78.997272367458166, -2.86836079757162 ], [ -78.997259889324965, -2.868348569650163 ], [ -78.997255849216472, -2.868344855545002 ], [ -78.997243369511921, -2.868333531768458 ], [ -78.997239779963465, -2.868329275966548 ], [ -78.997226043375107, -2.868316774589358 ], [ -78.997223622516401, -2.8683127016708 ], [ -78.997208348743754, -2.868305079989324 ], [ -78.997203676971537, -2.868302630580756 ], [ -78.997188135472385, -2.868293833036847 ], [ -78.997182476429188, -2.868290296916148 ], [ -78.997170088692741, -2.868277797909478 ], [ -78.997166587182079, -2.868274627239448 ], [ -78.997158880491, -2.86825924318704 ], [ -78.997156371909654, -2.868253904307821 ], [ -78.997147405191271, -2.868239150944467 ], [ -78.997144265417461, -2.868234805518357 ], [ -78.997140248256798, -2.868217890899234 ], [ -78.997138097168602, -2.868213818454935 ], [ -78.997137138659795, -2.868196185893007 ], [ -78.997135260013593, -2.868190576876666 ], [ -78.99713852837435, -2.86817268049861 ], [ -78.997137546761422, -2.868168338865266 ], [ -78.997145400584827, -2.868150812204349 ], [ -78.997147924568566, -2.868147290464296 ], [ -78.997153529207239, -2.868130392753875 ], [ -78.997155155371701, -2.868126055703197 ], [ -78.997160759066986, -2.868109700479465 ], [ -78.997162926971825, -2.868104098574131 ], [ -78.99716798986924, -2.868088465717936 ], [ -78.997170157931095, -2.868082773398053 ], [ -78.997175580993058, -2.868066869930315 ], [ -78.997177388732709, -2.868061538636197 ], [ -78.997185868245552, -2.868046183027734 ], [ -78.997187764336843, -2.868041756036398 ], [ -78.99719462632892, -2.868025764682008 ], [ -78.997197783861608, -2.868019893271065 ], [ -78.997204641452925, -2.868006433521965 ], [ -78.997207799771232, -2.868000110038506 ], [ -78.997213671976922, -2.867984478603426 ], [ -78.997215928232762, -2.867979781000486 ], [ -78.997222430530172, -2.867963789013337 ], [ -78.997224056850939, -2.867959361547715 ], [ -78.997230920412861, -2.86794246604751 ], [ -78.997232820275144, -2.867935869108207 ], [ -78.997238152310942, -2.867920598382415 ], [ -78.997238429781206, -2.867916168546611 ], [ -78.997240797646128, -2.867898993902362 ], [ -78.997240807546305, -2.86789329778972 ], [ -78.997241466395849, -2.86787639138681 ], [ -78.997241745437393, -2.867871057406106 ], [ -78.997243665413563, -2.86785288741237 ], [ -78.997244932511862, -2.867848188071085 ], [ -78.99724154371026, -2.867831907459517 ], [ -78.997240294683351, -2.86782620913487 ], [ -78.997236547759726, -2.867809023746501 ], [ -78.997234398870788, -2.867803685499847 ], [ -78.997235329218014, -2.867785785011578 ], [ -78.997235705253885, -2.867776382537016 ], [ -78.997236366302175, -2.867758210331267 ], [ -78.997236015251403, -2.867753236902534 ], [ -78.997237034421403, -2.867735969473604 ], [ -78.997237314091038, -2.867730273834959 ], [ -78.997238242080329, -2.867713729563893 ], [ -78.997238610573262, -2.867708666984622 ], [ -78.997238642628773, -2.867690222429374 ], [ -78.997238291106399, -2.867685520244111 ], [ -78.997238321118942, -2.867668251077192 ], [ -78.997238061248325, -2.867662554490578 ], [ -78.997237732038684, -2.867645013448222 ], [ -78.997236841447616, -2.867640039071576 ], [ -78.997238399527774, -2.867623134248404 ], [ -78.997237780435071, -2.867617165786385 ], [ -78.997239697736873, -2.867600532838576 ], [ -78.997239705907589, -2.867595831285272 ], [ -78.997242254243673, -2.867578295298462 ], [ -78.997243253142173, -2.867572691338108 ], [ -78.997245441941743, -2.867555064304786 ], [ -78.997246081146855, -2.867549459712481 ], [ -78.997247908524415, -2.86753282660651 ], [ -78.997248546629535, -2.867527854915581 ], [ -78.997252981154659, -2.867511588048955 ], [ -78.997254521321125, -2.867504990477049 ], [ -78.997258597880915, -2.867487728418991 ], [ -78.997261122332986, -2.86748393543392 ], [ -78.997267354695254, -2.867468033384506 ], [ -78.997268985413214, -2.867461074312476 ], [ -78.997272790316842, -2.867444896754035 ], [ -78.997273068885406, -2.867439834016587 ], [ -78.997275885889167, -2.867422931404402 ], [ -78.997276885415332, -2.867416965785843 ], [ -78.997277542059592, -2.867401325185043 ], [ -78.997277822199138, -2.867395358302677 ], [ -78.997282257350562, -2.867378729777297 ], [ -78.997282265520482, -2.86737402822385 ], [ -78.997284454159882, -2.867356491604176 ], [ -78.997285991654451, -2.86735143107826 ], [ -78.997290068683043, -2.867333897775845 ], [ -78.997292864946729, -2.867328929875926 ], [ -78.997298287525254, -2.86731329764716 ], [ -78.997300454954086, -2.867307966983421 ], [ -78.997301113796425, -2.86729106057945 ], [ -78.997302381992057, -2.867285728335998 ], [ -78.997303669197535, -2.867269455939176 ], [ -78.997306107495788, -2.867263492847801 ], [ -78.997313958630883, -2.867247503225629 ], [ -78.997315225726553, -2.867242803883527 ], [ -78.997322087704887, -2.867226812523535 ], [ -78.997323083302419, -2.867223107266927 ], [ -78.99733048607699, -2.867206393538534 ], [ -78.997332742328751, -2.867201695933885 ], [ -78.997340859933431, -2.867187605489169 ], [ -78.997343299330737, -2.867181009495991 ], [ -78.997354562051186, -2.867168190382328 ], [ -78.99735735564316, -2.867164759528151 ], [ -78.997368350792684, -2.867150674137334 ], [ -78.997372407081031, -2.867145075546515 ], [ -78.99738178031177, -2.867132886016575 ], [ -78.997385836757047, -2.867127197011123 ], [ -78.997395838979287, -2.867115279830004 ], [ -78.997399893696411, -2.86711058538386 ], [ -78.997410796722178, -2.867097765636906 ], [ -78.997414580569668, -2.867093703618252 ], [ -78.997425482495487, -2.867081516772413 ], [ -78.997429534541894, -2.86707835937246 ], [ -78.997440798831008, -2.867064636111549 ], [ -78.997446111845562, -2.867060305534154 ], [ -78.997456744629133, -2.867047756555721 ], [ -78.99745917915557, -2.8670439634111 ], [ -78.997469544210944, -2.867030238570025 ], [ -78.997472968364804, -2.867026175919134 ], [ -78.997485399613595, -2.867013630098729 ], [ -78.997488913219371, -2.86700983884915 ], [ -78.997503859963956, -2.866998653667992 ], [ -78.997507553887459, -2.866994591490645 ], [ -78.997519445595799, -2.86698204472176 ], [ -78.997522598408693, -2.866978885741732 ], [ -78.997533236059752, -2.866963533911815 ], [ -78.997536030121793, -2.86695983181294 ], [ -78.997544146778793, -2.866946283850789 ], [ -78.997548200866348, -2.866941951061287 ], [ -78.997552634437611, -2.866926226675783 ], [ -78.997554174442442, -2.866919719516129 ], [ -78.997561037041677, -2.866903366492876 ], [ -78.997563833302323, -2.866898398590691 ], [ -78.997570152434776, -2.866884304982313 ], [ -78.997571421727045, -2.866878339835799 ], [ -78.997579182930096, -2.866862350049317 ], [ -78.99758107995757, -2.86685738056775 ], [ -78.99758830099222, -2.866841751491533 ], [ -78.997590828582005, -2.866836150213762 ], [ -78.997597418582629, -2.866821424176954 ], [ -78.997599855777807, -2.866816093984702 ], [ -78.997607075869297, -2.86680100739503 ], [ -78.997609242666243, -2.866796038387011 ], [ -78.997614575938897, -2.866780044335851 ], [ -78.997616745562709, -2.866773447866588 ], [ -78.997622077735599, -2.866758086716791 ], [ -78.997624333984433, -2.866753389110069 ], [ -78.997631198621988, -2.866735860696324 ], [ -78.997633092978845, -2.866732428261021 ], [ -78.997640225187098, -2.866716166123906 ], [ -78.997643381767844, -2.866710837194525 ], [ -78.997650600129816, -2.866696745163299 ], [ -78.997653397017274, -2.866691415602195 ], [ -78.997660617106376, -2.866676329011107 ], [ -78.997663414464824, -2.866670728206363 ], [ -78.997671532058817, -2.86665663775368 ], [ -78.997674059647309, -2.866651036475135 ], [ -78.997682447010746, -2.866636946495879 ], [ -78.997686502352536, -2.866631890388601 ], [ -78.997695518550358, -2.866618163172372 ], [ -78.997707693055219, -2.866598112466249 ], [ -78.997718332896468, -2.866581494827082 ], [ -78.997732130259109, -2.86655900577027 ], [ -78.997736457568564, -2.866552684332921 ], [ -78.997758353520879, -2.866527044977169 ], [ -78.99776267957381, -2.86652144685567 ], [ -78.997775195239669, -2.866512065691959 ], [ -78.99778025606723, -2.866497608210533 ], [ -78.997786507566502, -2.86647067557788 ], [ -78.997786526095325, -2.866460006664628 ], [ -78.997786542425786, -2.866450603554661 ], [ -78.997793429981655, -2.866419874616988 ], [ -78.997797862287086, -2.866404873542763 ], [ -78.997811588563124, -2.866371534582 ], [ -78.997824777182416, -2.866337109698998 ], [ -78.997834156364902, -2.866321484405324 ], [ -78.997839122869834, -2.866309558371256 ], [ -78.997844092671798, -2.866295733632094 ], [ -78.99785414151026, -2.866256963325002 ], [ -78.997858564078555, -2.866247567949937 ], [ -78.997861731018304, -2.866236271659734 ], [ -78.997872291290335, -2.866213686498639 ], [ -78.997883571889744, -2.86619056011288 ], [ -78.997888004191282, -2.866175559036794 ], [ -78.997891084503834, -2.866162363883255 ], [ -78.997891733591445, -2.866151063172587 ], [ -78.997891786813668, -2.866120412648481 ], [ -78.997893064264744, -2.86610974594444 ], [ -78.997893713351971, -2.866098445233725 ], [ -78.997894987505958, -2.866089677234692 ], [ -78.997896284581003, -2.86606770871488 ], [ -78.997896293215646, -2.866062735915958 ], [ -78.997897502564925, -2.866039501434879 ], [ -78.997897536318092, -2.866020062311814 ], [ -78.997897545109581, -2.866014999098377 ], [ -78.997895068547251, -2.865991215658342 ], [ -78.997891325523923, -2.865971769905754 ], [ -78.997888944379014, -2.865944822115298 ], [ -78.997884571892783, -2.865925375257961 ], [ -78.997879047829883, -2.865895890336446 ], [ -78.997879096809129, -2.86586768100461 ], [ -78.997878474881759, -2.865863340002511 ], [ -78.997878535791102, -2.865828259166776 ], [ -78.99787857503641, -2.865805655535484 ], [ -78.997877961899817, -2.865796251319992 ], [ -78.997875463672088, -2.865784945084906 ], [ -78.997872341319095, -2.865770563651145 ], [ -78.997871188643032, -2.865761158488691 ], [ -78.997869323174314, -2.865747954653506 ], [ -78.99786808057496, -2.865738549333245 ], [ -78.997867467438098, -2.865729145117821 ], [ -78.997869396011652, -2.865706002314008 ], [ -78.997869404802287, -2.865700939100611 ], [ -78.997870049491397, -2.865692169996522 ], [ -78.997871950907793, -2.865684668905426 ], [ -78.997873220664005, -2.865678432512846 ], [ -78.997878189358843, -2.865665240672853 ], [ -78.997880097367855, -2.8656539421716 ], [ -78.997887598981421, -2.865632074956151 ], [ -78.997893308722951, -2.865606407173817 ], [ -78.997897655645687, -2.865588783916776 ], [ -78.997900826816888, -2.865575046432565 ], [ -78.997902110856288, -2.865560582317779 ], [ -78.997901511845043, -2.865543040794809 ], [ -78.997897764422774, -2.865526126649799 ], [ -78.997895896597754, -2.86551427903256 ], [ -78.997894128741493, -2.865496645043476 ], [ -78.997893514504412, -2.865487873729655 ], [ -78.997886613177599, -2.865474751471251 ], [ -78.99787980836642, -2.865457831960631 ], [ -78.997869843215696, -2.865448411332075 ], [ -78.997859899882812, -2.865426423084579 ], [ -78.997852471103229, -2.865406337961202 ], [ -78.99783697199598, -2.865373128528406 ], [ -78.997832485568154, -2.865367514937063 ], [ -78.997825038267578, -2.865358098727799 ], [ -78.997816965899673, -2.865346149807207 ], [ -78.997807647635028, -2.865326694271894 ], [ -78.997800840627278, -2.865311040565504 ], [ -78.997796460446722, -2.865296024021917 ], [ -78.997796525741251, -2.865258411580965 ], [ -78.997798429352756, -2.86524964468646 ], [ -78.997799105587745, -2.865222702263676 ], [ -78.997799121911015, -2.865213299153421 ], [ -78.997795474299437, -2.86519068905274 ], [ -78.997791112638708, -2.865165003595934 ], [ -78.99778862084402, -2.865149990366728 ], [ -78.99779116160758, -2.865136794265239 ], [ -78.997790572324661, -2.865113647043107 ], [ -78.997791214970533, -2.865106053327933 ], [ -78.99779808177621, -2.865087259100644 ], [ -78.997813797933333, -2.865047232924974 ], [ -78.997820660343336, -2.865030970303684 ], [ -78.997826884816035, -2.865019588961892 ], [ -78.997836893437423, -2.86500396476483 ], [ -78.997846903157011, -2.86498770766581 ], [ -78.997859448144524, -2.864961418972392 ], [ -78.997871371358784, -2.864930698862115 ], [ -78.99788445478481, -2.864905044015973 ], [ -78.997893231785142, -2.864873685480333 ], [ -78.997895140885788, -2.864861754076174 ], [ -78.997908353306954, -2.864813586169007 ], [ -78.997910792216587, -2.864807261412095 ], [ -78.997911440038607, -2.864796684016702 ], [ -78.997911456358523, -2.864787280905708 ], [ -78.997912738193122, -2.864774082593422 ], [ -78.997912760005136, -2.864761514973911 ], [ -78.997912788250758, -2.864745240358712 ], [ -78.997912164280947, -2.864742074745767 ], [ -78.997911649692256, -2.864727697889025 ], [ -78.997909150360726, -2.864717024556908 ], [ -78.997902916625065, -2.864681932675568 ], [ -78.99790292745233, -2.864675694073112 ], [ -78.997903568996861, -2.864668733258841 ], [ -78.997907991549752, -2.864659337878735 ], [ -78.997907372914952, -2.864653098171852 ], [ -78.997914859287746, -2.864640001160211 ], [ -78.997921715256865, -2.864627445531176 ], [ -78.997926763976068, -2.864619949960294 ], [ -78.997931091270274, -2.864613628516098 ], [ -78.997932984991053, -2.864610557735187 ], [ -78.99793363516514, -2.864598624121584 ], [ -78.997933675333954, -2.864575478001825 ], [ -78.997924421238935, -2.864519042927504 ], [ -78.99791825467149, -2.864497061311118 ], [ -78.997912624347734, -2.864476979346536 ], [ -78.997911471665248, -2.864467574184593 ], [ -78.997912121681537, -2.864455730985583 ], [ -78.997915825945739, -2.864445701441009 ], [ -78.997923948524061, -2.864428717707755 ], [ -78.997937120760668, -2.864403695915425 ], [ -78.997943340674922, -2.864394936591062 ], [ -78.997958376349331, -2.864384294021322 ], [ -78.997965859579992, -2.864373005298285 ], [ -78.997972079493792, -2.86436424597349 ], [ -78.997976499846928, -2.864356116395335 ], [ -78.997980842200661, -2.864341115154822 ], [ -78.997982132659473, -2.8643229440421 ], [ -78.997982141445362, -2.864317880828223 ], [ -78.997985948652783, -2.864300347034107 ], [ -78.997985960576372, -2.86429347552955 ], [ -78.997990931292762, -2.86427910829467 ], [ -78.997996011699726, -2.86425334898612 ], [ -78.998000352953738, -2.864238980646797 ], [ -78.998011636799006, -2.864213955538263 ], [ -78.99801913085193, -2.864196428210737 ], [ -78.998022933821431, -2.864181335608245 ], [ -78.998022942449808, -2.864176362808762 ], [ -78.998021079165369, -2.864161893170554 ], [ -78.998003090434665, -2.86411240471482 ], [ -78.997999335313665, -2.864099920884159 ], [ -78.997998102588781, -2.86408481944858 ], [ -78.997998129728401, -2.864069177734069 ], [ -78.998000047449054, -2.864052273528434 ], [ -78.998002603416069, -2.864030307212915 ], [ -78.998006321794222, -2.864012140358274 ], [ -78.998013917688979, -2.863987741682865 ], [ -78.998020780080239, -2.863971479053605 ], [ -78.998030807348286, -2.863945095516405 ], [ -78.998040840890113, -2.863915095397283 ], [ -78.998045820385386, -2.863895664946337 ], [ -78.998057751094436, -2.863860604924398 ], [ -78.998061474959499, -2.863839273559672 ], [ -78.998069066614519, -2.863817316074729 ], [ -78.998070256162706, -2.863805473820386 ], [ -78.998070380907635, -2.863785401950389 ], [ -78.998067898981105, -2.863764692605013 ], [ -78.998065403878783, -2.863751578080946 ], [ -78.998062994464448, -2.863740904907182 ], [ -78.998053696892768, -2.863709514660496 ], [ -78.998048694767135, -2.863690157117635 ], [ -78.998044404653996, -2.863675050319799 ], [ -78.99804316533735, -2.863663746294653 ], [ -78.998042558619105, -2.863650635082699 ], [ -78.998043205490816, -2.863640600172938 ], [ -78.998043225096865, -2.863629298355692 ], [ -78.998045042066167, -2.863618632594303 ], [ -78.998046319340148, -2.863608056301199 ], [ -78.998048862281266, -2.863593594390758 ], [ -78.998049508054606, -2.863584192382692 ], [ -78.998050781093497, -2.863576057282057 ], [ -78.998055127828039, -2.863558524431219 ], [ -78.998065779057299, -2.863535306503197 ], [ -78.998076425737537, -2.863514710596431 ], [ -78.998090763810708, -2.863491499133059 ], [ -78.998100140745322, -2.863477139621107 ], [ -78.998114561055473, -2.863458358627014 ], [ -78.998132042042329, -2.863437684288374 ], [ -78.998145106918713, -2.863422698338714 ], [ -78.99815449153634, -2.863403908512741 ], [ -78.99816386313698, -2.863392623093712 ], [ -78.998185125280813, -2.863369423768251 ], [ -78.998192608339934, -2.863358225451851 ], [ -78.998208298546601, -2.86333311764356 ], [ -78.998225797876799, -2.863301864798736 ], [ -78.998233924666252, -2.863282439861194 ], [ -78.998233335506029, -2.863259202218367 ], [ -78.998233357146177, -2.863246725010592 ], [ -78.998231496047552, -2.863230989567995 ], [ -78.998229003135364, -2.863216609239991 ], [ -78.998221667551078, -2.863194625575898 ], [ -78.998218539689191, -2.863183408653532 ], [ -78.998216681883264, -2.863165774505584 ], [ -78.998216075159291, -2.863152663292417 ], [ -78.998216762325711, -2.863119391842253 ], [ -78.998216201231685, -2.863079969995465 ], [ -78.99821688510373, -2.863048597250754 ], [ -78.998217530872367, -2.863039195241306 ], [ -78.998218181972192, -2.863026719137209 ], [ -78.998218832131116, -2.86301478552038 ], [ -78.998219487777902, -2.862999687394334 ], [ -78.998222658917214, -2.862985949900867 ], [ -78.998225104243446, -2.862975918142599 ], [ -78.99822954747566, -2.86295458803402 ], [ -78.998250075325217, -2.862939976821618 ], [ -78.99825692248865, -2.862932484395339 ], [ -78.998263782665731, -2.862917487561185 ], [ -78.99826380006958, -2.862907451545966 ], [ -78.998261307311637, -2.862892980803613 ], [ -78.998260711560391, -2.862873540571546 ], [ -78.998260736489897, -2.862859164657887 ], [ -78.998262635691617, -2.862852929364399 ], [ -78.9982651656087, -2.862845971857992 ], [ -78.998266428764154, -2.862843532872108 ], [ -78.998272653050492, -2.862832241930546 ], [ -78.998277711629967, -2.862819050233924 ], [ -78.998277724643117, -2.862811545826077 ], [ -78.998281438610306, -2.862795910571782 ], [ -78.99828460018297, -2.862787688364892 ], [ -78.998288931695384, -2.862778925719965 ], [ -78.998293979299376, -2.862772063041688 ], [ -78.998320169785245, -2.862758908389114 ], [ -78.998332683193723, -2.862750792990377 ], [ -78.998338903088779, -2.862742033655202 ], [ -78.998343965899522, -2.862726400764421 ], [ -78.998348306190422, -2.862712574903594 ], [ -78.998351471994994, -2.862701911502984 ], [ -78.998352664823528, -2.862688170539553 ], [ -78.998352676738222, -2.862681299033245 ], [ -78.9983520615434, -2.862673070205181 ], [ -78.998350904458945, -2.86266619664971 ], [ -78.998350916373553, -2.862659325143404 ], [ -78.99835462829995, -2.862644865277028 ], [ -78.998357169972948, -2.862631126677879 ], [ -78.998360335776709, -2.862620463277014 ], [ -78.998364037826221, -2.862611699527555 ], [ -78.998371528555907, -2.862596070891791 ], [ -78.998374694359214, -2.862585407490717 ], [ -78.99838031959284, -2.862556575019084 ], [ -78.998386016250862, -2.862538411622784 ], [ -78.998388560273838, -2.862523316804738 ], [ -78.998393558239428, -2.862493217425421 ], [ -78.998395462925117, -2.862483817621162 ], [ -78.998400435808691, -2.862468184571104 ], [ -78.998413639494132, -2.862424989422626 ], [ -78.998418617862995, -2.862406191862493 ], [ -78.998422407795616, -2.862398603658905 ], [ -78.998426215911138, -2.862380527366155 ], [ -78.998432467308263, -2.86235359470158 ], [ -78.998436285454773, -2.862329731876595 ], [ -78.998438730774069, -2.862319700115476 ], [ -78.998446233410945, -2.862297199970333 ], [ -78.998458794775047, -2.862261417709604 ], [ -78.99846195399158, -2.862254551718675 ], [ -78.998469436094055, -2.86224389588062 ], [ -78.998486936479964, -2.862212010112564 ], [ -78.998495059014004, -2.862195026357524 ], [ -78.998503192205476, -2.862171894411787 ], [ -78.998507614731338, -2.862162499018731 ], [ -78.998512581183363, -2.862150572963274 ], [ -78.998528889841197, -2.862131795256347 ], [ -78.998566322717664, -2.862117484894335 ], [ -78.998598079789488, -2.862109312793915 ], [ -78.998608066568266, -2.862106256189567 ], [ -78.99861931681356, -2.862100579768561 ], [ -78.99862742179198, -2.862093722442782 ], [ -78.998634898406493, -2.862086231111876 ], [ -78.998637427063287, -2.862079996918351 ], [ -78.998641130203737, -2.862070600263177 ], [ -78.998641782544993, -2.862057400838395 ], [ -78.998641840215768, -2.862024128275217 ], [ -78.998641866230088, -2.862009119455945 ], [ -78.998640001824668, -2.861995282717207 ], [ -78.998636984561827, -2.861972131229012 ], [ -78.998634512321431, -2.86194581617621 ], [ -78.998633282704517, -2.861928906445037 ], [ -78.998633298061947, -2.86192004581682 ], [ -78.998635839724443, -2.861906307213421 ], [ -78.998642061803196, -2.86189628206756 ], [ -78.998653955609939, -2.861882469435828 ], [ -78.998666380178776, -2.861873720965339 ], [ -78.998695727657847, -2.861854966097301 ], [ -78.998710133822016, -2.861844322385993 ], [ -78.998725078270198, -2.86183440293626 ], [ -78.998729492173382, -2.861829980341956 ], [ -78.998737605923552, -2.861818059797113 ], [ -78.998742574406947, -2.861804958348325 ], [ -78.998746996928006, -2.861795562951911 ], [ -78.998753216811281, -2.861786803608469 ], [ -78.998768796359911, -2.861773630335256 ], [ -78.998787543737791, -2.861748618265322 ], [ -78.998806297695381, -2.861719808781988 ], [ -78.998816310636713, -2.86170165293748 ], [ -78.998822623731968, -2.861690995044171 ], [ -78.998829479655072, -2.861678439389667 ], [ -78.998843804510159, -2.861662822714455 ], [ -78.998856949555844, -2.861653442597344 ], [ -78.998879456459022, -2.861638382744061 ], [ -78.998893774732807, -2.861626563480098 ], [ -78.998911243756467, -2.861612760608181 ], [ -78.998931230465814, -2.861599052560966 ], [ -78.998950592257415, -2.86158272138726 ], [ -78.998961221652294, -2.861572071052784 ], [ -78.998979962442121, -2.861550856387266 ], [ -78.998999343657914, -2.861523313801931 ], [ -78.999011775897131, -2.861510135007874 ], [ -78.999024290539609, -2.8615012962716 ], [ -78.999042385574441, -2.861489483618931 ], [ -78.999076675512754, -2.861472636099232 ], [ -78.999095394838307, -2.861463808229335 ], [ -78.999113482353394, -2.861456335475437 ], [ -78.999139130915367, -2.861444536050113 ], [ -78.999159105872465, -2.861437609090148 ], [ -78.999186546471051, -2.86142951981186 ], [ -78.999194014462176, -2.861427001274879 ], [ -78.999203365353054, -2.861427650556395 ], [ -78.999207141020747, -2.861428290073326 ], [ -78.999223955517124, -2.861428952426533 ], [ -78.999235189308123, -2.861432769526394 ], [ -78.999256310395666, -2.861439045144465 ], [ -78.999271954797834, -2.861440338352008 ], [ -78.999300012954521, -2.861439121683341 ], [ -78.999331141492405, -2.861430405955483 ], [ -78.999349224622421, -2.861425464805606 ], [ -78.999360480185402, -2.86141671427304 ], [ -78.999374896208181, -2.861400374424286 ], [ -78.999398618618599, -2.861358463458383 ], [ -78.999413046542628, -2.861335252097263 ], [ -78.999428003040748, -2.861318370703675 ], [ -78.999452400352837, -2.861302138745883 ], [ -78.999459241075385, -2.86129835329923 ], [ -78.999469239907455, -2.861288334754916 ], [ -78.999479863815068, -2.86128084892203 ], [ -78.999489865935544, -2.861268931670224 ], [ -78.999504834333536, -2.861245178762838 ], [ -78.999515480008142, -2.861225125296486 ], [ -78.999520577707173, -2.861189329922937 ], [ -78.99952060370245, -2.86117432109534 ], [ -78.999524935194145, -2.861165558434561 ], [ -78.999536201558172, -2.861150569288373 ], [ -78.999552405071583, -2.86114056160599 ], [ -78.999589831497886, -2.861129958178223 ], [ -78.999611060987917, -2.861125565018416 ], [ -78.999632281709225, -2.861126235077405 ], [ -78.999643525367034, -2.861124356050398 ], [ -78.99965657828831, -2.861116241562458 ], [ -78.999662795968732, -2.861108748011326 ], [ -78.999677260679448, -2.861064289202068 ], [ -78.999681697280408, -2.861046756477535 ], [ -78.999691071031691, -2.861034205216553 ], [ -78.999718520392079, -2.861021052696411 ], [ -78.999728419588948, -2.861016639696479 ], [ -78.999743440949516, -2.861014224791789 ], [ -78.999757740891127, -2.861012984017727 ], [ -78.999782743856414, -2.861010496172056 ], [ -78.999791470766979, -2.861007979832265 ], [ -78.999802724131442, -2.861000495094996 ], [ -78.999809573462912, -2.860991736838919 ], [ -78.999822017587874, -2.860971686512622 ], [ -78.999833936264992, -2.860943497923591 ], [ -78.9998407910753, -2.860931575154436 ], [ -78.999857088734686, -2.860919126425722 ], [ -78.999883899864571, -2.860911036016525 ], [ -78.999897576920489, -2.860905996722717 ], [ -78.999910706767579, -2.860905386801875 ], [ -78.999916916774183, -2.860902323565047 ], [ -78.999940047638091, -2.860890429285051 ], [ -78.99995750678066, -2.860882322503131 ], [ -78.999971899932589, -2.860879183174819 ], [ -78.999985570413486, -2.860877941294746 ], [ -79.000004368694619, -2.86087544258112 ], [ -79.000016783385149, -2.860872390203977 ], [ -79.00002182345392, -2.860869867407998 ], [ -79.000031190625975, -2.860861113555964 ], [ -79.00003551131104, -2.860858589500697 ], [ -79.000044880674466, -2.860848569843272 ], [ -79.000054888107954, -2.860833578481411 ], [ -79.000068051610555, -2.860813529407281 ], [ -79.000079320156118, -2.860797274443045 ], [ -79.000086794718655, -2.860790958480388 ], [ -79.000113627604719, -2.860770300425135 ], [ -79.000119844184766, -2.860763439770649 ], [ -79.000127404287113, -2.860759655575224 ], [ -79.000138021613367, -2.86075596714537 ], [ -79.000149806998891, -2.860752823249284 ], [ -79.000166090567035, -2.860748511831442 ], [ -79.000190997034679, -2.860749821230557 ], [ -79.000217161485068, -2.86075167532043 ], [ -79.000245842526724, -2.860754257133529 ], [ -79.000265802137278, -2.860756190778269 ], [ -79.000290698902802, -2.860763105884817 ], [ -79.000316312861528, -2.860771288055321 ], [ -79.000329976770047, -2.860773843586082 ], [ -79.000361805118359, -2.860776430904718 ], [ -79.000372416028711, -2.860776449473817 ], [ -79.000393014962143, -2.860772688093908 ], [ -79.000439172521624, -2.860757127081296 ], [ -79.000482817715223, -2.860738397146285 ], [ -79.000512786009224, -2.860724616098781 ], [ -79.000552120219936, -2.860702804507403 ], [ -79.000610187827718, -2.860664027679813 ], [ -79.0006488049995, -2.860640858603314 ], [ -79.000664376696037, -2.860632206012174 ], [ -79.000690651573606, -2.860622215922807 ], [ -79.000708746746255, -2.860610312807053 ], [ -79.000721177866552, -2.860597766876277 ], [ -79.000723069378452, -2.860595961886326 ], [ -79.000746218700485, -2.860573398645948 ], [ -79.000764950843291, -2.86055715672429 ], [ -79.000771169610431, -2.860549030256975 ], [ -79.000787380780011, -2.860534592223369 ], [ -79.000803049125665, -2.860522051953957 ], [ -79.000821774695694, -2.860509607447506 ], [ -79.000828619793793, -2.860503290374574 ], [ -79.000836090910568, -2.860498963526089 ], [ -79.000840505897884, -2.860493908011303 ], [ -79.000852307398333, -2.860481451390691 ], [ -79.000870430729421, -2.860453273623592 ], [ -79.000879802274937, -2.860441988145987 ], [ -79.000889793424719, -2.860436399895495 ], [ -79.000896017665923, -2.86042510891185 ], [ -79.000902872462888, -2.860413186126288 ], [ -79.000905400005806, -2.860407584819228 ], [ -79.000911617675825, -2.86040009125278 ], [ -79.000922874317411, -2.860390707786318 ], [ -79.000926660938134, -2.860385018266602 ], [ -79.000940346594746, -2.860375006143917 ], [ -79.000957806825724, -2.860366266433205 ], [ -79.000962846735931, -2.86036383404474 ], [ -79.000965908497236, -2.860361307781038 ], [ -79.000970948563861, -2.860358784977789 ], [ -79.000976532392144, -2.860353821921219 ], [ -79.000980319012498, -2.860348132401051 ], [ -79.000995267813778, -2.860335681282071 ], [ -79.001015883013338, -2.86032251675422 ], [ -79.001022726857897, -2.860316922996242 ], [ -79.001031545879101, -2.86031314099268 ], [ -79.001052048316325, -2.860313176854046 ], [ -79.001061401400335, -2.860312560308761 ], [ -79.001077686061777, -2.86030761596809 ], [ -79.00108768159015, -2.860299496102398 ], [ -79.001095166940061, -2.860286941511725 ], [ -79.001100125686776, -2.860279445740977 ], [ -79.001105803973601, -2.860271860813683 ], [ -79.001110760530224, -2.860265630848775 ], [ -79.001120663945116, -2.860258776631094 ], [ -79.001133170746257, -2.86025445858629 ], [ -79.001143155480875, -2.860252577334876 ], [ -79.001154302644522, -2.86025449554602 ], [ -79.001166797714376, -2.860256958604476 ], [ -79.001183611120524, -2.860258253820586 ], [ -79.001209152530024, -2.860256399776602 ], [ -79.001220398220028, -2.860253345334871 ], [ -79.001244766251673, -2.860254020857659 ], [ -79.001266528707106, -2.860253426013123 ], [ -79.001287753814637, -2.860251564418435 ], [ -79.00130646764805, -2.860245901001541 ], [ -79.001323921308483, -2.860240958700351 ], [ -79.001342642649291, -2.860230955375729 ], [ -79.001358936069437, -2.860220947804642 ], [ -79.001378827503444, -2.860210313620188 ], [ -79.001387645273141, -2.860207254930305 ], [ -79.00140446524982, -2.860204752724179 ], [ -79.001411298301676, -2.860205397578442 ], [ -79.001417502987479, -2.860205408428793 ], [ -79.001429371726445, -2.860206062089016 ], [ -79.001441236242883, -2.860209156946891 ], [ -79.001451208936103, -2.860214237626574 ], [ -79.001464232598863, -2.860223030656766 ], [ -79.001484801191296, -2.860236809706146 ], [ -79.001497290634092, -2.860242527691831 ], [ -79.00152470088166, -2.860251978784452 ], [ -79.001535940161006, -2.86025263134323 ], [ -79.001547182724579, -2.860251385192416 ], [ -79.001575250584096, -2.860244562731835 ], [ -79.001587667620214, -2.860240154108761 ], [ -79.001606388961733, -2.860230150778175 ], [ -79.001617012854865, -2.860222664908596 ], [ -79.001621430966566, -2.86021580109277 ], [ -79.00162953607736, -2.860208853308778 ], [ -79.001641964841596, -2.860197663578925 ], [ -79.001659435861086, -2.860182685234456 ], [ -79.001674473642623, -2.860170776745554 ], [ -79.001680689275375, -2.860164458562164 ], [ -79.00171316117148, -2.860158909606759 ], [ -79.001735554186624, -2.860157682949198 ], [ -79.00176360797262, -2.860158997809101 ], [ -79.001782304294437, -2.860163460833821 ], [ -79.001793538258468, -2.86016718749112 ], [ -79.001809094937599, -2.860167214689996 ], [ -79.001822223695825, -2.860167237643794 ], [ -79.001839680641737, -2.860160396622484 ], [ -79.001849040295639, -2.860155982649869 ], [ -79.001857137587578, -2.86015355560076 ], [ -79.001873418029177, -2.86015105244317 ], [ -79.001880254366469, -2.860149798584692 ], [ -79.001897085134729, -2.860141057751675 ], [ -79.001918321035618, -2.860132957524734 ], [ -79.001943870113678, -2.860126673138269 ], [ -79.001963200276634, -2.860128605647281 ], [ -79.001969401680782, -2.860130515204331 ], [ -79.001984400373985, -2.860141210399217 ], [ -79.001993723129857, -2.860158134308983 ], [ -79.002014270002277, -2.860184481004695 ], [ -79.00204660429543, -2.860206508385452 ], [ -79.002062409170804, -2.860219013290649 ], [ -79.002079216020149, -2.860224105914147 ], [ -79.002091714225628, -2.860224760668287 ], [ -79.002115360697204, -2.8602267007216 ], [ -79.002145936713987, -2.860225488361556 ], [ -79.002156553102751, -2.860222342393508 ], [ -79.002167178090147, -2.860214223612831 ], [ -79.002179603726617, -2.860204842168946 ], [ -79.002190854891865, -2.86019862319841 ], [ -79.002209570918822, -2.860191693956123 ], [ -79.00223017955021, -2.860182326815316 ], [ -79.00224143071523, -2.860176107843932 ], [ -79.002255105581014, -2.860172334315291 ], [ -79.002271292820112, -2.86017172970476 ], [ -79.002285049949023, -2.860172386657012 ], [ -79.002296914317341, -2.860175571922152 ], [ -79.002316860972115, -2.860185009953243 ], [ -79.002343024197188, -2.860187587306035 ], [ -79.002359835583619, -2.860190057897236 ], [ -79.002373595839956, -2.860188906552939 ], [ -79.002379803812019, -2.860187018687526 ], [ -79.002396631299717, -2.860180176555364 ], [ -79.002403466544578, -2.860179555596977 ], [ -79.002417350661247, -2.860179579864288 ], [ -79.002422021171441, -2.86016195709092 ], [ -79.002424473009526, -2.86014812787211 ], [ -79.002430795758286, -2.860131864212231 ], [ -79.002438275626474, -2.860122474119185 ], [ -79.002464487777203, -2.860096751639409 ], [ -79.002488896933286, -2.860073648043925 ], [ -79.002495745151094, -2.860065522656875 ], [ -79.002498092840739, -2.860059921025945 ], [ -79.002507918990631, -2.860045743033865 ], [ -79.002510623558805, -2.860041769497729 ], [ -79.002523234039927, -2.860029495087764 ], [ -79.002527285890466, -2.860026428056762 ], [ -79.002542141321044, -2.860015965871037 ], [ -79.002545832854196, -2.860013259870457 ], [ -79.002561763140903, -2.860005240769505 ], [ -79.002565992649224, -2.860003439859666 ], [ -79.002582369737667, -2.859997049010317 ], [ -79.002586869015062, -2.859995248571784 ], [ -79.00260351555994, -2.859989039022997 ], [ -79.002607925070606, -2.859987148012395 ], [ -79.002624570677725, -2.859981480951933 ], [ -79.002629069642524, -2.859979861342754 ], [ -79.002645269229049, -2.85997211395572 ], [ -79.002649230218509, -2.859969589255573 ], [ -79.00266525027142, -2.859961660724177 ], [ -79.002669391419474, -2.859958955508584 ], [ -79.002686037807806, -2.859952836372709 ], [ -79.002691072247401, -2.859953568490817 ], [ -79.002708615521868, -2.859948807147875 ], [ -79.002712485963073, -2.859946643949422 ], [ -79.002728862113472, -2.859940795585653 ], [ -79.002733361078199, -2.85993917597583 ], [ -79.002750814429675, -2.859934414474844 ], [ -79.002756750287645, -2.859933882356666 ], [ -79.002773389174763, -2.859932103129651 ], [ -79.002778332128813, -2.859933739238286 ], [ -79.002795687587493, -2.859933588734489 ], [ -79.002800544369165, -2.859933054730532 ], [ -79.002809363390313, -2.859929272707034 ], [ -79.002817282399704, -2.859925941186221 ], [ -79.002820884321892, -2.85992305419735 ], [ -79.002835558029176, -2.859913676668437 ], [ -79.002839432220725, -2.859909343513871 ], [ -79.002854015379668, -2.85990032748662 ], [ -79.002859770766662, -2.859900156712744 ], [ -79.002872711714687, -2.859904790493509 ], [ -79.002876934503433, -2.85990687741884 ], [ -79.002882151758669, -2.859905891968856 ], [ -79.002899234167344, -2.859907639702898 ], [ -79.002904811114817, -2.859906654881273 ], [ -79.002920737650228, -2.859900805728058 ], [ -79.002924788249913, -2.859898462013094 ], [ -79.002940539470742, -2.859889990515567 ], [ -79.002944679993433, -2.859887646957593 ], [ -79.002960251993059, -2.859878813486083 ], [ -79.002964032511002, -2.859876650129163 ], [ -79.002980592726374, -2.859868360874299 ], [ -79.002984822546992, -2.859866379132439 ], [ -79.003000212825171, -2.859858630323585 ], [ -79.003004802494175, -2.859856558795216 ], [ -79.003017584222718, -2.85984925750393 ], [ -79.003020104567923, -2.859847815265762 ], [ -79.003024245246706, -2.859845381292458 ], [ -79.003040176625362, -2.859836729277093 ], [ -79.003044316835314, -2.859834566548116 ], [ -79.003060245870088, -2.859827270754584 ], [ -79.003064655692924, -2.859825198911607 ], [ -79.003081035436537, -2.859817270999352 ], [ -79.003085445728047, -2.859814927911775 ], [ -79.003089045774701, -2.859813125899219 ], [ -79.003101106399669, -2.85980681791258 ], [ -79.003104706915025, -2.859804744655468 ], [ -79.003120457665787, -2.859796544398085 ], [ -79.003125047334592, -2.859794472868903 ], [ -79.00314043808055, -2.859786452812334 ], [ -79.003145208064126, -2.859784110352726 ], [ -79.003161138191999, -2.85977618165304 ], [ -79.003165007695202, -2.859774560941014 ], [ -79.003175537753165, -2.859769335260421 ], [ -79.003182197214272, -2.859766363195615 ], [ -79.003186065936291, -2.859765194557613 ], [ -79.003200829095334, -2.859756088422063 ], [ -79.00320550978067, -2.859753384145626 ], [ -79.003220094030809, -2.859743735206444 ], [ -79.003224412680481, -2.859742386523993 ], [ -79.00324106219216, -2.859734459079077 ], [ -79.003244036058021, -2.859730757254625 ], [ -79.00325736497831, -2.859719026574224 ], [ -79.003261236356053, -2.859716320883625 ], [ -79.003277794225852, -2.859709387843824 ], [ -79.00518370853851, -2.858309200145304 ], [ -79.0051607797228, -2.858308255998679 ], [ -79.005122132471797, -2.858296796269031 ], [ -79.005089958120905, -2.858286251981708 ], [ -79.005078634838668, -2.858282163545513 ], [ -79.005069743690612, -2.858275638141138 ], [ -79.005058511735754, -2.858270736127304 ], [ -79.005049624644101, -2.858261859934597 ], [ -79.005015868187215, -2.858230155728444 ], [ -79.004997384605616, -2.85820661553273 ], [ -79.00497891631332, -2.858174214673941 ], [ -79.004963664345439, -2.858153935063219 ], [ -79.004951547047, -2.858140984552094 ], [ -79.004940326326874, -2.858129572663433 ], [ -79.004928206220811, -2.858118249621136 ], [ -79.004920211497037, -2.85811335325438 ], [ -79.004910530545231, -2.858095524572561 ], [ -79.004897685595452, -2.858087364797979 ], [ -79.004876755843682, -2.858074398914681 ], [ -79.004854202018095, -2.858064594730191 ], [ -79.004843688046975, -2.858060507705523 ], [ -79.004831646633022, -2.858055694694741 ], [ -79.004820330375708, -2.858047537586663 ], [ -79.004805067179333, -2.858033767851325 ], [ -79.004797076669348, -2.858026430281597 ], [ -79.004780103532511, -2.858013471300162 ], [ -79.004772922329821, -2.858006135142268 ], [ -79.004759991672032, -2.857995534007799 ], [ -79.004754435948087, -2.857984222417099 ], [ -79.004744753595389, -2.857967207470691 ], [ -79.004728695135327, -2.857945298981255 ], [ -79.004720631552885, -2.857928196443795 ], [ -79.004715873903265, -2.857923396139231 ], [ -79.004711849834763, -2.857910369332156 ], [ -79.004703779075939, -2.857897425881078 ], [ -79.004693371879839, -2.857883574202393 ], [ -79.004683688124089, -2.857867372990889 ], [ -79.004678043882038, -2.857855247509652 ], [ -79.004670057586267, -2.857845468737751 ], [ -79.004661192966495, -2.857823572798677 ], [ -79.004649973500221, -2.857811437591988 ], [ -79.004644320989854, -2.857804104101434 ], [ -79.0046322880048, -2.857794408685687 ], [ -79.00461936437101, -2.857779738881123 ], [ -79.004598441649705, -2.857762704327797 ], [ -79.00456143816389, -2.857736690619103 ], [ -79.004516335997167, -2.857713917728698 ], [ -79.004484969578684, -2.85770418858556 ], [ -79.004439829659049, -2.857703296100497 ], [ -79.004409971025723, -2.857705685219557 ], [ -79.004384152060439, -2.857712059652979 ], [ -79.00435923919008, -2.857714457398922 ], [ -79.004306090514007, -2.857716805881966 ], [ -79.00428594917804, -2.857715957004974 ], [ -79.004259339007618, -2.857711841895394 ], [ -79.004240005574502, -2.857711808163716 ], [ -79.004193242835427, -2.857713354046771 ], [ -79.00416339122782, -2.857711674488928 ], [ -79.004130392318046, -2.857709989438844 ], [ -79.004105402168122, -2.857705063416406 ], [ -79.004084466821482, -2.857695352465465 ], [ -79.00407568371142, -2.857678339090999 ], [ -79.004038670069193, -2.857606123214737 ], [ -79.004025855877074, -2.857580151707126 ], [ -79.004019417785941, -2.857559073743272 ], [ -79.004009018873134, -2.857540430077618 ], [ -79.003959133618991, -2.8574755153733 ], [ -79.003943077990712, -2.857451979420235 ], [ -79.003923883799914, -2.857423374742873 ], [ -79.003910167572556, -2.85739902913586 ], [ -79.003900579528406, -2.8573794827348 ], [ -79.003893327919272, -2.85736084456203 ], [ -79.003885285105468, -2.857331716852054 ], [ -79.003878928668172, -2.857315431035203 ], [ -79.00386289535669, -2.857278965757078 ], [ -79.003851605644286, -2.857255438121482 ], [ -79.00383959374021, -2.857233536698568 ], [ -79.003833171098989, -2.857203507665174 ], [ -79.003817111261256, -2.857182412916162 ], [ -79.0037978170092, -2.857159685051434 ], [ -79.00376399847643, -2.857111886851605 ], [ -79.00375439779512, -2.857099664056749 ], [ -79.003717319727684, -2.857064789535295 ], [ -79.003706094818028, -2.857055818851576 ], [ -79.003683553516012, -2.857038781475906 ], [ -79.003658571813858, -2.857028973052778 ], [ -79.003636023491282, -2.857016004345684 ], [ -79.003595777220553, -2.856993239923999 ], [ -79.003570001664599, -2.856974479017319 ], [ -79.003538647928195, -2.856957426264711 ], [ -79.003494366214937, -2.856928235327048 ], [ -79.003435528397176, -2.856892418685858 ], [ -79.003403372383815, -2.856871295852216 ], [ -79.003362322439159, -2.856845275082466 ], [ -79.003343011347866, -2.856832312023289 ], [ -79.003305149281672, -2.856782788886626 ], [ -79.003276275285955, -2.856735722643088 ], [ -79.003256192659038, -2.856700877781219 ], [ -79.003248130349959, -2.856683051935806 ], [ -79.003233683677664, -2.85666512453479 ], [ -79.003223201880388, -2.856642412051758 ], [ -79.003219998212174, -2.856622967212961 ], [ -79.003220125901095, -2.856601086979366 ], [ -79.003216908187426, -2.85658977947597 ], [ -79.00321611152286, -2.856582454461999 ], [ -79.003200858199335, -2.856562988597378 ], [ -79.003190370784367, -2.856543531049196 ], [ -79.003184836145763, -2.856520013463617 ], [ -79.00317920737082, -2.856498936921801 ], [ -79.003176817220734, -2.85647705229528 ], [ -79.003175234971067, -2.856455982814478 ], [ -79.00317202849314, -2.856438165443455 ], [ -79.003168809530976, -2.856427581259218 ], [ -79.003156794833558, -2.85640730731103 ], [ -79.003137490773256, -2.856390275587603 ], [ -79.003106866274948, -2.856367527959582 ], [ -79.003086746044872, -2.856354473076642 ], [ -79.003067440582285, -2.856338255086826 ], [ -79.003049755134668, -2.856321226188002 ], [ -79.003029473475479, -2.856297502041678 ], [ -79.002992500359369, -2.856253947863589 ], [ -79.002953390479334, -2.856198003089657 ], [ -79.002910296812857, -2.856105704498205 ], [ -79.002876407763523, -2.85604669472452 ], [ -79.002847784363823, -2.856010749988113 ], [ -79.002830037905625, -2.856029073284759 ], [ -79.002796626163516, -2.856058219055447 ], [ -79.002753072814997, -2.856075954825785 ], [ -79.002718703602298, -2.856086744659311 ], [ -79.00269558612446, -2.856090953826003 ], [ -79.002670315963783, -2.856091994707618 ], [ -79.00264666722191, -2.856091410946837 ], [ -79.002629498379576, -2.856087673966373 ], [ -79.002594636455015, -2.856071338412612 ], [ -79.002565075134243, -2.85605781497638 ], [ -79.002528056784172, -2.8560404810927 ], [ -79.002512428960799, -2.856029604010091 ], [ -79.002484042257478, -2.856012827680651 ], [ -79.002476495304904, -2.856009017076471 ], [ -79.00245986241228, -2.856007360576637 ], [ -79.002450240681952, -2.856007343784179 ], [ -79.002430906362193, -2.856007852530832 ], [ -79.002416334200262, -2.856010539550139 ], [ -79.002369013313952, -2.85602293423875 ], [ -79.002346969294337, -2.856030400214175 ], [ -79.002327081390447, -2.856039045348027 ], [ -79.00231529495953, -2.85604282220851 ], [ -79.002292167184336, -2.856052998742534 ], [ -79.002270657861601, -2.856063268515783 ], [ -79.002235646239271, -2.8560815616602 ], [ -79.002218457108725, -2.856089578596283 ], [ -79.002195869649597, -2.856099303994949 ], [ -79.002170588255879, -2.85610685472919 ], [ -79.002149802060742, -2.856114955799756 ], [ -79.002132076984282, -2.856120892252082 ], [ -79.002100853354548, -2.856132682118517 ], [ -79.002081508732644, -2.856139158232792 ], [ -79.002063784592863, -2.85614455219492 ], [ -79.002034180508289, -2.856155802395546 ], [ -79.002009977250154, -2.856163897496985 ], [ -79.001977772745278, -2.856170893648797 ], [ -79.001922906940038, -2.856178302311984 ], [ -79.001882071730734, -2.85618419841216 ], [ -79.001847167672409, -2.856192274826655 ], [ -79.001808931946428, -2.856202967458745 ], [ -79.001791206870251, -2.856208903903589 ], [ -79.0017579131448, -2.856221775122508 ], [ -79.001734244738671, -2.856232583600453 ], [ -79.001701487738188, -2.856247083224419 ], [ -79.001662247871081, -2.856266453938326 ], [ -79.001635875380828, -2.856280964707216 ], [ -79.001602478613421, -2.85630143060069 ], [ -79.001589602802667, -2.856311172939149 ], [ -79.00156970380786, -2.856326237499332 ], [ -79.00154871824401, -2.856345640082206 ], [ -79.001535748761555, -2.856357552216208 ], [ -79.001508921032993, -2.856375317125105 ], [ -79.001482552288223, -2.85638765793353 ], [ -79.001427653685894, -2.856414053658352 ], [ -79.001354044603445, -2.856444214131499 ], [ -79.001306176838, -2.856460857305481 ], [ -79.001302396336413, -2.856463020662747 ], [ -79.001258837361803, -2.85648401127928 ], [ -79.001221224530624, -2.856498502398912 ], [ -79.001193774836963, -2.856511926288422 ], [ -79.001165866000534, -2.85653086468958 ], [ -79.001116369314701, -2.85655347239544 ], [ -79.001095941087641, -2.856562568626089 ], [ -79.001073895970663, -2.856570667466844 ], [ -79.001055634167699, -2.8565749754862 ], [ -79.001018666572776, -2.85658033580862 ], [ -79.001001406105431, -2.856577593207112 ], [ -79.000968145963768, -2.856571025226131 ], [ -79.000946655381924, -2.85657044519397 ], [ -79.000890732853904, -2.856564922601205 ], [ -79.000851547037527, -2.856553009781828 ], [ -79.000819377065554, -2.856540024238768 ], [ -79.000788196400336, -2.85652695000871 ], [ -79.000771040702588, -2.856515618165142 ], [ -79.000765110494385, -2.856512895355571 ], [ -79.000746859007023, -2.856511235999637 ], [ -79.000741464585005, -2.856510684085395 ], [ -79.000721602927527, -2.856504139507574 ], [ -79.000695275120563, -2.856492791639157 ], [ -79.000678120518714, -2.856480826892315 ], [ -79.000642186927394, -2.856460239914395 ], [ -79.000601941738537, -2.856436932954293 ], [ -79.000582623214228, -2.856428309780273 ], [ -79.000566002525886, -2.856419600904724 ], [ -79.000544523984047, -2.856412058936082 ], [ -79.000516571169086, -2.856404415240437 ], [ -79.000495084346682, -2.856401665249666 ], [ -79.000472517515462, -2.856399455861272 ], [ -79.000451026005933, -2.856399418310316 ], [ -79.000438072458863, -2.856402108125755 ], [ -79.000426286968434, -2.856405342471682 ], [ -79.000417105483976, -2.856410751326301 ], [ -79.000405312648994, -2.856418235161911 ], [ -79.000392429334667, -2.856432317383458 ], [ -79.000372429161416, -2.856453891610053 ], [ -79.000364914325175, -2.856483534583145 ], [ -79.000364857284723, -2.856516535940873 ], [ -79.000368060900257, -2.856535980753548 ], [ -79.000377081513633, -2.856571620007479 ], [ -79.000380283253563, -2.856592149796517 ], [ -79.000378587130868, -2.856636992649035 ], [ -79.000380138537011, -2.856675873789611 ], [ -79.000381712291158, -2.856701825631073 ], [ -79.00038434464328, -2.856739623681277 ], [ -79.000386999343959, -2.856764492432403 ], [ -79.000396610184765, -2.856822826872419 ], [ -79.000403527876998, -2.856878534572805 ], [ -79.000406078743481, -2.856911450073734 ], [ -79.000409820016728, -2.856931980806501 ], [ -79.000418388043158, -2.85696933715613 ], [ -79.000421068999685, -2.856979016241556 ], [ -79.000423690093911, -2.857023324149891 ], [ -79.000424706645973, -2.857059491908204 ], [ -79.000426796642643, -2.857098916480955 ], [ -79.000429404604475, -2.857150819222755 ], [ -79.000427732695414, -2.85718164780012 ], [ -79.000425023916748, -2.857188062527574 ], [ -79.000416916806557, -2.857196185704098 ], [ -79.000407287575499, -2.857200508792115 ], [ -79.000398654059111, -2.857201036192291 ], [ -79.000390031797181, -2.857195053735505 ], [ -79.000313871771027, -2.857140309992288 ], [ -79.000284319878517, -2.857121361616485 ], [ -79.000268785608156, -2.857108405127713 ], [ -79.000260703821908, -2.857101881125894 ], [ -79.000245158297318, -2.857095434493492 ], [ -79.000225296640949, -2.857088889901998 ], [ -79.000209748459568, -2.857083980318753 ], [ -79.000197345696165, -2.857080161212538 ], [ -79.000188271009677, -2.857075805433739 ], [ -79.000158190685241, -2.857050436672912 ], [ -79.000151372507332, -2.857041202431538 ], [ -79.000129418051955, -2.856996860737281 ], [ -79.000114989119311, -2.85696871647134 ], [ -79.000107458907763, -2.856955231483677 ], [ -79.000095701549853, -2.856942191182165 ], [ -79.000078460629808, -2.856928146731684 ], [ -79.000075316150728, -2.8569265137666 ], [ -79.000068843595528, -2.856925417473954 ], [ -79.000056975681218, -2.856924311750617 ], [ -78.999996822117637, -2.856921494157469 ], [ -78.999984500838849, -2.856922557599315 ], [ -78.999979106417939, -2.856922005680361 ], [ -78.999976412490383, -2.856919831013092 ], [ -78.999972101674814, -2.856916658955298 ], [ -78.999958209469, -2.856890143097648 ], [ -78.999945839382633, -2.856867427327884 ], [ -78.999926016035161, -2.856838731144956 ], [ -78.999912652110666, -2.856818726086232 ], [ -78.999907815829346, -2.856807415766722 ], [ -78.99990730912225, -2.856788427746527 ], [ -78.999908963215688, -2.856767906449576 ], [ -78.99993104365879, -2.856739373927885 ], [ -78.999952487451509, -2.856714999378924 ], [ -78.999967082898564, -2.856698840617583 ], [ -78.999973477722207, -2.856692884409455 ], [ -79.000003636348779, -2.856672955422007 ], [ -79.000016514823869, -2.856661676064567 ], [ -79.00002192237389, -2.856654633151091 ], [ -79.000028441663986, -2.856628695459624 ], [ -79.000045145499726, -2.856589303742663 ], [ -79.000051108371494, -2.856573129890853 ], [ -79.000066177810993, -2.85654286722448 ], [ -79.000078096987863, -2.856514316935562 ], [ -79.000087774818951, -2.856481874886788 ], [ -79.000094827075529, -2.856459735551909 ], [ -79.000100252284639, -2.856442475779991 ], [ -79.000107764468524, -2.856414369862528 ], [ -79.000108316194854, -2.856407318461564 ], [ -79.000116985181265, -2.856386266930484 ], [ -79.000118089414983, -2.856371712055102 ], [ -79.000117567696023, -2.856361403840405 ], [ -79.000108421689603, -2.856346288562877 ], [ -79.000100354754608, -2.856331175171144 ], [ -79.000095094174881, -2.856305216891176 ], [ -79.000086507396347, -2.856278710309201 ], [ -79.000084358630929, -2.856273281658033 ], [ -79.000073689567031, -2.856254908781782 ], [ -79.000058625548448, -2.856230018350148 ], [ -79.000055395836554, -2.856225672789345 ], [ -79.000046321937276, -2.856220864941183 ], [ -79.00003662154937, -2.856214338114445 ], [ -79.00001570975013, -2.856191064933003 ], [ -79.000005565376028, -2.856181282392868 ], [ -78.999992626681475, -2.856175382811705 ], [ -78.999983009652908, -2.856172653557792 ], [ -78.999970061737741, -2.856172088441308 ], [ -78.999960981431727, -2.856170987593946 ], [ -78.999944793490357, -2.856172044283824 ], [ -78.999931931747113, -2.8561736492758 ], [ -78.999913133237726, -2.856176328871731 ], [ -78.999893256595172, -2.856178464093575 ], [ -78.99987868366604, -2.856181603148096 ], [ -78.999862575332244, -2.856188627360797 ], [ -78.999849696709063, -2.85619999713391 ], [ -78.999827091597879, -2.856219939325539 ], [ -78.999817368861216, -2.856226341792606 ], [ -78.999804414225764, -2.856229664503763 ], [ -78.999796317441863, -2.856231820310946 ], [ -78.999772219127308, -2.856231235703926 ], [ -78.999758728864222, -2.856232297105303 ], [ -78.999742085840055, -2.856236517518334 ], [ -78.999724364526514, -2.856240283971816 ], [ -78.999694766867307, -2.856247827093703 ], [ -78.999678666036147, -2.856250511399602 ], [ -78.999658790332546, -2.856252104128313 ], [ -78.999631907233535, -2.856249887182262 ], [ -78.999601253014461, -2.85624440870734 ], [ -78.999566380720466, -2.856234130868761 ], [ -78.999545977676263, -2.856228670311105 ], [ -78.999502464532512, -2.856223169357521 ], [ -78.999471267967778, -2.856219317400285 ], [ -78.999437457083559, -2.856219258298279 ], [ -78.99940301111404, -2.85622245302147 ], [ -78.999350391563965, -2.856230950453071 ], [ -78.999336990288512, -2.856232554494135 ], [ -78.999318638582153, -2.856236862327797 ], [ -78.999293985730347, -2.856244956571098 ], [ -78.99926978436747, -2.856251966624236 ], [ -78.999235871524974, -2.856258869283868 ], [ -78.999214372529465, -2.856263171613085 ], [ -78.999177317870505, -2.856266904256774 ], [ -78.99913108829746, -2.856272248326248 ], [ -78.99907471342641, -2.85626835233786 ], [ -78.999064470699693, -2.856263452026098 ], [ -78.99905432164843, -2.856256381920983 ], [ -78.999048404429644, -2.856246154693989 ], [ -78.999044102220282, -2.856238009832909 ], [ -78.999044659424655, -2.856227793925748 ], [ -78.999046308990245, -2.856209894663684 ], [ -78.999047433718289, -2.8561834954853 ], [ -78.999054019312013, -2.856119222019566 ], [ -78.999054571981162, -2.856111628135879 ], [ -78.999058279287652, -2.856099790268041 ], [ -78.99906531669842, -2.856086240339359 ], [ -78.999078746895393, -2.856067909598046 ], [ -78.999092793572501, -2.85605708436923 ], [ -78.999120259031827, -2.856034528664015 ], [ -78.999127289874693, -2.856024776147811 ], [ -78.999133794315156, -2.856007427860901 ], [ -78.999133878271365, -2.855958875214639 ], [ -78.999132281241003, -2.855946395168728 ], [ -78.999132846885047, -2.855931296871816 ], [ -78.99913286001761, -2.855923702044466 ], [ -78.99913181268424, -2.855905345992035 ], [ -78.999133463964327, -2.855886452167743 ], [ -78.999135556414572, -2.85587244151838 ], [ -78.999140436619072, -2.855858345327305 ], [ -78.999144263704594, -2.855829238424215 ], [ -78.999146440604989, -2.855818392443284 ], [ -78.999149717054934, -2.855795704034311 ], [ -78.999153555394656, -2.855760087278735 ], [ -78.999155790135589, -2.855715787890824 ], [ -78.999157895715186, -2.855694182413485 ], [ -78.999157922759395, -2.855678540685409 ], [ -78.999155253066235, -2.855662351754277 ], [ -78.999151601728968, -2.85564182119282 ], [ -78.999149997192958, -2.85563368104846 ], [ -78.999140867148554, -2.855609343485579 ], [ -78.999136035563481, -2.85559532073314 ], [ -78.999128064194437, -2.855576952578199 ], [ -78.999117350092078, -2.85553263055753 ], [ -78.999115761500505, -2.855515268123059 ], [ -78.99911200148199, -2.855505587158377 ], [ -78.999109407798443, -2.85549744528538 ], [ -78.999087956497704, -2.855474171166037 ], [ -78.999069651546776, -2.855451445035651 ], [ -78.99906060204664, -2.855432532507928 ], [ -78.999051454182961, -2.855418502211971 ], [ -78.999029579533612, -2.85538003765361 ], [ -78.999008679807389, -2.855349802553833 ], [ -78.999002216644314, -2.855343281385765 ], [ -78.99898882194779, -2.855341088016337 ], [ -78.998976954995484, -2.855339439806392 ], [ -78.998957090571153, -2.855334522681964 ], [ -78.998946403710093, -2.855326457078325 ], [ -78.998939948989033, -2.855315053521763 ], [ -78.998936188971868, -2.855305372557972 ], [ -78.998930841301856, -2.855277786674014 ], [ -78.998929236766344, -2.855269646530749 ], [ -78.998925026198961, -2.85526050726882 ], [ -78.998899808479322, -2.85523125918672 ], [ -78.998889050455446, -2.855212343674442 ], [ -78.998877831564485, -2.855199937227507 ], [ -78.998858531064542, -2.855180916369207 ], [ -78.998826808917954, -2.855169016573681 ], [ -78.998795174037468, -2.855158653983027 ], [ -78.998773151323704, -2.855153823500402 ], [ -78.998760755157889, -2.85514620698363 ], [ -78.998739811670561, -2.855141287972237 ], [ -78.998703865049634, -2.855128295812294 ], [ -78.998687783941008, -2.855119587875604 ], [ -78.998682484145178, -2.855116323676476 ], [ -78.998661001906669, -2.855110951648202 ], [ -78.998628725381039, -2.85510764029239 ], [ -78.998615329752681, -2.855105989408521 ], [ -78.998585214180594, -2.855101054361781 ], [ -78.998578741641722, -2.855099958068883 ], [ -78.998557783149593, -2.855103718855043 ], [ -78.998533594016578, -2.855103676569291 ], [ -78.998469646977242, -2.855110617137331 ], [ -78.99842934687851, -2.855119136094412 ], [ -78.998405695405367, -2.855120179723842 ], [ -78.9983283331986, -2.855136771217426 ], [ -78.998305224075452, -2.855136188325535 ], [ -78.998279419938385, -2.855134063669024 ], [ -78.998262249448075, -2.855131321203205 ], [ -78.998247333585709, -2.855124785256028 ], [ -78.998240423632836, -2.855116635839326 ], [ -78.998232882190408, -2.855109660711428 ], [ -78.998225349348189, -2.855097712782608 ], [ -78.998221141602428, -2.855086946060329 ], [ -78.998218999413837, -2.855077720001709 ], [ -78.998214162211255, -2.855066952178938 ], [ -78.998205557649555, -2.855050752879307 ], [ -78.998200271929605, -2.855039351368631 ], [ -78.998195434727165, -2.855028583546029 ], [ -78.998192743622369, -2.855024781417877 ], [ -78.99818791314361, -2.855010125769238 ], [ -78.998185226573412, -2.855003701618893 ], [ -78.998175093487703, -2.854987409232354 ], [ -78.998170798634348, -2.85497501489118 ], [ -78.99816757550073, -2.854966871920983 ], [ -78.998161662044311, -2.854954474749965 ], [ -78.998148853647024, -2.854925248365357 ], [ -78.998142941128933, -2.854912308707189 ], [ -78.998133881327277, -2.854899363546485 ], [ -78.99812258018963, -2.854882526629469 ], [ -78.998117742049601, -2.854872301294814 ], [ -78.998106538183663, -2.854851215051056 ], [ -78.998096857369433, -2.854833386404164 ], [ -78.99808887491713, -2.85482143769058 ], [ -78.998068511947167, -2.854792831003164 ], [ -78.998054614163635, -2.854769570094305 ], [ -78.998041160363329, -2.854749564895652 ], [ -78.998032111821303, -2.854730109888049 ], [ -78.998017033946311, -2.854713266369113 ], [ -78.998002577866615, -2.8547008542638 ], [ -78.997984353491461, -2.85468355316971 ], [ -78.997956970170463, -2.854658641217444 ], [ -78.997948982091202, -2.854649947428455 ], [ -78.997939295650809, -2.854635373706761 ], [ -78.997934459388787, -2.85462406339861 ], [ -78.99792800092807, -2.854614829795167 ], [ -78.997920013787422, -2.854605593519057 ], [ -78.997902859101387, -2.854593719184896 ], [ -78.997879761253387, -2.854586626445087 ], [ -78.997862512893235, -2.854576921902624 ], [ -78.997846962894315, -2.854573097292562 ], [ -78.997803446107852, -2.854569766272972 ], [ -78.997786265310665, -2.854572991166285 ], [ -78.997772843581942, -2.854586439505637 ], [ -78.997762565225628, -2.854602153711091 ], [ -78.997739440327265, -2.854610702683689 ], [ -78.997722258591622, -2.854614470062681 ], [ -78.99769483415345, -2.854613337131647 ], [ -78.997678739930777, -2.854612224011906 ], [ -78.997661390548743, -2.854608938741876 ], [ -78.997646393065892, -2.854597610666607 ], [ -78.997616818938155, -2.85459159157571 ], [ -78.997586792384624, -2.85458719915955 ], [ -78.997546521254336, -2.854578991406707 ], [ -78.997487362526797, -2.854573010993619 ], [ -78.997467995601227, -2.854592416306749 ], [ -78.99746526430593, -2.85461185071118 ], [ -78.997446968939883, -2.854635597807252 ], [ -78.997419492267298, -2.854664663318564 ], [ -78.99741417277329, -2.854672791346818 ], [ -78.997407128957832, -2.854690048253286 ], [ -78.997402259075201, -2.854698177067652 ], [ -78.997391527505044, -2.854715970013019 ], [ -78.997385570264356, -2.854728888909341 ], [ -78.99738661648604, -2.854747877844973 ], [ -78.997376868429569, -2.854768927442223 ], [ -78.997342477115964, -2.854792555967409 ], [ -78.997338670345499, -2.85480990894853 ], [ -78.997337582987242, -2.85481469903046 ], [ -78.997326842967439, -2.854837374357419 ], [ -78.997312788803512, -2.854852539460131 ], [ -78.99730531414319, -2.854858945836262 ], [ -78.997278396391252, -2.854876800882238 ], [ -78.997234289705915, -2.854902582361874 ], [ -78.997203593493509, -2.854921425357996 ], [ -78.997189100040373, -2.854930622313498 ], [ -78.997138531928883, -2.854948888057628 ], [ -78.997113798592835, -2.854951557235428 ], [ -78.997088066724572, -2.854959649552252 ], [ -78.997070252871723, -2.854964952861601 ], [ -78.996983669985141, -2.855009647120406 ], [ -78.996925076567052, -2.855040737706933 ], [ -78.996879897221774, -2.855062810280946 ], [ -78.996864327514871, -2.855070377880568 ], [ -78.996827240239568, -2.855093007097206 ], [ -78.99678205807578, -2.855116707125258 ], [ -78.996742795762444, -2.855149097324702 ], [ -78.996687886961524, -2.855181460143077 ], [ -78.996610485525949, -2.855220745532688 ], [ -78.996569088545854, -2.855239569773129 ], [ -78.996543260179024, -2.855251459320734 ], [ -78.996497556473443, -2.855264760721187 ], [ -78.996419138728172, -2.855267788001698 ], [ -78.996400868062395, -2.855277249573394 ], [ -78.996402422410696, -2.855262424277176 ], [ -78.996407332526942, -2.855231058957305 ], [ -78.996410066664254, -2.855209997108946 ], [ -78.996410079811341, -2.855202402294196 ], [ -78.996410631396714, -2.855195441324891 ], [ -78.996404737686532, -2.855171651935283 ], [ -78.996395158100526, -2.855147313606966 ], [ -78.996391403901001, -2.855134287315237 ], [ -78.996388191895974, -2.855119724921928 ], [ -78.996385574672274, -2.855073247168412 ], [ -78.996384510629326, -2.855064565491863 ], [ -78.996388843646201, -2.85505489869806 ], [ -78.996400102714944, -2.855044068633015 ], [ -78.996410906537847, -2.855036492701539 ], [ -78.996413633160017, -2.855019770746901 ], [ -78.996413649905762, -2.855010096399482 ], [ -78.996407227928046, -2.854979796225058 ], [ -78.996401335154943, -2.854955464349399 ], [ -78.996399827916349, -2.854943074893149 ], [ -78.996405713085679, -2.854919848604637 ], [ -78.996407915196372, -2.854894445917402 ], [ -78.996406856786294, -2.854882509320228 ], [ -78.996402583552424, -2.854857637790428 ], [ -78.996394097898815, -2.854824711978242 ], [ -78.996390910304683, -2.854796044929538 ], [ -78.996382313289075, -2.85477550574154 ], [ -78.996370580261114, -2.854748451205404 ], [ -78.996361979646466, -2.854729991550299 ], [ -78.996353911836493, -2.854715420661149 ], [ -78.996333553782335, -2.854684011126363 ], [ -78.996322883860557, -2.854666180753953 ], [ -78.996318045741333, -2.85465595542357 ], [ -78.996312671061844, -2.854644011274472 ], [ -78.996306865393279, -2.85462130701837 ], [ -78.996303160642611, -2.854579709759923 ], [ -78.996304839177441, -2.854545083855239 ], [ -78.996310755167826, -2.85450404591896 ], [ -78.996330734705509, -2.854442418030144 ], [ -78.996342661400121, -2.854409527935071 ], [ -78.99638093160479, -2.854326865410782 ], [ -78.996431059176686, -2.854251366389491 ], [ -78.996459639314196, -2.854208198143432 ], [ -78.996482800803378, -2.854178492212329 ], [ -78.996494694789035, -2.854164498734307 ], [ -78.996498931459996, -2.85415853877276 ], [ -78.996530173745796, -2.854135899325153 ], [ -78.996546861768792, -2.854105639578004 ], [ -78.996553381068537, -2.85407970195023 ], [ -78.996560460394349, -2.854041920970177 ], [ -78.996562137032427, -2.85400838003243 ], [ -78.996560541741061, -2.853994905444898 ], [ -78.996556815535584, -2.853965694964387 ], [ -78.996551449142004, -2.853948958849804 ], [ -78.996524739295424, -2.853898641532145 ], [ -78.996515047405936, -2.853887232321827 ], [ -78.996461930308655, -2.853819599599361 ], [ -78.996451819626415, -2.853790377953152 ], [ -78.996448601980859, -2.853779070482545 ], [ -78.996439591952537, -2.853737373527913 ], [ -78.99643698219937, -2.853686555879809 ], [ -78.996442901913966, -2.853643347988612 ], [ -78.996458638162679, -2.853591477451471 ], [ -78.99647479414385, -2.853556876862756 ], [ -78.996506648826511, -2.853492105205203 ], [ -78.996516295682881, -2.853477565303087 ], [ -78.996536764952211, -2.853444690134687 ], [ -78.996561010169799, -2.853412273642316 ], [ -78.99658047261876, -2.853389613577104 ], [ -78.996611091048152, -2.853363718089226 ], [ -78.996615952476418, -2.853360471659686 ], [ -78.996661140175249, -2.853333516670018 ], [ -78.99682577408862, -2.853237693661701 ], [ -78.996839726257548, -2.853229490313546 ], [ -78.996833195713933, -2.853209949306533 ], [ -78.996834923781691, -2.853198650482794 ], [ -78.996834393474387, -2.853193315084635 ], [ -78.996832803021476, -2.8531770376467 ], [ -78.996832816000051, -2.853169533244176 ], [ -78.996827446000722, -2.853154876663688 ], [ -78.996827455226409, -2.853149542208901 ], [ -78.996825327116554, -2.853132178853873 ], [ -78.996824258214218, -2.853126300025493 ], [ -78.996825907773868, -2.853108400786879 ], [ -78.99682591512304, -2.853104151305956 ], [ -78.996827562806018, -2.853087337041142 ], [ -78.996827572969664, -2.853081460099415 ], [ -78.996832998321864, -2.853064109950803 ], [ -78.996833549894788, -2.853057148978505 ], [ -78.996838432899011, -2.85304142534721 ], [ -78.996843861846756, -2.853021995665034 ], [ -78.996848193746871, -2.853012961762412 ], [ -78.996854261686948, -2.852988017896589 ], [ -78.996899719714605, -2.852856724716108 ], [ -78.996912645498924, -2.852818049792761 ], [ -78.996952804250569, -2.852787198145058 ], [ -78.997000706624149, -2.852750392655722 ], [ -78.997025500563751, -2.852712642621201 ], [ -78.997040118446719, -2.852683464201208 ], [ -78.997048711544195, -2.852654275249521 ], [ -78.997060757323482, -2.852604477763737 ], [ -78.997067653777805, -2.852568414322616 ], [ -78.997077044291231, -2.852546098286309 ], [ -78.997087360754946, -2.852508322941262 ], [ -78.997082293184178, -2.852474770202019 ], [ -78.997080635151534, -2.852445563331333 ], [ -78.997077301266017, -2.852397456843446 ], [ -78.997079088408128, -2.852351981334411 ], [ -78.997073145371758, -2.852304684019643 ], [ -78.997044251980668, -2.852217021605491 ], [ -78.996965572793428, -2.852059291151965 ], [ -78.996924746336887, -2.851956237379667 ], [ -78.996883928947099, -2.851847939570257 ], [ -78.996851627430431, -2.851755117571371 ], [ -78.996774880658677, -2.851675960948215 ], [ -78.996740847709759, -2.851648415385684 ], [ -78.996711915727658, -2.851583085369209 ], [ -78.996691472733957, -2.851548782450673 ], [ -78.996626703432796, -2.851459339483839 ], [ -78.996592648870063, -2.851392282639867 ], [ -78.996543253276926, -2.851304584425566 ], [ -78.996517711615937, -2.851254721264181 ], [ -78.996463139993978, -2.851196217971637 ], [ -78.996444483571764, -2.851168789701106 ], [ -78.996436760906889, -2.851162628002757 ], [ -78.996431377464546, -2.85115574707442 ], [ -78.99642850621197, -2.851152125467025 ], [ -78.996414500885095, -2.851139081268949 ], [ -78.996410190724262, -2.851135547561744 ], [ -78.996398701338336, -2.851123592737414 ], [ -78.996394032896248, -2.851119244671422 ], [ -78.996382991870334, -2.851108013948624 ], [ -78.996379043429513, -2.851103305481958 ], [ -78.996366474355099, -2.851091710429887 ], [ -78.996363244665204, -2.851087364878274 ], [ -78.996349598402702, -2.851074682966916 ], [ -78.996345649336945, -2.851070336158162 ], [ -78.996333797607406, -2.851059917751421 ], [ -78.996329489478953, -2.851055208656239 ], [ -78.996317369390397, -2.851043976047918 ], [ -78.99631197907236, -2.851041073356276 ], [ -78.996300127499779, -2.851030564535134 ], [ -78.996295008354494, -2.851026848584757 ], [ -78.996281809827977, -2.851015252432879 ], [ -78.996278936075484, -2.851013077457076 ], [ -78.996265285907597, -2.851002655907482 ], [ -78.996261337467573, -2.850997947440983 ], [ -78.996246604016349, -2.850989965196034 ], [ -78.996242651200248, -2.850987788334417 ], [ -78.996225042746786, -2.850978354429254 ], [ -78.996219741726279, -2.850975813552513 ], [ -78.99620465046354, -2.850966745705329 ], [ -78.99620033921012, -2.850963844899416 ], [ -78.99618488700952, -2.850955499739231 ], [ -78.996180575131035, -2.85095296059114 ], [ -78.996164407931417, -2.850942082568934 ], [ -78.996160814803645, -2.850939906335871 ], [ -78.996146531589531, -2.850931563218588 ], [ -78.996143300494225, -2.850928031397328 ], [ -78.996125688917218, -2.850920405780893 ], [ -78.996121736726977, -2.850917867261385 ], [ -78.996106280151665, -2.85091205370561 ], [ -78.996100891710853, -2.850908066040355 ], [ -78.996087238576905, -2.850899362365194 ], [ -78.996082655057492, -2.850897907718956 ], [ -78.996071530367402, -2.850883060261607 ], [ -78.996068660367058, -2.850878715338993 ], [ -78.996058251301719, -2.850866039085801 ], [ -78.996055022864041, -2.850860970218978 ], [ -78.996047855834817, -2.850845496775663 ], [ -78.996045708336297, -2.85083934482138 ], [ -78.996039619276573, -2.850824506165207 ], [ -78.996038817481406, -2.850820164857287 ], [ -78.996033092954846, -2.850802523981946 ], [ -78.996030582642547, -2.850798179688082 ], [ -78.996027015148798, -2.850781175485711 ], [ -78.996027023901561, -2.850776112276668 ], [ -78.996023816720708, -2.8507587470452 ], [ -78.99602238609701, -2.850754042979461 ], [ -78.996019898135373, -2.850736769419742 ], [ -78.996019547200234, -2.850731705582103 ], [ -78.99601742033289, -2.850713618921024 ], [ -78.996017427209949, -2.850709640685344 ], [ -78.996012153074361, -2.850691548523999 ], [ -78.996011443076554, -2.850686122399988 ], [ -78.996008235738955, -2.850668847583237 ], [ -78.996006803864844, -2.850664866833184 ], [ -78.996000358243236, -2.850648219260229 ], [ -78.995998119728668, -2.850642700050267 ], [ -78.995992393326333, -2.850626144149074 ], [ -78.9959909620774, -2.850621801741283 ], [ -78.995984514580371, -2.850606239141895 ], [ -78.99598236395596, -2.850601895476938 ], [ -78.995977716148033, -2.850585612705086 ], [ -78.995975566773978, -2.850580545724599 ], [ -78.995972001155081, -2.850562456549715 ], [ -78.995971291000842, -2.850557120840297 ], [ -78.995967722881176, -2.850540478296602 ], [ -78.995967012258021, -2.850535413830531 ], [ -78.995964884139468, -2.850518050485687 ], [ -78.995964533829152, -2.850512624990444 ], [ -78.995962046022726, -2.850495261017065 ], [ -78.995961695712353, -2.850489835521834 ], [ -78.995959565561733, -2.850473647564847 ], [ -78.995959575564171, -2.850467861040431 ], [ -78.99595717080274, -2.850454475459828 ], [ -78.99595681814796, -2.850450406181262 ], [ -78.995955388774391, -2.850444978800342 ], [ -78.995953619561504, -2.850428068156484 ], [ -78.995951831125367, -2.850422278489237 ], [ -78.995950782694251, -2.850404555372563 ], [ -78.99595079082107, -2.85039985382147 ], [ -78.995950103327672, -2.850381408017821 ], [ -78.995949390828812, -2.850377428525184 ], [ -78.995946903021519, -2.850360064552099 ], [ -78.995946912242189, -2.850354730099924 ], [ -78.995945502247437, -2.85033809132807 ], [ -78.995943023035323, -2.850315754560684 ], [ -78.995941953349202, -2.850310327808441 ], [ -78.995939465541454, -2.850292963835503 ], [ -78.995938395855305, -2.850287537083265 ], [ -78.995937345547731, -2.85027089894008 ], [ -78.995936275861538, -2.850265472187878 ], [ -78.995934147116017, -2.850248470501356 ], [ -78.995933436336045, -2.850243496449912 ], [ -78.99593022915262, -2.850226131220067 ], [ -78.995929517903789, -2.850221428411978 ], [ -78.995927030720594, -2.850203702781474 ], [ -78.995926321347, -2.850197915000078 ], [ -78.995923113538282, -2.850180911428144 ], [ -78.995922762602063, -2.85017584759083 ], [ -78.995918474323958, -2.850159655863385 ], [ -78.995915965887235, -2.8501542265972 ], [ -78.995913105264052, -2.850144456809313 ], [ -78.995910599327715, -2.850137580912083 ], [ -78.995907729328152, -2.85013323599075 ], [ -78.995899483861592, -2.850117399007594 ], [ -78.995897333237224, -2.850113055343312 ], [ -78.995889807302248, -2.850097129202867 ], [ -78.99588837605306, -2.850092786795644 ], [ -78.995880850118155, -2.850076860655317 ], [ -78.995879780431792, -2.850071433903357 ], [ -78.995875492310049, -2.850055151761969 ], [ -78.99587298324839, -2.850050084153753 ], [ -78.995865906141702, -2.850034610871499 ], [ -78.9958644761427, -2.850029545148844 ], [ -78.995858751771138, -2.850011813862614 ], [ -78.995856960834445, -2.850007470826999 ], [ -78.995851594275166, -2.849990825142649 ], [ -78.995850884276294, -2.849985399019311 ], [ -78.995846962561586, -2.84996522968594 ], [ -78.99584660724959, -2.849962697453144 ], [ -78.995841597877472, -2.849947499028498 ], [ -78.995840887253479, -2.849942434562964 ], [ -78.995835523194401, -2.849924342247884 ], [ -78.995834452882875, -2.849919277153865 ], [ -78.995831243823432, -2.849902996898586 ], [ -78.995829452886738, -2.849898653863113 ], [ -78.995828043983607, -2.849881382191542 ], [ -78.995827691796876, -2.849877041670035 ], [ -78.995827723674921, -2.849858597124701 ], [ -78.995827733675839, -2.84985281060069 ], [ -78.995830280865732, -2.849835817085684 ], [ -78.995831010866567, -2.849829670160845 ], [ -78.995833556806033, -2.849813399961263 ], [ -78.995835724775304, -2.849807707622464 ], [ -78.995839709464306, -2.849791439936634 ], [ -78.995840795402117, -2.849787463586722 ], [ -78.99584226477873, -2.849769744870549 ], [ -78.995843383843081, -2.849746600659569 ], [ -78.995843422594689, -2.849724177878703 ], [ -78.995842367283203, -2.849710432998651 ], [ -78.995842650486708, -2.849702657828221 ], [ -78.995486200275849, -2.849702034987071 ], [ -78.995453378804768, -2.849701977631103 ], [ -78.995453468726609, -2.849701977788245 ] ] ] ] } },
{ "type": "Feature", "properties": { "DESCRIP": "MachÃ¡ngara", "CODIGO": "14", "AREA": 14251850.52, "SHAPE_LENG": 40778.559885800001, "SHAPE_AREA": 14251850.521199999 }, "geometry": { "type": "MultiPolygon", "coordinates": [ [ [ [ -78.960595009202322, -2.895397772528355 ], [ -78.961427313785066, -2.894256368430036 ], [ -78.96151362312014, -2.894115028286163 ], [ -78.962585576825148, -2.892214586843591 ], [ -78.963407824282029, -2.892928793181514 ], [ -78.963829659771591, -2.893128732939577 ], [ -78.964156751904341, -2.893207529490935 ], [ -78.964248396486781, -2.892998840851662 ], [ -78.964359118344035, -2.892833042258268 ], [ -78.964500058567239, -2.892564046528331 ], [ -78.964535152359602, -2.89250036864079 ], [ -78.96456163906376, -2.892371849194889 ], [ -78.964601180435366, -2.892234492788867 ], [ -78.964654397773202, -2.892143361998643 ], [ -78.964679580305216, -2.892090696618616 ], [ -78.964722468186409, -2.89199294707316 ], [ -78.964761964408623, -2.891880906173073 ], [ -78.964840319286239, -2.891762335083322 ], [ -78.96489843533702, -2.891697613644993 ], [ -78.965001286464968, -2.891608742063991 ], [ -78.965067071424698, -2.891529749165827 ], [ -78.965157569819581, -2.891358489127477 ], [ -78.965262792272625, -2.891200365437373 ], [ -78.965314296905248, -2.891111491784391 ], [ -78.965340587850989, -2.89109282361502 ], [ -78.965455875436632, -2.891089776203751 ], [ -78.965555346488273, -2.891081094717749 ], [ -78.96565370692386, -2.89109013216544 ], [ -78.965965211440562, -2.891135718257742 ], [ -78.966013869831286, -2.891130290600018 ], [ -78.966131984188038, -2.891105277848446 ], [ -78.966246810632725, -2.891058198394504 ], [ -78.966351886250493, -2.890982530874332 ], [ -78.966484341528059, -2.890882772298758 ], [ -78.966571455893515, -2.890743331255881 ], [ -78.966594497818832, -2.890680716465739 ], [ -78.96663740297781, -2.89057311170287 ], [ -78.966647331669463, -2.890501703265412 ], [ -78.966659148835106, -2.890329126046514 ], [ -78.966649495716041, -2.890195026174893 ], [ -78.96663863833912, -2.889878470654847 ], [ -78.966638720332242, -2.889832360159311 ], [ -78.966643392423606, -2.889632284531743 ], [ -78.966660030048516, -2.889530147716481 ], [ -78.966690224709097, -2.889440060197431 ], [ -78.966726504660002, -2.889315988310888 ], [ -78.966790060852674, -2.88922596073541 ], [ -78.966871232114954, -2.889090939108833 ], [ -78.966935802915799, -2.889037168961293 ], [ -78.96698884006517, -2.888996578387538 ], [ -78.967119119313708, -2.888906670644737 ], [ -78.96729085705411, -2.88881466743427 ], [ -78.967409012328062, -2.888766508686094 ], [ -78.967503695522709, -2.888719483129971 ], [ -78.967582503405993, -2.888649283299555 ], [ -78.967618603779925, -2.88862620238654 ], [ -78.967664560382218, -2.888623030050896 ], [ -78.967762911128816, -2.888637491944934 ], [ -78.967942073739991, -2.888668554132547 ], [ -78.968003411109422, -2.888612608150269 ], [ -78.968044013276241, -2.888535739502091 ], [ -78.968061100322274, -2.888433603371184 ], [ -78.968071191002423, -2.888321509234717 ], [ -78.968163295423054, -2.888156851487327 ], [ -78.968243827332003, -2.888027253230215 ], [ -78.968419020820676, -2.887862744563252 ], [ -78.968575068461433, -2.887693771231354 ], [ -78.968660575477045, -2.8875982675695 ], [ -78.968689022374676, -2.887580778464485 ], [ -78.968851986614666, -2.887517329597716 ], [ -78.969006216737, -2.887460374773167 ], [ -78.969057066247828, -2.887436325681737 ], [ -78.969187341226416, -2.887348677778294 ], [ -78.969356953744452, -2.88723795462669 ], [ -78.96946864584234, -2.88713264275779 ], [ -78.969609226989832, -2.887064723317601 ], [ -78.969697879397827, -2.887020941472958 ], [ -78.96981154632175, -2.887018975369695 ], [ -78.969969923074004, -2.887057684949337 ], [ -78.970043111177418, -2.887113872363321 ], [ -78.970081215553193, -2.887177682001071 ], [ -78.970150377097568, -2.887324004184372 ], [ -78.970221192387854, -2.887450528843392 ], [ -78.970324000147755, -2.887436427874861 ], [ -78.970538340172297, -2.887407156585156 ], [ -78.970709010474437, -2.887308460003502 ], [ -78.970734467628247, -2.887151367389089 ], [ -78.970759168669318, -2.887065699889484 ], [ -78.970788807794534, -2.886984381072914 ], [ -78.970860141362053, -2.886818600566748 ], [ -78.970934209955942, -2.88668248049447 ], [ -78.970975988349522, -2.88655064238762 ], [ -78.971012205448588, -2.886461650201166 ], [ -78.971118472462223, -2.886322242479584 ], [ -78.971179322600037, -2.886236639693004 ], [ -78.971227569842654, -2.88615869945136 ], [ -78.971285587641844, -2.886098316881913 ], [ -78.971381898998331, -2.886045778434244 ], [ -78.971531757660301, -2.885969105103835 ], [ -78.971640118732367, -2.885916588197192 ], [ -78.971687645019784, -2.885890272615117 ], [ -78.9718375040691, -2.88586414026309 ], [ -78.972052831168895, -2.885835955176615 ], [ -78.972198807840869, -2.885818676322708 ], [ -78.972256827942473, -2.885807749759056 ], [ -78.972300579367484, -2.88578034242035 ], [ -78.972343267239623, -2.885744163079627 ], [ -78.9723990762364, -2.885712347062301 ], [ -78.972498578062627, -2.885686214871626 ], [ -78.972541188133349, -2.885693976271288 ], [ -78.972656503479499, -2.88572600816193 ], [ -78.972768945422615, -2.885806496471955 ], [ -78.972864019739561, -2.885792381304866 ], [ -78.972977770919726, -2.88579366982547 ], [ -78.9729930851055, -2.885778326953793 ], [ -78.973064253102663, -2.88570585234958 ], [ -78.973144702563488, -2.885622454320147 ], [ -78.97320505573478, -2.885512710022962 ], [ -78.973229364808063, -2.88534349962699 ], [ -78.973233319032005, -2.885294050570323 ], [ -78.973249590952364, -2.885042368766584 ], [ -78.97326410023571, -2.884872055867441 ], [ -78.973251835698065, -2.884688494721593 ], [ -78.973246106944089, -2.884571941598637 ], [ -78.973236683866901, -2.884307103888148 ], [ -78.973217015934964, -2.884292783397849 ], [ -78.973178823804673, -2.884278429779859 ], [ -78.973141724510953, -2.88425630256344 ], [ -78.973131881412399, -2.884228889700829 ], [ -78.973145678185489, -2.884156312415571 ], [ -78.973235526016367, -2.884046620802476 ], [ -78.973457835817513, -2.883832648096846 ], [ -78.973518525651045, -2.883786645754447 ], [ -78.973659739106736, -2.883666015447221 ], [ -78.973803159855052, -2.883568444472474 ], [ -78.973889548381564, -2.88353342804848 ], [ -78.973964604081161, -2.883448935205892 ], [ -78.974023634666707, -2.883425894857933 ], [ -78.974084868423034, -2.883428264622312 ], [ -78.974209294328944, -2.88354602446471 ], [ -78.974433530242862, -2.883768480635452 ], [ -78.974495598435766, -2.883909274911413 ], [ -78.974531624613391, -2.883928054877904 ], [ -78.974612475449703, -2.883922684128604 ], [ -78.974770057478295, -2.883851539039334 ], [ -78.974801231199237, -2.883817508850296 ], [ -78.974931565990119, -2.883695683480425 ], [ -78.97502572025742, -2.883591514494226 ], [ -78.975170926705687, -2.883399373912381 ], [ -78.975382178033229, -2.883234927343249 ], [ -78.975581529709274, -2.883036373541545 ], [ -78.97566957181408, -2.882981559301264 ], [ -78.975773528427538, -2.882927858421844 ], [ -78.97621169045874, -2.882693474856798 ], [ -78.976333104529743, -2.882683746044045 ], [ -78.976634283059497, -2.882669998134515 ], [ -78.976731611097705, -2.882652631555166 ], [ -78.976892261558504, -2.882677058612388 ], [ -78.977007968312279, -2.882742182013931 ], [ -78.977096482861725, -2.882776335444224 ], [ -78.977291080932162, -2.882774512657098 ], [ -78.977412463227878, -2.882731873106915 ], [ -78.977527370280072, -2.882638680760705 ], [ -78.977673480773646, -2.882514939013692 ], [ -78.977593296163676, -2.882275154639851 ], [ -78.977525267915752, -2.88214827339682 ], [ -78.977391697855992, -2.881963320142623 ], [ -78.977273636347391, -2.881907686051924 ], [ -78.97712934671911, -2.881886271946528 ], [ -78.976950848922044, -2.881885953601417 ], [ -78.976504331235361, -2.882014538974815 ], [ -78.976145791256698, -2.882124746311439 ], [ -78.975917260337894, -2.882195584379138 ], [ -78.975447232713023, -2.882244924956104 ], [ -78.974561097820413, -2.882311966606434 ], [ -78.974322846184478, -2.882337037681044 ], [ -78.973765901366065, -2.882364613406151 ], [ -78.973502173115591, -2.882405732358257 ], [ -78.972539479614554, -2.882492345561583 ], [ -78.972332723348828, -2.882504995424101 ], [ -78.971155437155616, -2.882612018660268 ], [ -78.970174603301487, -2.882685577640786 ], [ -78.969825746058945, -2.882710901717894 ], [ -78.968435235565892, -2.88282793753904 ], [ -78.968184751484969, -2.882702809036854 ], [ -78.968079089464879, -2.88255190104216 ], [ -78.968045866003678, -2.882372552304744 ], [ -78.96803059473514, -2.882211499185834 ], [ -78.968361554528414, -2.882136687538358 ], [ -78.96874279484291, -2.88205428069355 ], [ -78.968980656794514, -2.881994943549809 ], [ -78.969324719474017, -2.881782455708775 ], [ -78.96980214388401, -2.881414333968718 ], [ -78.970260078150048, -2.88113460109101 ], [ -78.970461935621756, -2.880942653204368 ], [ -78.970820127498158, -2.880774401847182 ], [ -78.970923731851187, -2.880665458286888 ], [ -78.971146321785838, -2.88044506702149 ], [ -78.971319867059847, -2.88024529263134 ], [ -78.971395094444773, -2.880063515525378 ], [ -78.971487297992155, -2.879790903357094 ], [ -78.971565137514858, -2.879606599293405 ], [ -78.971583572958281, -2.879453291248288 ], [ -78.971630554414119, -2.879175354231304 ], [ -78.971664485947812, -2.878954535103433 ], [ -78.971710024648658, -2.878780570800362 ], [ -78.971780048019852, -2.878642996375696 ], [ -78.971852619387661, -2.878539241072126 ], [ -78.971935428358577, -2.878443189170977 ], [ -78.972064858510322, -2.878323893861233 ], [ -78.97228743199139, -2.878163265085822 ], [ -78.972592731772053, -2.877953327773581 ], [ -78.972718333709238, -2.877761242693516 ], [ -78.972858402956547, -2.877473073950025 ], [ -78.972990559865494, -2.877286244442644 ], [ -78.973161555902351, -2.877052740442774 ], [ -78.973465652994619, -2.876759710483368 ], [ -78.973610992355731, -2.876440358184798 ], [ -78.973658133151176, -2.876071464998211 ], [ -78.973803267706813, -2.875817119475218 ], [ -78.973879691589218, -2.87572114620427 ], [ -78.973972813654953, -2.875640753794943 ], [ -78.974042799737205, -2.875523973924424 ], [ -78.974120450456354, -2.875446175901733 ], [ -78.974410016845667, -2.875386928578459 ], [ -78.97459886693045, -2.875278135964554 ], [ -78.974624835019881, -2.875187226252069 ], [ -78.974650938747061, -2.87507036810421 ], [ -78.974688717439591, -2.874859952777094 ], [ -78.97469141217384, -2.874810591806703 ], [ -78.974678550290662, -2.874761203127567 ], [ -78.974524224109487, -2.87436338012529 ], [ -78.974436960203974, -2.874028061911468 ], [ -78.974482452133373, -2.873880045633649 ], [ -78.974565699604312, -2.873534633504302 ], [ -78.974943842721359, -2.873064975615644 ], [ -78.975247986627181, -2.872795361274829 ], [ -78.975470866497332, -2.872408607050476 ], [ -78.97547131912674, -2.87215138131731 ], [ -78.975432099025511, -2.871699243828768 ], [ -78.975403875529025, -2.871590064483721 ], [ -78.9754456482341, -2.871306873138741 ], [ -78.975583238305816, -2.870995371877997 ], [ -78.97576565878073, -2.870860527932466 ], [ -78.976256991311161, -2.870658784447656 ], [ -78.976864817343213, -2.870329854791546 ], [ -78.977014309575694, -2.869794871630583 ], [ -78.977076794057197, -2.869545621784961 ], [ -78.977351687750627, -2.868982290356659 ], [ -78.977580793618898, -2.868735867732335 ], [ -78.977811252821553, -2.868486825395887 ], [ -78.97801308669959, -2.868357259057844 ], [ -78.978375172470322, -2.868170835460015 ], [ -78.978639199720533, -2.867906301127801 ], [ -78.978697657481177, -2.867747909523633 ], [ -78.978874176903972, -2.867285665819356 ], [ -78.979001092669606, -2.867111844344026 ], [ -78.979238268198614, -2.866673125089203 ], [ -78.979370695308333, -2.866330420323416 ], [ -78.9794504097448, -2.865792689998656 ], [ -78.979560074586658, -2.86514859562828 ], [ -78.979639327803781, -2.864925233089424 ], [ -78.979727764133401, -2.864592847744502 ], [ -78.979795422803051, -2.864314945095803 ], [ -78.979887752958945, -2.863966924973656 ], [ -78.980071961623665, -2.863580099033367 ], [ -78.980373561830774, -2.863271417369011 ], [ -78.980645215773748, -2.863066658470949 ], [ -78.980761766845632, -2.86290574711774 ], [ -78.981002841828655, -2.862498316467526 ], [ -78.981043007183104, -2.86241258471608 ], [ -78.981050813049961, -2.862371098549082 ], [ -78.981104413296435, -2.862007367873767 ], [ -78.981162360390329, -2.861420322569902 ], [ -78.981224698119547, -2.861202173618405 ], [ -78.981451324096653, -2.860932326914889 ], [ -78.9816118283441, -2.86078189048038 ], [ -78.981746425875357, -2.860636652243432 ], [ -78.98181642310449, -2.860512095080123 ], [ -78.981832048565195, -2.860421166274064 ], [ -78.981850322658516, -2.860306824938075 ], [ -78.98185054044248, -2.860182144527398 ], [ -78.981847091339063, -2.859943084032862 ], [ -78.981865542240243, -2.859727479409702 ], [ -78.981847926310095, -2.859464976696326 ], [ -78.981876636372192, -2.859296224587912 ], [ -78.981920757964517, -2.859210499659319 ], [ -78.982063350724346, -2.85896654332043 ], [ -78.982139664128439, -2.858880965591781 ], [ -78.98224324213561, -2.858784947945335 ], [ -78.982357238796851, -2.858592929045534 ], [ -78.982403946120016, -2.858468240201198 ], [ -78.982432678060974, -2.858338366039847 ], [ -78.982435467872193, -2.858182497302859 ], [ -78.982411295497528, -2.857966817379264 ], [ -78.982398758506392, -2.857782350798342 ], [ -78.982414501571284, -2.857623882904466 ], [ -78.982466564771173, -2.857418644632795 ], [ -78.98254162365096, -2.85733044256376 ], [ -78.982805419802219, -2.857195829253628 ], [ -78.983101483533176, -2.85712103637147 ], [ -78.983220405465048, -2.85709520677737 ], [ -78.983512476405025, -2.857041201936845 ], [ -78.983755554419872, -2.856927256578671 ], [ -78.983854056892227, -2.856750761126788 ], [ -78.983895678996063, -2.856602736268005 ], [ -78.983914165282471, -2.856366336123098 ], [ -78.983900478340388, -2.85606749360929 ], [ -78.983949847164936, -2.855911706762776 ], [ -78.984061284598951, -2.855743009597659 ], [ -78.984190750889425, -2.855600383394821 ], [ -78.984227017199728, -2.855532817542584 ], [ -78.984263377677323, -2.855462810672273 ], [ -78.98432285730587, -2.855387510074861 ], [ -78.984341170756622, -2.855301829785719 ], [ -78.9844134858769, -2.855291559488439 ], [ -78.98460994721394, -2.855250314884235 ], [ -78.9847082230674, -2.855203743802521 ], [ -78.984788488100861, -2.855120704125802 ], [ -78.984866249280586, -2.854977986725324 ], [ -78.984933561000361, -2.854897546230371 ], [ -78.985029305479074, -2.854858746248276 ], [ -78.985236008321053, -2.854874661212216 ], [ -78.985393663679673, -2.854861918981574 ], [ -78.98562910719059, -2.854690908009424 ], [ -78.985787088027308, -2.854491099405716 ], [ -78.98591244644399, -2.854435263116963 ], [ -78.985918526561946, -2.854403448027975 ], [ -78.985920024763175, -2.854369274112404 ], [ -78.985933418575513, -2.854320202781734 ], [ -78.986006242066978, -2.854121058043869 ], [ -78.986025596643259, -2.854057078852415 ], [ -78.986047972725046, -2.853962002500078 ], [ -78.986055426498396, -2.853915904383297 ], [ -78.986058515622688, -2.853845929252597 ], [ -78.98605714402018, -2.853807319993239 ], [ -78.986048345244342, -2.853747812003606 ], [ -78.986036579053675, -2.853688298797202 ], [ -78.986017431584713, -2.853633202907832 ], [ -78.985992483079841, -2.853552871269557 ], [ -78.985968849908289, -2.853491800161458 ], [ -78.985943916969518, -2.853402517552288 ], [ -78.985930701653388, -2.853348969137481 ], [ -78.985917483821225, -2.853296867345423 ], [ -78.985905683980306, -2.853256702715433 ], [ -78.985888049613408, -2.853210560494394 ], [ -78.98587480851171, -2.85317183995812 ], [ -78.985858610374891, -2.853127146889691 ], [ -78.985846802672953, -2.85309150295548 ], [ -78.985833584840023, -2.853039401167013 ], [ -78.985823318853633, -2.852996255569397 ], [ -78.985810101020007, -2.852944153782103 ], [ -78.985796914157063, -2.85287424046231 ], [ -78.985786666248657, -2.852820697270826 ], [ -78.985780814276396, -2.852773038727009 ], [ -78.985767642973443, -2.852694174435946 ], [ -78.985760375363355, -2.852633222524708 ], [ -78.985755956944544, -2.852588550168799 ], [ -78.985748689331842, -2.852527598258288 ], [ -78.985744386612538, -2.852468098185978 ], [ -78.985741507230884, -2.852417461202149 ], [ -78.985737109399622, -2.852360944629958 ], [ -78.985735805050552, -2.852283638241166 ], [ -78.985732930693885, -2.852230108013863 ], [ -78.985733181550458, -2.852085807475027 ], [ -78.98573471334042, -2.85203228499153 ], [ -78.98573480135552, -2.851981653223325 ], [ -78.985743853517377, -2.851895414033847 ], [ -78.98575292374646, -2.851798777247805 ], [ -78.985755989376671, -2.851742273791509 ], [ -78.985769471088716, -2.851642570674168 ], [ -78.985776963448998, -2.851574230741392 ], [ -78.985796338478266, -2.851498407311871 ], [ -78.985821576465156, -2.851412196553632 ], [ -78.985848353478602, -2.851320021161693 ], [ -78.985878103074882, -2.851224867321086 ], [ -78.985943549933324, -2.851027156113387 ], [ -78.985985213110098, -2.85090670721993 ], [ -78.986011974521958, -2.850823482780773 ], [ -78.986069895774563, -2.85066147191126 ], [ -78.986087782984384, -2.850613855059094 ], [ -78.98619482291781, -2.85033592903916 ], [ -78.986228955315624, -2.850254164143911 ], [ -78.986257227270769, -2.850181339957897 ], [ -78.986267606856373, -2.850159116294435 ], [ -78.986330052470421, -2.849980748337095 ], [ -78.986339006340728, -2.849951017790262 ], [ -78.986364208069944, -2.849885602164256 ], [ -78.986400000454651, -2.849779970813779 ], [ -78.98642233489231, -2.849708673225533 ], [ -78.986454972160487, -2.849607557036617 ], [ -78.986492239200203, -2.849481223408766 ], [ -78.986507071531378, -2.849432154534819 ], [ -78.986513037260949, -2.849414353409222 ], [ -78.986548755050961, -2.849299861310997 ], [ -78.986562179551214, -2.849232978365048 ], [ -78.986575596356886, -2.849170525699996 ], [ -78.986586128464339, -2.849060419688112 ], [ -78.98659526293838, -2.848926622701479 ], [ -78.986598467930634, -2.848789741225719 ], [ -78.98660022929748, -2.848603852719112 ], [ -78.986599185651983, -2.848376187929216 ], [ -78.98660093912666, -2.848194820117091 ], [ -78.98659959860025, -2.848138218475061 ], [ -78.986598183368685, -2.848072846524473 ], [ -78.986598260869343, -2.848028182044706 ], [ -78.98659551752344, -2.847950873089743 ], [ -78.986597165220573, -2.84783044426301 ], [ -78.986601767167784, -2.847769422748674 ], [ -78.986604848138313, -2.847703968270152 ], [ -78.986612330067729, -2.847641505179185 ], [ -78.986615361935975, -2.847604350259402 ], [ -78.98662879920613, -2.847530053351722 ], [ -78.986636260422543, -2.847479524897412 ], [ -78.986646743303851, -2.847397718426907 ], [ -78.98665726701006, -2.847344211673248 ], [ -78.98666619283506, -2.84727876744127 ], [ -78.986676652491639, -2.847210342229387 ], [ -78.986688682049035, -2.847118140832663 ], [ -78.986696202526147, -2.847033435906888 ], [ -78.986697793129125, -2.846997725083547 ], [ -78.986705440144846, -2.846840056111285 ], [ -78.986710016414406, -2.84674196471757 ], [ -78.986711720532725, -2.84664079420431 ], [ -78.986717884871467, -2.846508438607651 ], [ -78.986719504227111, -2.8464042842757 ], [ -78.986721125857471, -2.846350671491415 ], [ -78.986724206604379, -2.846285307417388 ], [ -78.986725797569406, -2.846197518006955 ], [ -78.986725908405688, -2.846133595353583 ], [ -78.986727511841764, -2.846090470585247 ], [ -78.986730541159147, -2.846054762281625 ], [ -78.986732044325578, -2.846017604675294 ], [ -78.986732090883422, -2.845990751735847 ], [ -78.986736651734773, -2.845901520902498 ], [ -78.986738193614997, -2.845842031053061 ], [ -78.986744339856628, -2.845720073052185 ], [ -78.986744442992986, -2.845660580680506 ], [ -78.986746082464904, -2.84559666070488 ], [ -78.986750581382879, -2.845543143375021 ], [ -78.98675208970856, -2.8455030021074 ], [ -78.986753724158419, -2.845441975377199 ], [ -78.986758217898512, -2.845391441706492 ], [ -78.986759857515523, -2.845327431315811 ], [ -78.9867615280031, -2.845245609378648 ], [ -78.986766104166463, -2.845147517974111 ], [ -78.986767774644363, -2.845065696036182 ], [ -78.986772317418527, -2.844986862799952 ], [ -78.986776813805946, -2.84493479208994 ], [ -78.986781441322805, -2.844858942670351 ], [ -78.986785973743878, -2.844786076752753 ], [ -78.986790498483586, -2.844717641117843 ], [ -78.986793602346069, -2.844638895772304 ], [ -78.986798180963973, -2.844591255501003 ], [ -78.986804221825309, -2.844478157896914 ], [ -78.986808779919812, -2.844390464089777 ], [ -78.986817914108485, -2.844256576631937 ], [ -78.98682402152312, -2.844156950859891 ], [ -78.986825728280806, -2.84400225511856 ], [ -78.986831861522973, -2.843887711043406 ], [ -78.986831964588248, -2.843828218666506 ], [ -78.986837963743326, -2.843791068928646 ], [ -78.986840946639447, -2.843782123144983 ], [ -78.986842516783952, -2.843706268362901 ], [ -78.986859155663112, -2.843496626920502 ], [ -78.986863811448501, -2.843404412565938 ], [ -78.986877271923291, -2.843264655746448 ], [ -78.98688341277817, -2.843145681379561 ], [ -78.986889533110642, -2.84303855123908 ], [ -78.98689261903138, -2.842970113073449 ], [ -78.986897182199925, -2.842879435594228 ], [ -78.986898837051882, -2.842806564625216 ], [ -78.986901871451025, -2.842767872648781 ], [ -78.986908004436742, -2.842653418974686 ], [ -78.986917161629023, -2.842506150228938 ], [ -78.986923289584183, -2.842394589798714 ], [ -78.986935321553446, -2.842248863123216 ], [ -78.986938453527856, -2.842205741017978 ], [ -78.986952039956392, -2.842045098711821 ], [ -78.986955141168522, -2.841967799972544 ], [ -78.986958154883553, -2.841941042634804 ], [ -78.986961166093749, -2.841915731920241 ], [ -78.986979145614399, -2.841762601677761 ], [ -78.986986727734788, -2.841642092774496 ], [ -78.986988446843753, -2.841532061661274 ], [ -78.986985564434832, -2.841482961688854 ], [ -78.986972392625674, -2.841404097429269 ], [ -78.986968030170118, -2.841378864224922 ], [ -78.986944566455392, -2.841271682303778 ], [ -78.986910682107847, -2.84115860522685 ], [ -78.986888669741958, -2.841096090479253 ], [ -78.986862192167479, -2.841015756317434 ], [ -78.986851877314606, -2.840948741327923 ], [ -78.986832837543147, -2.840831259935958 ], [ -78.986805011559127, -2.840646766234208 ], [ -78.986803737577134, -2.840551557827268 ], [ -78.986805361507493, -2.840496498405584 ], [ -78.986812897079957, -2.840402842451356 ], [ -78.986821948468659, -2.840316603114187 ], [ -78.986836903980176, -2.840196107111623 ], [ -78.986856373499364, -2.840065221365715 ], [ -78.9868802927529, -2.839909117828673 ], [ -78.986896681622724, -2.839843686589681 ], [ -78.986919046381189, -2.839754486857202 ], [ -78.986935419757671, -2.839698006596338 ], [ -78.986951769984714, -2.839654907600163 ], [ -78.986972557283195, -2.839593914343564 ], [ -78.9870393274566, -2.839461664657983 ], [ -78.987132816838738, -2.839322047705878 ], [ -78.987221784522816, -2.839197250761698 ], [ -78.987267780342663, -2.839118489945391 ], [ -78.987298995882952, -2.839058961521596 ], [ -78.987330121341628, -2.838999523351398 ], [ -78.987364334889648, -2.838922278967134 ], [ -78.987374835196732, -2.83883007477759 ], [ -78.987369214154143, -2.838648603536028 ], [ -78.987364869788053, -2.838612882310946 ], [ -78.987348753599719, -2.838520631600783 ], [ -78.987334060663912, -2.838437334390895 ], [ -78.987295841946889, -2.838282659219968 ], [ -78.987259098112503, -2.83815908913517 ], [ -78.987203064977535, -2.838010259769729 ], [ -78.987133890582712, -2.837816833223429 ], [ -78.987045571043353, -2.837566773918427 ], [ -78.98700430540481, -2.837458114307723 ], [ -78.98697482956716, -2.837395586563257 ], [ -78.986951257537413, -2.837350971155211 ], [ -78.986912877081906, -2.837289874481562 ], [ -78.986870082716351, -2.837233290808451 ], [ -78.986822877098206, -2.837179683098216 ], [ -78.98676381480729, -2.837118640704456 ], [ -78.986661937701783, -2.837012858871579 ], [ -78.986583668568954, -2.836930897234815 ], [ -78.986508356504316, -2.836854908105842 ], [ -78.986450732971193, -2.836793868233334 ], [ -78.986422731896297, -2.836762535986376 ], [ -78.98639464590326, -2.836728310336758 ], [ -78.986365134157154, -2.836686577817122 ], [ -78.986340107958426, -2.836650910888191 ], [ -78.986312047754822, -2.836601766941785 ], [ -78.986278170861468, -2.836536338275812 ], [ -78.986263388080658, -2.836505029130427 ], [ -78.986242814393961, -2.836442516967514 ], [ -78.986220735189988, -2.836366620873729 ], [ -78.986200169160298, -2.836299678431029 ], [ -78.986185494271538, -2.836257971844148 ], [ -78.98610253885839, -2.836286126531036 ], [ -78.986089228156345, -2.836287549898377 ], [ -78.986064166027177, -2.836272678176184 ], [ -78.986036054423295, -2.836253280415629 ], [ -78.986005083343727, -2.836223480026711 ], [ -78.985940112186867, -2.836147508989501 ], [ -78.98588842094874, -2.8360879261278 ], [ -78.985854510795349, -2.836041755638364 ], [ -78.985825001578831, -2.835998576508314 ], [ -78.985796931087719, -2.835955399893219 ], [ -78.985773343795017, -2.835919645075529 ], [ -78.985746804450926, -2.835875024510748 ], [ -78.985726107422323, -2.835831860782915 ], [ -78.985705492657075, -2.835793127493873 ], [ -78.98570410534812, -2.835763378807585 ], [ -78.985696721669569, -2.835717254678253 ], [ -78.985696762769066, -2.835693475823406 ], [ -78.985698378923743, -2.835642846712297 ], [ -78.985704442108059, -2.835568536858964 ], [ -78.98570738377849, -2.835531381774905 ], [ -78.985708994770945, -2.835483736321793 ], [ -78.985709033366689, -2.835461404089032 ], [ -78.985707563788353, -2.835427224964683 ], [ -78.98569732062542, -2.835370698210769 ], [ -78.985675339011621, -2.835290372021414 ], [ -78.985638618379497, -2.835153420813276 ], [ -78.985622445638555, -2.835093900035424 ], [ -78.985616569967775, -2.835059713215027 ], [ -78.985606272897272, -2.835034379258472 ], [ -78.985579761837997, -2.834973393793897 ], [ -78.985541394288418, -2.83490488324097 ], [ -78.985513339277986, -2.834852755669715 ], [ -78.985489793087055, -2.834793222015605 ], [ -78.985483896792715, -2.834770969831253 ], [ -78.985479547263793, -2.834738232306792 ], [ -78.985478085489902, -2.834699532492921 ], [ -78.985484079273803, -2.834665366411778 ], [ -78.985499034358583, -2.83459694901844 ], [ -78.985521285778177, -2.834521130408017 ], [ -78.985528697813564, -2.83449881105768 ], [ -78.985416333609223, -2.834477819514277 ], [ -78.985410404037808, -2.834474825488619 ], [ -78.985411953301352, -2.834462893526493 ], [ -78.985431265566376, -2.834422783377576 ], [ -78.98545955183738, -2.834289019835012 ], [ -78.985470018552604, -2.834216164305427 ], [ -78.985476094643374, -2.834134350103965 ], [ -78.985485084047284, -2.834083824289675 ], [ -78.985496956201928, -2.83403022942819 ], [ -78.985508869229662, -2.834005024683976 ], [ -78.985517938439287, -2.833908297369928 ], [ -78.985535701421881, -2.833880119173513 ], [ -78.985546080806373, -2.833857805002016 ], [ -78.985552030992494, -2.833848864391285 ], [ -78.985566942300011, -2.833805762875655 ], [ -78.985565444581937, -2.833787858255343 ], [ -78.985565459887169, -2.83377899769386 ], [ -78.985555221843427, -2.833719487293991 ], [ -78.985570063840086, -2.833664450986049 ], [ -78.985576065403038, -2.833625764203378 ], [ -78.985577647920891, -2.833594574079476 ], [ -78.985580648701415, -2.833575230687913 ], [ -78.985580676966862, -2.833558865773139 ], [ -78.985598514580914, -2.833487469728896 ], [ -78.985607511606773, -2.833432513624804 ], [ -78.985614951882482, -2.83339382935216 ], [ -78.985623900185772, -2.833367082382512 ], [ -78.985629783556121, -2.833344760355317 ], [ -78.985661001126488, -2.833283875710538 ], [ -78.985661016584402, -2.833274924734555 ], [ -78.98564180196071, -2.833258526221386 ], [ -78.985634449129464, -2.833246578713046 ], [ -78.985631515026682, -2.833227315372 ], [ -78.985631569050824, -2.833196032163531 ], [ -78.985634675216133, -2.83311565938946 ], [ -78.985627365945902, -2.833078486404423 ], [ -78.985617148488416, -2.833007041372152 ], [ -78.985615681518965, -2.83297132521417 ], [ -78.985615714773914, -2.832952067054141 ], [ -78.985620298203401, -2.832901443120914 ], [ -78.985621808739225, -2.832859855239849 ], [ -78.985627900200583, -2.832769090047032 ], [ -78.985653188165301, -2.832653132809195 ], [ -78.985669548445657, -2.832604066471638 ], [ -78.985691948650455, -2.83249407152208 ], [ -78.985698078650771, -2.832433052653841 ], [ -78.985706972909895, -2.832385510321842 ], [ -78.985724820765896, -2.832360225503704 ], [ -78.985755902150615, -2.832326103191935 ], [ -78.985764835130155, -2.832308216775302 ], [ -78.985773824452806, -2.832257690938053 ], [ -78.985779692348785, -2.832244319880406 ], [ -78.985787245602438, -2.832192254494877 ], [ -78.985794662737703, -2.832166951468678 ], [ -78.985796170750845, -2.832126810204238 ], [ -78.985830355595951, -2.832065930702255 ], [ -78.985842355927502, -2.831938015574236 ], [ -78.985843925607938, -2.831914239383023 ], [ -78.985839516843313, -2.831863690161313 ], [ -78.985835162106738, -2.831833936296249 ], [ -78.985838196251862, -2.831795244320107 ], [ -78.985838296431638, -2.831737198589101 ], [ -78.985829484083411, -2.831685195057376 ], [ -78.985832492634685, -2.831661330962448 ], [ -78.985844454435906, -2.831607826636737 ], [ -78.985850376153806, -2.831563262775909 ], [ -78.985850409544355, -2.831543914198698 ], [ -78.985841682117851, -2.83149480406962 ], [ -78.985846206304359, -2.831426368425457 ], [ -78.985847686056701, -2.831402592076599 ], [ -78.985847760478833, -2.831359464640391 ], [ -78.98584780666053, -2.831332702122296 ], [ -78.985837558236241, -2.831279159045696 ], [ -78.985840582069841, -2.831246434386307 ], [ -78.985845208957755, -2.831170584957239 ], [ -78.985845311611115, -2.831111092602714 ], [ -78.985840897832588, -2.831063436627653 ], [ -78.985839554120432, -2.831008372045159 ], [ -78.985835240399325, -2.830954839322989 ], [ -78.985833832347311, -2.830884946702172 ], [ -78.985828079905389, -2.830831411470794 ], [ -78.985831057486394, -2.830773370758194 ], [ -78.985838551562892, -2.830755572235542 ], [ -78.98586822753316, -2.830702098799448 ], [ -78.985890476260465, -2.830679805301235 ], [ -78.98590669255897, -2.830662021989974 ], [ -78.985939269276244, -2.830647160466741 ], [ -78.985951195156701, -2.83061445132947 ], [ -78.986022375471052, -2.83053130399759 ], [ -78.986038658514943, -2.830474823521806 ], [ -78.986047599099109, -2.830452506806787 ], [ -78.9860579885368, -2.830424315695197 ], [ -78.986068357544127, -2.830407968807511 ], [ -78.986121728560931, -2.830327774066788 ], [ -78.986169200982474, -2.830278761933472 ], [ -78.986267133483565, -2.830116820015116 ], [ -78.986277512774009, -2.830094505801431 ], [ -78.986317529472259, -2.830041050355188 ], [ -78.986357587324761, -2.829963725623863 ], [ -78.986367992178373, -2.829926583520301 ], [ -78.986390207392461, -2.82987155998974 ], [ -78.986405144087584, -2.82981363051434 ], [ -78.986411219873702, -2.829731816238073 ], [ -78.986415646520541, -2.829719889277497 ], [ -78.986405377451476, -2.829678280836805 ], [ -78.986405487816086, -2.82961426776274 ], [ -78.986405595372375, -2.829551882139648 ], [ -78.986396765173254, -2.829510185793833 ], [ -78.9863938593911, -2.829474467113006 ], [ -78.986392459175391, -2.829452132360658 ], [ -78.986396936944843, -2.829410549625072 ], [ -78.98639848864957, -2.829397171025341 ], [ -78.986397008800296, -2.829368868795799 ], [ -78.986391233078535, -2.829276636226915 ], [ -78.986382623404822, -2.829159173152734 ], [ -78.986384257093889, -2.82904606781354 ], [ -78.986384505669349, -2.828901857569108 ], [ -78.986387550005972, -2.828857198250513 ], [ -78.986383261909126, -2.828788747214852 ], [ -78.986386334292405, -2.828727813385555 ], [ -78.98638780121351, -2.828711450968175 ], [ -78.986396777596184, -2.828668339027313 ], [ -78.986416110170268, -2.828616294123337 ], [ -78.986456201091542, -2.828519711175244 ], [ -78.986485920541895, -2.82844092175316 ], [ -78.986499302977393, -2.828397817483685 ], [ -78.986527550360407, -2.828338374135977 ], [ -78.986549767978374, -2.828281903950376 ], [ -78.986560255059885, -2.828249192269372 ], [ -78.986582539348845, -2.828154024906358 ], [ -78.986597473461075, -2.828097542027436 ], [ -78.986605085251639, -2.828011390524293 ], [ -78.986611119957189, -2.827953355099282 ], [ -78.98661120189297, -2.827905797355915 ], [ -78.986614230770627, -2.82787008900999 ], [ -78.986627626109339, -2.827819480371656 ], [ -78.98663654586727, -2.827757019672377 ], [ -78.986639623336757, -2.827693102169086 ], [ -78.986644175702537, -2.827660380145085 ], [ -78.986662012760519, -2.827589074379455 ], [ -78.986672453508632, -2.827531046623561 ], [ -78.986679873019099, -2.827504296931065 ], [ -78.986688816023218, -2.827480533561296 ], [ -78.986693306651659, -2.827431446450921 ], [ -78.986693357889038, -2.827401700256036 ], [ -78.9866918959099, -2.827363000416462 ], [ -78.986691929236827, -2.827343651827687 ], [ -78.986706883862652, -2.827275234291631 ], [ -78.986714380138935, -2.827203910511014 ], [ -78.986705593710951, -2.827188976861612 ], [ -78.986684819632728, -2.827190477729066 ], [ -78.986677466780137, -2.82717853024594 ], [ -78.986680526315425, -2.827125010345285 ], [ -78.98668054422339, -2.827114612739195 ], [ -78.986670285533265, -2.827066946573015 ], [ -78.986631912684985, -2.827001419848726 ], [ -78.986623107968555, -2.826944895620946 ], [ -78.98662317445887, -2.826906288858714 ], [ -78.986617409099367, -2.826860167560619 ], [ -78.986627857446791, -2.826797709517088 ], [ -78.98662706701117, -2.826786768018421 ], [ -78.986625528958683, -2.826740021181169 ], [ -78.986626391874793, -2.826708874979752 ], [ -78.986630656786673, -2.826686414467988 ], [ -78.986645115695495, -2.826644758679301 ], [ -78.98665623325445, -2.8266114151821 ], [ -78.986681223647281, -2.826563448730055 ], [ -78.986791589294796, -2.826334802414729 ], [ -78.986827064197627, -2.826255570872055 ], [ -78.986865922413756, -2.826195874691329 ], [ -78.986901940664481, -2.826166643165972 ], [ -78.986953988138154, -2.826071527545505 ], [ -78.986992159509541, -2.825992933576425 ], [ -78.987026200332551, -2.825910987086504 ], [ -78.98705817190887, -2.825829669890998 ], [ -78.987065751449165, -2.825814403070753 ], [ -78.987090724984711, -2.825776201295842 ], [ -78.987097730329864, -2.825728836412526 ], [ -78.987106127546937, -2.82570868864377 ], [ -78.987145602083288, -2.825656588300505 ], [ -78.987154621577261, -2.825640600669388 ], [ -78.987160262407002, -2.825602365249813 ], [ -78.98717146721323, -2.825518299477598 ], [ -78.987204748025249, -2.825459949764663 ], [ -78.987206835311383, -2.825448832441117 ], [ -78.987240900195872, -2.825352871751842 ], [ -78.987254814698133, -2.825314017822451 ], [ -78.987261143603533, -2.825241697415142 ], [ -78.987328345667947, -2.825170839114412 ], [ -78.987388769219777, -2.825067781529492 ], [ -78.986556590282177, -2.824424392654993 ], [ -78.986521246367516, -2.824375326650889 ], [ -78.986348775581092, -2.824221412816822 ], [ -78.986262529698138, -2.824176688552772 ], [ -78.98622939924482, -2.824147698360858 ], [ -78.98618514944576, -2.82410087722267 ], [ -78.986147620728573, -2.824067358668357 ], [ -78.986090043735516, -2.824031635291184 ], [ -78.986043639772888, -2.823982550051499 ], [ -78.985988368188046, -2.823913467844648 ], [ -78.985935336967287, -2.823848819833684 ], [ -78.985862437474751, -2.823781876899714 ], [ -78.985798353816662, -2.823712779365768 ], [ -78.985749655992549, -2.823690362326916 ], [ -78.985667835218123, -2.823634615231588 ], [ -78.985588161156755, -2.823585472106719 ], [ -78.985468721807294, -2.823496206304806 ], [ -78.985422283346963, -2.823467192960031 ], [ -78.985353747785481, -2.823424759865196 ], [ -78.985289618273725, -2.823382334437297 ], [ -78.98521661742177, -2.82332208198111 ], [ -78.985108215171863, -2.823246216682773 ], [ -78.985037469947173, -2.823181537859883 ], [ -78.984920809790523, -2.82309715926097 ], [ -78.984094779737916, -2.822435698456263 ], [ -78.984026057141662, -2.822554202125967 ], [ -78.984006724470973, -2.82260642781861 ], [ -78.983977911836007, -2.822680969287102 ], [ -78.983941070547843, -2.822770505513511 ], [ -78.983909271571889, -2.822856072293712 ], [ -78.983877462310758, -2.82294760638141 ], [ -78.98384756111777, -2.823027661198066 ], [ -78.983841606678993, -2.823039133418801 ], [ -78.983826721282057, -2.82306740710792 ], [ -78.983803893724115, -2.823112664814146 ], [ -78.983771579181038, -2.823184306909887 ], [ -78.983720371234412, -2.823314142765603 ], [ -78.983655732760951, -2.823462851760795 ], [ -78.983591618354296, -2.823620512646 ], [ -78.983537511704512, -2.823710470811637 ], [ -78.98349910740545, -2.82381989534642 ], [ -78.983441896141912, -2.823989502875321 ], [ -78.983427005569041, -2.824020760198176 ], [ -78.983394699515003, -2.824087429489189 ], [ -78.983354011337354, -2.824165476343063 ], [ -78.9832880756463, -2.824231996614077 ], [ -78.983272674531506, -2.824246436026409 ], [ -78.983240992120074, -2.824264282801796 ], [ -78.983217689490772, -2.824272108218462 ], [ -78.983190340030148, -2.82428019782465 ], [ -78.983154993059685, -2.824285199415877 ], [ -78.983132784733087, -2.824284166160753 ], [ -78.983119658401023, -2.824283058317839 ], [ -78.983098444484682, -2.824278952717576 ], [ -78.983066078719204, -2.824275912651457 ], [ -78.983029761964943, -2.824269701207798 ], [ -78.983012592543446, -2.824266687623153 ], [ -78.982986343154835, -2.824262573245875 ], [ -78.982968179479954, -2.82426254159115 ], [ -78.98294992417172, -2.824263504330827 ], [ -78.98293480543694, -2.824270620690796 ], [ -78.982919595224374, -2.824278641031338 ], [ -78.982900421398355, -2.824290813509049 ], [ -78.982887272157171, -2.824302996486123 ], [ -78.982876097708754, -2.824317172013312 ], [ -78.982869057672062, -2.824332439714348 ], [ -78.98286093346141, -2.82435068918856 ], [ -78.982858816222929, -2.824379165917395 ], [ -78.982857792197947, -2.824399416874974 ], [ -78.982862794316986, -2.824418774195488 ], [ -78.982868868608051, -2.824442111602108 ], [ -78.982875857677811, -2.824456409200351 ], [ -78.982915145958785, -2.824512353548901 ], [ -78.982951491535928, -2.824554007352479 ], [ -78.98298675621453, -2.824596744241237 ], [ -78.98300586692217, -2.824621189339836 ], [ -78.983025064120625, -2.824647623698263 ], [ -78.983032137967982, -2.824664905108782 ], [ -78.983046169557724, -2.824714657286225 ], [ -78.983045154104317, -2.824729935488824 ], [ -78.983044041873157, -2.824749191740381 ], [ -78.983037976758354, -2.824772688818788 ], [ -78.983026777829792, -2.824801059306596 ], [ -78.982977159203273, -2.82489554589842 ], [ -78.982951832350466, -2.824930039910486 ], [ -78.982946774113628, -2.824943231541817 ], [ -78.982941715876592, -2.824956423173024 ], [ -78.982927480577061, -2.824972672883539 ], [ -78.982909280100671, -2.824993978866975 ], [ -78.982890093941705, -2.825013294022677 ], [ -78.982870823163466, -2.825029534953119 ], [ -78.982837414173645, -2.825057866714566 ], [ -78.982788882847984, -2.825095394339821 ], [ -78.982759528795768, -2.825118760394548 ], [ -78.982737294265746, -2.825132916630469 ], [ -78.98271703094224, -2.825151144933279 ], [ -78.982693156192028, -2.825177865856281 ], [ -78.982675957137772, -2.825192030869297 ], [ -78.982653606334949, -2.825221466867803 ], [ -78.982620262617488, -2.825264084143177 ], [ -78.982606004543044, -2.825293534249928 ], [ -78.982600955031316, -2.825301662706201 ], [ -78.982583724318459, -2.825334181704906 ], [ -78.982578669660242, -2.825345293814243 ], [ -78.982527002151713, -2.825428565433246 ], [ -78.982516904840509, -2.825443827792278 ], [ -78.982502643327948, -2.825475266996381 ], [ -78.982477383593235, -2.825522961540474 ], [ -78.98247123040629, -2.825545373482867 ], [ -78.982461110478155, -2.825573745831373 ], [ -78.982449918380453, -2.82559813809334 ], [ -78.982442867870702, -2.825619463501889 ], [ -78.982434729595127, -2.825645850197226 ], [ -78.98242658414415, -2.825676395923823 ], [ -78.982420431109503, -2.825698717450875 ], [ -78.982414554538991, -2.825717151657814 ], [ -78.982410462627584, -2.825743545409438 ], [ -78.982409410345227, -2.825780161244704 ], [ -78.982406302241145, -2.825809630788032 ], [ -78.982404280186785, -2.825835033595489 ], [ -78.982401186119873, -2.825856365902982 ], [ -78.982398085033324, -2.825881766828171 ], [ -78.982398053524463, -2.825900030401343 ], [ -78.982396045507159, -2.82591729597294 ], [ -78.982392958458234, -2.825934559662352 ], [ -78.982389860801845, -2.825957971485185 ], [ -78.982386863671607, -2.825975235331271 ], [ -78.982379719646687, -2.825998640095692 ], [ -78.982375647072217, -2.826013822543621 ], [ -78.982365546317595, -2.826031073998093 ], [ -78.98235436465913, -2.826049408534708 ], [ -78.982336162431963, -2.826071709040073 ], [ -78.982317970656098, -2.826087951825146 ], [ -78.982303738916457, -2.826102121995827 ], [ -78.982285555876061, -2.826113301611267 ], [ -78.982250184367032, -2.826132498085904 ], [ -78.982163241678322, -2.826179090439925 ], [ -78.982120404058236, -2.82619990133367 ], [ -78.982094114862207, -2.82621884240353 ], [ -78.982051982084158, -2.826248063022762 ], [ -78.982038625816102, -2.826275977638888 ], [ -78.982017254600777, -2.82636300901177 ], [ -78.982010281974482, -2.826391296420634 ], [ -78.982009711562284, -2.826409197393028 ], [ -78.98200821870627, -2.826440568438545 ], [ -78.982006622198156, -2.826479895733206 ], [ -78.982006037774894, -2.826558012390316 ], [ -78.982005351256149, -2.826643181159379 ], [ -78.98200430377824, -2.826676994159098 ], [ -78.981999672195613, -2.826755555822857 ], [ -78.981989569599349, -2.82687804913071 ], [ -78.981979497270927, -2.826983002178225 ], [ -78.981943155530757, -2.827095413734085 ], [ -78.981913432355398, -2.827124203912242 ], [ -78.981852518405489, -2.827146429839697 ], [ -78.981759404590008, -2.827173662736786 ], [ -78.981677180537588, -2.827195399381889 ], [ -78.981723686626751, -2.827341408698916 ], [ -78.9817620704776, -2.82740033519608 ], [ -78.981782687453503, -2.827437712154822 ], [ -78.981802981279344, -2.827506010126088 ], [ -78.981801163689212, -2.827517127870712 ], [ -78.981788966340986, -2.82755083098555 ], [ -78.981757089451762, -2.827577085797448 ], [ -78.98168379953232, -2.827632291184718 ], [ -78.981658027475774, -2.827664162314639 ], [ -78.981648239830434, -2.827708357650129 ], [ -78.98164500895885, -2.827756813889376 ], [ -78.981655246005786, -2.8278168666309 ], [ -78.981656981152923, -2.827853487312999 ], [ -78.981659087844477, -2.82788323718323 ], [ -78.981656880591046, -2.827911713725383 ], [ -78.981645855870866, -2.82804740582215 ], [ -78.981647183548915, -2.828111692463037 ], [ -78.981648209641435, -2.828142344585834 ], [ -78.98165028774909, -2.828188640160112 ], [ -78.981652326656331, -2.828257629568903 ], [ -78.981655037164373, -2.82830220838261 ], [ -78.981656095113692, -2.828314416114223 ], [ -78.981662398140671, -2.828413520817597 ], [ -78.981684005272058, -2.828502345058946 ], [ -78.981690661766166, -2.828552988500501 ], [ -78.981697406304491, -2.82860471706365 ], [ -78.981708316922095, -2.828691262277345 ], [ -78.981707830101641, -2.828764858388948 ], [ -78.981707328907348, -2.828846772559438 ], [ -78.981707848477328, -2.828962412918989 ], [ -78.981711382616623, -2.828998675089331 ], [ -78.981716230712323, -2.829055101867644 ], [ -78.981722944933182, -2.829124370688097 ], [ -78.981729562827454, -2.82919734631304 ], [ -78.981730964827719, -2.82921859604243 ], [ -78.981734069140714, -2.829295453330234 ], [ -78.9817344058537, -2.829308744770382 ], [ -78.981724889717142, -2.829403934044163 ], [ -78.98172169347751, -2.829432318443093 ], [ -78.981719053555508, -2.829503017545949 ], [ -78.981716475501173, -2.829537912829462 ], [ -78.981709496469094, -2.829621895202413 ], [ -78.981712299364901, -2.829665027556974 ], [ -78.981717807265426, -2.829755903207171 ], [ -78.981722184572433, -2.829772547023446 ], [ -78.981738059935452, -2.829847980002351 ], [ -78.981749815801308, -2.829861653050656 ], [ -78.98182511611293, -2.829944061323671 ], [ -78.981836875105643, -2.829955926098664 ], [ -78.981878533249088, -2.829993339852675 ], [ -78.981899240761351, -2.830030355345716 ], [ -78.981919476332337, -2.830080299212119 ], [ -78.981946184707013, -2.830131068114773 ], [ -78.981968322340904, -2.830173058876978 ], [ -78.981995044468192, -2.830215871375972 ], [ -78.982034502833926, -2.830277421821918 ], [ -78.982075474991348, -2.830347564242186 ], [ -78.982093927560058, -2.830440632466265 ], [ -78.982089869214633, -2.830499575287905 ], [ -78.982089702322455, -2.830596137123394 ], [ -78.982101805998326, -2.830616682246351 ], [ -78.982109700329161, -2.830627455304379 ], [ -78.982129989973089, -2.830646116038372 ], [ -78.98217390035235, -2.830681092563895 ], [ -78.982204164202159, -2.830703748942188 ], [ -78.982262353214054, -2.830749509682306 ], [ -78.982319368431774, -2.830798071205362 ], [ -78.982358264575169, -2.83082074266745 ], [ -78.982376871849254, -2.830824301325939 ], [ -78.982396468083607, -2.830827952126206 ], [ -78.982435390950641, -2.830835162840926 ], [ -78.982463256044639, -2.830840998024136 ], [ -78.982486084544561, -2.830847457304774 ], [ -78.982528595451498, -2.830859737470392 ], [ -78.982598151556431, -2.830883999535949 ], [ -78.982638126749691, -2.830906672879791 ], [ -78.982650603241794, -2.830919623880901 ], [ -78.98267241903757, -2.830939733905649 ], [ -78.982691174283872, -2.830961737277582 ], [ -78.982725095646728, -2.831001307464853 ], [ -78.982763944001988, -2.831051645528355 ], [ -78.982822350169585, -2.83112787617119 ], [ -78.982857700256361, -2.831173235354466 ], [ -78.982915093799292, -2.831211038272812 ], [ -78.982924437481373, -2.831215665712079 ], [ -78.982953639671976, -2.831228284279479 ], [ -78.982997933378101, -2.831249608958503 ], [ -78.983041780769042, -2.831269034162655 ], [ -78.983116355088626, -2.831303340946539 ], [ -78.983131353717752, -2.831313764762371 ], [ -78.983164582307182, -2.831337963358273 ], [ -78.983197354581918, -2.831366048960642 ], [ -78.983213071945968, -2.831376835688229 ], [ -78.983249806941089, -2.831401311651763 ], [ -78.983285914374648, -2.831424701550426 ], [ -78.983317260905963, -2.83144528029692 ], [ -78.983368228629843, -2.831507122123921 ], [ -78.983395649720492, -2.831561780109662 ], [ -78.983424832651792, -2.831637598061875 ], [ -78.983452957636842, -2.831701208270945 ], [ -78.983474993542245, -2.831750070353769 ], [ -78.983498863776035, -2.831778140409643 ], [ -78.983531365686119, -2.83180658720089 ], [ -78.983577338851873, -2.831844731829401 ], [ -78.983595915069643, -2.831866282825964 ], [ -78.983614043407428, -2.831886838485647 ], [ -78.98363755584252, -2.831913822949233 ], [ -78.983666811429913, -2.831947598500401 ], [ -78.983690323242314, -2.831974944619798 ], [ -78.983717781529606, -2.832008084133671 ], [ -78.983739856501643, -2.832034342774967 ], [ -78.983760949230145, -2.832056621481705 ], [ -78.983772346708662, -2.832069570603294 ], [ -78.983792282197044, -2.832085066233614 ], [ -78.98381257736537, -2.832100562492257 ], [ -78.983835740752198, -2.832121398191489 ], [ -78.983877480835602, -2.832163513648501 ], [ -78.983897038058231, -2.832189767893279 ], [ -78.983912021866757, -2.832208781023289 ], [ -78.983944500835932, -2.832250518647833 ], [ -78.983990170688131, -2.832308101779199 ], [ -78.984035060477638, -2.832348776115917 ], [ -78.984069623232458, -2.832381475974423 ], [ -78.984101045510954, -2.832410282541797 ], [ -78.984149165551074, -2.832454940742141 ], [ -78.98417412172526, -2.832479034482669 ], [ -78.984211194122054, -2.832516440259002 ], [ -78.984266126994726, -2.832573316263938 ], [ -78.984323497707294, -2.832624410026012 ], [ -78.984570585237222, -2.832840208008676 ], [ -78.984580277410686, -2.833111557686878 ], [ -78.98458173559645, -2.833152336998386 ], [ -78.984583151289442, -2.833217708874069 ], [ -78.984581536259256, -2.833267705056463 ], [ -78.984577499569994, -2.833366158971747 ], [ -78.984575895314833, -2.833409916598852 ], [ -78.984574313399861, -2.833440745047031 ], [ -78.984559761529198, -2.83353601609642 ], [ -78.98454658891859, -2.833613658802302 ], [ -78.984532566627792, -2.833766705388193 ], [ -78.984519269148493, -2.833916588743653 ], [ -78.984511495777184, -2.833991890111508 ], [ -78.984505266825423, -2.834058062352605 ], [ -78.98449821139954, -2.834134178700429 ], [ -78.984496564455142, -2.834202619300144 ], [ -78.984495617019689, -2.834282543713452 ], [ -78.984494861713372, -2.834303337637636 ], [ -78.984492380161797, -2.834386423863231 ], [ -78.984492251218896, -2.8344610152743 ], [ -78.984485297726295, -2.834530169911307 ], [ -78.984466590265527, -2.834688542723514 ], [ -78.984448900319052, -2.834778473834909 ], [ -78.984427382257266, -2.834846156383605 ], [ -78.984408238224233, -2.834892957423035 ], [ -78.984333754929821, -2.835065879797962 ], [ -78.984296837995473, -2.835146555043243 ], [ -78.984237710176501, -2.835279541207884 ], [ -78.984207027104802, -2.835343229491741 ], [ -78.984151783175733, -2.835466186464979 ], [ -78.984087234760906, -2.83561381019968 ], [ -78.984053460908655, -2.83569684167448 ], [ -78.984018868538982, -2.835785206143698 ], [ -78.983965845954643, -2.835923537355492 ], [ -78.983929706304139, -2.836022658380199 ], [ -78.983889766061523, -2.836135606103495 ], [ -78.983876649108296, -2.836180971020467 ], [ -78.983864357391411, -2.8362171151453 ], [ -78.983824383799657, -2.836349320994095 ], [ -78.983811281542955, -2.836386187010317 ], [ -78.983802068381749, -2.836410040204703 ], [ -78.983751383621993, -2.836548375456606 ], [ -78.983735214682568, -2.836590660946473 ], [ -78.98370603605261, -2.836668275568404 ], [ -78.983681472607671, -2.83672899083397 ], [ -78.983659974425549, -2.836785100344111 ], [ -78.983636161006487, -2.83682809576307 ], [ -78.983597748431961, -2.836889600512734 ], [ -78.983537978283493, -2.836977920853206 ], [ -78.983478928737114, -2.8370655191328 ], [ -78.983436738240712, -2.837127740565343 ], [ -78.983415984748504, -2.83716920428566 ], [ -78.98337835747526, -2.837244543733727 ], [ -78.983317664814635, -2.8373982317698 ], [ -78.983284622197957, -2.837474302542739 ], [ -78.983264655267973, -2.837528877663384 ], [ -78.98324541176703, -2.837581103284033 ], [ -78.983215399803782, -2.837672549738521 ], [ -78.9831962728326, -2.837709405174229 ], [ -78.983154752318498, -2.837800108159278 ], [ -78.983124878169178, -2.837863888152028 ], [ -78.98310259192256, -2.837907699929514 ], [ -78.983063471952676, -2.837962241496266 ], [ -78.983010578206859, -2.838025981168335 ], [ -78.982950863984797, -2.838081933283984 ], [ -78.982915659749523, -2.838108091694294 ], [ -78.982865060669241, -2.838144891993162 ], [ -78.98282903790755, -2.838176383390862 ], [ -78.982789230661993, -2.838212388857708 ], [ -78.982735638830519, -2.838263830971049 ], [ -78.98269961480905, -2.838296045669272 ], [ -78.982605329670676, -2.838375896897256 ], [ -78.982330301323344, -2.838613113429316 ], [ -78.98230661500358, -2.838634590453654 ], [ -78.982225384238035, -2.838705242260068 ], [ -78.982186298985013, -2.838739711907054 ], [ -78.98211588136148, -2.838797272618863 ], [ -78.982105156872805, -2.838811087161432 ], [ -78.982074519885742, -2.838848012781913 ], [ -78.982041531804327, -2.838892529052502 ], [ -78.981998616441629, -2.838957823132085 ], [ -78.981969473606853, -2.839014642433904 ], [ -78.981948707930115, -2.839063067918149 ], [ -78.981927193575487, -2.839128399498064 ], [ -78.981915681685507, -2.839181452311014 ], [ -78.981907800560151, -2.83926678926891 ], [ -78.981901651900088, -2.839338295927922 ], [ -78.981890802140768, -2.839424350991527 ], [ -78.981876867021853, -2.839526584742195 ], [ -78.981874455720586, -2.839568894244231 ], [ -78.981872097023469, -2.83963272235874 ], [ -78.981868947698757, -2.839685789826671 ], [ -78.981864183019738, -2.83978885337693 ], [ -78.981862555749132, -2.839845720898695 ], [ -78.981860889746173, -2.839924920598106 ], [ -78.981859936359115, -2.840008009346593 ], [ -78.981861367783139, -2.840064068505504 ], [ -78.981863566932688, -2.84014408870742 ], [ -78.981868043569278, -2.840207115080494 ], [ -78.98187636654923, -2.840281811598259 ], [ -78.981884622502932, -2.840343307562279 ], [ -78.981911290645172, -2.840417222526316 ], [ -78.981928733216691, -2.840470235690468 ], [ -78.981956202644753, -2.84054876317429 ], [ -78.981991182727384, -2.840651896427496 ], [ -78.982000276033574, -2.840697209766765 ], [ -78.982029163380801, -2.840839571997101 ], [ -78.982038969304014, -2.840888774388053 ], [ -78.982060282892249, -2.840991069956246 ], [ -78.982070092734915, -2.841038012006538 ], [ -78.982081519889974, -2.841085680205567 ], [ -78.982091335064666, -2.841129548191461 ], [ -78.98210428553341, -2.841180293137938 ], [ -78.982132339070603, -2.841284951297075 ], [ -78.982142968861126, -2.841325746639024 ], [ -78.982173335581621, -2.841496501468017 ], [ -78.982192921091709, -2.84166190296631 ], [ -78.982198171807923, -2.841693376237133 ], [ -78.982211818887762, -2.841757232436994 ], [ -78.982217136619326, -2.841801906265131 ], [ -78.982221607884625, -2.8418680067189 ], [ -78.982233612883363, -2.841997229338855 ], [ -78.982243460703174, -2.842074098488153 ], [ -78.982247986559443, -2.84210873497807 ], [ -78.982268366078259, -2.842231100832021 ], [ -78.982293440288927, -2.842342625248729 ], [ -78.982311621211963, -2.842436506849217 ], [ -78.982313818544441, -2.842465714417345 ], [ -78.982314542313574, -2.842514991301794 ], [ -78.982317495579323, -2.842574940946787 ], [ -78.982317438148371, -2.842608032359666 ], [ -78.982311088640657, -2.842743370933605 ], [ -78.982306355965108, -2.842827899691831 ], [ -78.982299214414539, -2.842953291336825 ], [ -78.982295278927268, -2.843044783368146 ], [ -78.982291340304783, -2.843086276468246 ], [ -78.982288886687996, -2.843204714462108 ], [ -78.982289528675253, -2.843249289675629 ], [ -78.982289348489061, -2.843353084595931 ], [ -78.982289194980297, -2.84344150918814 ], [ -78.982289121520409, -2.843483822796629 ], [ -78.982286765353365, -2.843546113885523 ], [ -78.982285815891089, -2.843626851892862 ], [ -78.982286539624795, -2.843676128776002 ], [ -78.982289414044544, -2.843781466094766 ], [ -78.982285492669106, -2.843813013686196 ], [ -78.982276200667002, -2.843882164060267 ], [ -78.982262346570351, -2.843937563501724 ], [ -78.982250841240713, -2.843986728501724 ], [ -78.982220847378102, -2.844067415516347 ], [ -78.982182465449469, -2.844162734862137 ], [ -78.982127928982052, -2.844291840658513 ], [ -78.982093342540068, -2.84437631697984 ], [ -78.982057227280677, -2.844460881025779 ], [ -78.982039612655356, -2.844506961210855 ], [ -78.982016483497304, -2.844569939119691 ], [ -78.981991104903713, -2.844633726801424 ], [ -78.981951199598114, -2.844725969362108 ], [ -78.981904326407516, -2.844843515583509 ], [ -78.981869017715979, -2.844929618056334 ], [ -78.981822999181745, -2.845021036134551 ], [ -78.981802954937891, -2.845068106588386 ], [ -78.981779926183862, -2.84512502691722 ], [ -78.981752274235362, -2.845203367225334 ], [ -78.981714431173771, -2.845402482642303 ], [ -78.981702860246287, -2.845489350103555 ], [ -78.981691173936795, -2.845590864417663 ], [ -78.981680330375866, -2.845673122043343 ], [ -78.981678744211024, -2.845706210755311 ], [ -78.981677187587493, -2.845722301699984 ], [ -78.981676429408054, -2.84574463260885 ], [ -78.981674056740104, -2.845764609918616 ], [ -78.981672434430138, -2.845818493770932 ], [ -78.981666886908528, -2.845906095121853 ], [ -78.981660573182864, -2.846020638476766 ], [ -78.9816519752804, -2.846155973020167 ], [ -78.981646392845903, -2.846263646199126 ], [ -78.981643211057602, -2.846335248438804 ], [ -78.981636905313565, -2.846445180693142 ], [ -78.981631353666003, -2.846535132793805 ], [ -78.981627388520337, -2.846643532123468 ], [ -78.981624914132951, -2.846722007062959 ], [ -78.981622549784149, -2.846788909212904 ], [ -78.981614834669543, -2.846881931581455 ], [ -78.981612443276546, -2.846912668112572 ], [ -78.981607668657887, -2.847021156430225 ], [ -78.98159832033015, -2.847122584420166 ], [ -78.981593675564341, -2.847156391062376 ], [ -78.981592071912942, -2.847199515685086 ], [ -78.981584142476621, -2.847364055086113 ], [ -78.981569229043714, -2.847563120323555 ], [ -78.981562316115486, -2.847608495957359 ], [ -78.981549962484124, -2.847679991647119 ], [ -78.981532113259178, -2.847809161752921 ], [ -78.981522827463735, -2.847874605101608 ], [ -78.981512009234336, -2.847942215688528 ], [ -78.981500376207791, -2.848012989328554 ], [ -78.9814857827064, -2.848079779548374 ], [ -78.981474134885985, -2.848159052067979 ], [ -78.981462443174877, -2.848263549991535 ], [ -78.981449284405244, -2.848384319837507 ], [ -78.981443811596321, -2.848428884271025 ], [ -78.981436755228131, -2.848505000374687 ], [ -78.981429767381456, -2.848593412890325 ], [ -78.981423427944137, -2.848722603220385 ], [ -78.981421750771034, -2.848807951003582 ], [ -78.981423133581785, -2.84889176713333 ], [ -78.981419851432747, -2.849020962839887 ], [ -78.981415074130652, -2.849130897751805 ], [ -78.981411810529025, -2.849249424647792 ], [ -78.981410190919945, -2.849301681038859 ], [ -78.98140615562555, -2.849398597651208 ], [ -78.981400673719619, -2.849500032412902 ], [ -78.981394426581872, -2.849576149932306 ], [ -78.981388933588704, -2.849632287304099 ], [ -78.981382679675932, -2.849712292608385 ], [ -78.981378743506923, -2.849752248629206 ], [ -78.98136716157984, -2.849845264158327 ], [ -78.981357055843162, -2.849916763773959 ], [ -78.981340858494249, -2.850026678577421 ], [ -78.9813353842124, -2.850072056723273 ], [ -78.981329170569239, -2.850128916133427 ], [ -78.981319819010167, -2.850232061939157 ], [ -78.981315140787586, -2.850285036252695 ], [ -78.981307379585431, -2.850352742605384 ], [ -78.981288000165677, -2.850482633270577 ], [ -78.981274821014594, -2.85056334968481 ], [ -78.981245421453934, -2.850767181273333 ], [ -78.98122765789185, -2.85089861180799 ], [ -78.981212147540589, -2.851027062647963 ], [ -78.981195798594754, -2.851172328993136 ], [ -78.981173478301599, -2.851286934508907 ], [ -78.981158770434703, -2.85136764821641 ], [ -78.981144159097937, -2.851444564708631 ], [ -78.981125667914625, -2.851529069133157 ], [ -78.981097859713259, -2.851645202007604 ], [ -78.981074795763988, -2.851722103605602 ], [ -78.981057060000026, -2.851785904572083 ], [ -78.98104784251322, -2.85181201795007 ], [ -78.980977978216899, -2.851964151868818 ], [ -78.980893253232651, -2.8523362365552 ], [ -78.980773024299893, -2.852854367445056 ], [ -78.98068750593724, -2.853217137990844 ], [ -78.980650783282741, -2.853288590629471 ], [ -78.980636230760311, -2.853331692390612 ], [ -78.98059000887649, -2.853487665236243 ], [ -78.98058159779508, -2.853515407463604 ], [ -78.980570030322838, -2.853548388130041 ], [ -78.980540065138754, -2.853612167487177 ], [ -78.980522380225452, -2.853698300713623 ], [ -78.980503884751883, -2.85378515581954 ], [ -78.980499231751267, -2.85382357350379 ], [ -78.980498297576077, -2.853895179628922 ], [ -78.98050282064834, -2.853931262731548 ], [ -78.980502038203426, -2.853967426893499 ], [ -78.980505640495551, -2.854067430967543 ], [ -78.980504828558765, -2.854120502468073 ], [ -78.980500885615641, -2.854164255820591 ], [ -78.980494717188265, -2.854195076067542 ], [ -78.980490062914498, -2.854234217058666 ], [ -78.98047854496734, -2.854290343750267 ], [ -78.980464619169524, -2.854334983635621 ], [ -78.980443222168049, -2.854384040623152 ], [ -78.980416253192985, -2.854431279505463 ], [ -78.980411471430713, -2.854440402871166 ], [ -78.980403356584219, -2.854452956084832 ], [ -78.980386494917312, -2.854479508018579 ], [ -78.980360522484261, -2.854522499203085 ], [ -78.980344384759888, -2.854546430410089 ], [ -78.980328785931974, -2.85457072422221 ], [ -78.980293184965376, -2.854617676628767 ], [ -78.980266234588214, -2.854654246698811 ], [ -78.980253345859623, -2.854671402594584 ], [ -78.980231712672037, -2.854701201003038 ], [ -78.980215025632319, -2.854730736893394 ], [ -78.980201404279384, -2.854755486257323 ], [ -78.980194368325868, -2.854768131783196 ], [ -78.980161807160712, -2.854825125474995 ], [ -78.980151977963558, -2.854841020970577 ], [ -78.980106882694614, -2.854918064416869 ], [ -78.980085237031986, -2.854955005486935 ], [ -78.980051708332297, -2.854999610766566 ], [ -78.98004368671026, -2.855010265446099 ], [ -78.980032330580713, -2.855025163692325 ], [ -78.980019977426267, -2.855044580870474 ], [ -78.980007805376374, -2.855063275057114 ], [ -78.979997976647041, -2.855078899307715 ], [ -78.9799949994581, -2.855084499712047 ], [ -78.979980649411942, -2.855114582196762 ], [ -78.979951050575494, -2.855174474336784 ], [ -78.979940672216244, -2.855195884100368 ], [ -78.979905564496903, -2.855269328588603 ], [ -78.979894192896538, -2.855293087357177 ], [ -78.979872533642677, -2.855337803977402 ], [ -78.979859613491598, -2.855372952152857 ], [ -78.979857351884206, -2.855380723750122 ], [ -78.979826000014441, -2.855466109479218 ], [ -78.979809105323525, -2.85551155781264 ], [ -78.979795862527993, -2.855576994042186 ], [ -78.979777349042735, -2.855674065802202 ], [ -78.979772543431551, -2.855696841601096 ], [ -78.979766345276175, -2.855744659567532 ], [ -78.979763617642902, -2.855761833377322 ], [ -78.979760795668255, -2.855781538607205 ], [ -78.979755164451376, -2.85586516144201 ], [ -78.979748160097913, -2.855962705578949 ], [ -78.979747921058646, -2.855996610335329 ], [ -78.979748380237055, -2.856042631774501 ], [ -78.979749027150277, -2.856084132854611 ], [ -78.979752984422987, -2.856135223641885 ], [ -78.979762048052194, -2.856248799385392 ], [ -78.979769176976404, -2.856337417503106 ], [ -78.979776454637573, -2.856443847404508 ], [ -78.979781878676505, -2.856530382996035 ], [ -78.979787445134804, -2.856638346912409 ], [ -78.979788146033655, -2.856648926565607 ], [ -78.979794707937828, -2.856753275687651 ], [ -78.979796455999036, -2.856782120779438 ], [ -78.979800441202798, -2.856817208374007 ], [ -78.979808304633792, -2.85689714806627 ], [ -78.979810520459679, -2.856915596396007 ], [ -78.979811498069495, -2.856922198330305 ], [ -78.979801241947982, -2.857028054793637 ], [ -78.979799737827776, -2.857065483455208 ], [ -78.97980619219183, -2.857128422863879 ], [ -78.97980461978257, -2.857153464712836 ], [ -78.97980065998361, -2.857206801868587 ], [ -78.979794854785098, -2.857235543209143 ], [ -78.979782163747828, -2.857293928119276 ], [ -78.979768267659793, -2.857321479791766 ], [ -78.97975338432876, -2.857347944754494 ], [ -78.97973274680659, -2.857373947485744 ], [ -78.979705261030119, -2.857408075364252 ], [ -78.979632467469756, -2.857486335571766 ], [ -78.979574811523918, -2.857546991813752 ], [ -78.97952769819419, -2.857595189566351 ], [ -78.979521842234902, -2.857601508188565 ], [ -78.979472196563435, -2.857658019531469 ], [ -78.97943840852038, -2.8576965665364 ], [ -78.979434173359934, -2.857701622227443 ], [ -78.979408213230158, -2.857737470643724 ], [ -78.97939108784621, -2.857760495907377 ], [ -78.979384328719874, -2.857769073276941 ], [ -78.979379272889744, -2.857780637310236 ], [ -78.979351203797918, -2.857839808753352 ], [ -78.979341637194651, -2.857859773299102 ], [ -78.979310773101872, -2.857923189248325 ], [ -78.97929335551062, -2.857959052747708 ], [ -78.979259597644031, -2.858031776198259 ], [ -78.979253548564344, -2.858045689232591 ], [ -78.97923712974368, -2.8580760392527 ], [ -78.979190491903793, -2.85816085538436 ], [ -78.979175066798561, -2.858188585157594 ], [ -78.979165053738697, -2.858206740633189 ], [ -78.979119426671744, -2.858279171853757 ], [ -78.979104007725311, -2.858303375497502 ], [ -78.979056846923555, -2.85837869724023 ], [ -78.979047468683561, -2.858393779766042 ], [ -78.979034112872398, -2.858420880293141 ], [ -78.979006141870542, -2.858475350361091 ], [ -78.978987886191831, -2.858527667666447 ], [ -78.978980295632894, -2.858548901485467 ], [ -78.978958052102058, -2.858619113665177 ], [ -78.978938055183605, -2.858690143537133 ], [ -78.978930000944274, -2.85871942335935 ], [ -78.978912219336678, -2.858809172791863 ], [ -78.978887112650696, -2.858922597678007 ], [ -78.978866642388112, -2.859007188768051 ], [ -78.978857596313759, -2.85903800386724 ], [ -78.978851714728577, -2.859058969460946 ], [ -78.9788318121267, -2.8591274679021 ], [ -78.978829543373962, -2.859139308092933 ], [ -78.978828002690051, -2.85914617681444 ], [ -78.978820681881786, -2.859167411104059 ], [ -78.978801339672643, -2.859223975917482 ], [ -78.978786877578941, -2.859266625639583 ], [ -78.978781818407143, -2.859280088343865 ], [ -78.978757693423915, -2.859346318968787 ], [ -78.978750555616585, -2.859365745304663 ], [ -78.978747574919467, -2.859373334789426 ], [ -78.978743240653614, -2.859383634293378 ], [ -78.978706132628176, -2.859469461741104 ], [ -78.978694303710412, -2.859497559500193 ], [ -78.978684734061105, -2.859519241877788 ], [ -78.978655232419499, -2.859574794163826 ], [ -78.978642060524237, -2.859599544237455 ], [ -78.978608766193062, -2.859664221600255 ], [ -78.978586035552766, -2.859704415517437 ], [ -78.978568445945399, -2.859735757978459 ], [ -78.978552546660126, -2.859777501007515 ], [ -78.97853990195145, -2.859809304280386 ], [ -78.978522926291149, -2.859849508370428 ], [ -78.978508265341588, -2.859903007372018 ], [ -78.978493139595727, -2.859965185268695 ], [ -78.978484531074812, -2.860002872569564 ], [ -78.978483262838523, -2.860008204736653 ], [ -78.978471330851391, -2.860043806642812 ], [ -78.978444036085833, -2.860122870379276 ], [ -78.978434186846883, -2.860150157904178 ], [ -78.978422347306861, -2.860184313351483 ], [ -78.978385116053019, -2.860289127416901 ], [ -78.978375986657184, -2.860316144971434 ], [ -78.978330816170811, -2.860435863248271 ], [ -78.978326932607786, -2.860445530646228 ], [ -78.978287131566006, -2.860528640856494 ], [ -78.978267910201495, -2.860567484749517 ], [ -78.978213956464487, -2.860670551342181 ], [ -78.978207642954715, -2.86068138981735 ], [ -78.978184638065073, -2.860724114800398 ], [ -78.978159385287739, -2.860766745390529 ], [ -78.97815331669679, -2.860791779250904 ], [ -78.978107533906112, -2.860850286323035 ], [ -78.978072340797056, -2.860869482166604 ], [ -78.978015637400048, -2.860899489587403 ], [ -78.978009159078212, -2.860901738465609 ], [ -78.977988016865865, -2.860907758768985 ], [ -78.977927557962801, -2.860925644100558 ], [ -78.977879894220308, -2.860928543398785 ], [ -78.97773844987239, -2.860926846444057 ], [ -78.977601538506676, -2.860904091107758 ], [ -78.977479461389805, -2.860882989463394 ], [ -78.977358905197804, -2.860866320771232 ], [ -78.977327710284214, -2.86086174486596 ], [ -78.977302213518101, -2.860940992514733 ], [ -78.97745244197634, -2.861010153674142 ], [ -78.977544707677254, -2.861058236250191 ], [ -78.977590798262412, -2.861080740430073 ], [ -78.97764137179766, -2.861110756880427 ], [ -78.977678565360804, -2.86113026165906 ], [ -78.977694894390723, -2.861151266538137 ], [ -78.977705278137989, -2.861178228197039 ], [ -78.97773937590172, -2.861271052997857 ], [ -78.977771934389636, -2.861369932793956 ], [ -78.977786677127227, -2.861423845450908 ], [ -78.977780640019589, -2.861482242008521 ], [ -78.977746138700098, -2.861619880981294 ], [ -78.977595034478412, -2.862050705892778 ], [ -78.977526504462134, -2.862210074266444 ], [ -78.977444200105211, -2.862327375870005 ], [ -78.977387458393906, -2.862430527785448 ], [ -78.977271031111314, -2.862623354735498 ], [ -78.977118588383007, -2.862894054408077 ], [ -78.977085731022314, -2.862965784633258 ], [ -78.977024432752344, -2.863103376010256 ], [ -78.976895874987861, -2.863393556821929 ], [ -78.976883944915116, -2.863427983275784 ], [ -78.976788260312972, -2.863637392499015 ], [ -78.976676250170783, -2.863875072214301 ], [ -78.976640440834942, -2.863937936617882 ], [ -78.976604520801843, -2.864012645005658 ], [ -78.976577603258164, -2.864081492463991 ], [ -78.976564126091517, -2.864126404139247 ], [ -78.976555197660289, -2.864141306556903 ], [ -78.976540252881449, -2.864202670907095 ], [ -78.976481803679803, -2.864407625353068 ], [ -78.976424869943258, -2.864620086797677 ], [ -78.976391928368301, -2.864739735998294 ], [ -78.976358768059654, -2.864932800653421 ], [ -78.976349836916754, -2.864949240089424 ], [ -78.976345301480606, -2.86497165461949 ], [ -78.976337785453381, -2.865001568192119 ], [ -78.976315403430505, -2.865047910672657 ], [ -78.976292984601869, -2.865115229041927 ], [ -78.976269018692349, -2.865193032642283 ], [ -78.976252524232905, -2.865266328813371 ], [ -78.976243461119466, -2.865306727615277 ], [ -78.976231507332784, -2.865354625617394 ], [ -78.976219482025854, -2.865392035514394 ], [ -78.976131121294557, -2.865680750187934 ], [ -78.976110196976393, -2.865767510110331 ], [ -78.976083171544389, -2.865897748140766 ], [ -78.976072583003671, -2.865987510045896 ], [ -78.976066434757598, -2.866057840907699 ], [ -78.976056028019684, -2.866095253665749 ], [ -78.976033479833006, -2.866184994343346 ], [ -78.976015562262717, -2.866249337018488 ], [ -78.976003423909319, -2.866351121172594 ], [ -78.975979363295011, -2.866482811060462 ], [ -78.975956897218268, -2.86657698213756 ], [ -78.975946255532136, -2.866645767983973 ], [ -78.975934309619589, -2.866689145298205 ], [ -78.975931307901092, -2.866708669303262 ], [ -78.975877506848093, -2.866826744346362 ], [ -78.975858042143116, -2.866901572233276 ], [ -78.975817657713193, -2.867009273519296 ], [ -78.975796677496859, -2.867076594382865 ], [ -78.975757724017939, -2.867188728463534 ], [ -78.975697809063064, -2.867408688701603 ], [ -78.975664885566047, -2.867517849823912 ], [ -78.975640911517743, -2.867600174005895 ], [ -78.975613988456047, -2.867672004974459 ], [ -78.975593037257696, -2.867722780186617 ], [ -78.975537807631156, -2.867834975734893 ], [ -78.975460142575955, -2.867972628043558 ], [ -78.975443716378351, -2.868006956015497 ], [ -78.975415204074736, -2.868113231702513 ], [ -78.975391188026464, -2.868219424958843 ], [ -78.975368745449401, -2.868300124386682 ], [ -78.975356735752328, -2.868328583317662 ], [ -78.975341832814792, -2.868365988048851 ], [ -78.975317903496105, -2.868422815654169 ], [ -78.975295518740324, -2.868470604647345 ], [ -78.975277579417224, -2.868496069392627 ], [ -78.975259621819092, -2.868531931661636 ], [ -78.975217885194752, -2.868590264648975 ], [ -78.975180565399668, -2.868642547773239 ], [ -78.975159645606368, -2.86867542112654 ], [ -78.9748430552049, -2.86917177119662 ], [ -78.973785435286757, -2.871086203914529 ], [ -78.973740266599492, -2.871101855469194 ], [ -78.973677106608989, -2.871121362779093 ], [ -78.973615366592071, -2.871151541397664 ], [ -78.973592777472632, -2.871162079564982 ], [ -78.973523555437723, -2.871202732817076 ], [ -78.973466298318044, -2.871240423716142 ], [ -78.973443703784241, -2.871254035925389 ], [ -78.973389506725397, -2.871290195235717 ], [ -78.973365460219497, -2.871311309172022 ], [ -78.973321786612289, -2.871346040594283 ], [ -78.973275052938263, -2.871382303593379 ], [ -78.973210236400931, -2.871474409888439 ], [ -78.973147060473721, -2.871502958461144 ], [ -78.973094339258182, -2.871518054044502 ], [ -78.973038701406509, -2.871504302552907 ], [ -78.97298615276506, -2.87147247387859 ], [ -78.972975350943884, -2.87147878358334 ], [ -78.972555751426611, -2.871847917514248 ], [ -78.972073527558408, -2.872799744000331 ], [ -78.971623020054452, -2.873255980386558 ], [ -78.971201774840694, -2.873588854365865 ], [ -78.970975476528309, -2.873720815804756 ], [ -78.970898429296469, -2.873762449307298 ], [ -78.970685904220375, -2.873885845948239 ], [ -78.970594992500267, -2.87393676724527 ], [ -78.970331639400499, -2.874072459695491 ], [ -78.970229937143472, -2.874123271271584 ], [ -78.969998879847836, -2.874251245684206 ], [ -78.969985012652245, -2.874262070520212 ], [ -78.969911118091304, -2.874300635481575 ], [ -78.969852518625956, -2.874334526250574 ], [ -78.969767819649917, -2.87438084744573 ], [ -78.969663043561198, -2.874440966007396 ], [ -78.969535225473479, -2.87451343001982 ], [ -78.969468966149222, -2.87455661963654 ], [ -78.9694212581296, -2.874584381714678 ], [ -78.969413420993291, -2.874592233668857 ], [ -78.969382323528421, -2.874634220277262 ], [ -78.969357776336324, -2.874684174942152 ], [ -78.96934911807908, -2.874698716005521 ], [ -78.969341093270685, -2.874710997869904 ], [ -78.969323776914464, -2.874739989582666 ], [ -78.969315843305409, -2.874751548303748 ], [ -78.969305750282388, -2.874763826473792 ], [ -78.969286922015058, -2.874783322099038 ], [ -78.969275395185463, -2.87479279489868 ], [ -78.969250096342492, -2.874810109049898 ], [ -78.969213301496538, -2.874819446307309 ], [ -78.969205381942075, -2.874823048690675 ], [ -78.969188102638213, -2.874831064603628 ], [ -78.969162814017096, -2.874842592325495 ], [ -78.969139056631221, -2.874852676170356 ], [ -78.969122404387235, -2.874862049399428 ], [ -78.969104396758766, -2.874875127147819 ], [ -78.969087822935236, -2.874891010265335 ], [ -78.969065373328647, -2.874924332631531 ], [ -78.969055979232508, -2.87494818493219 ], [ -78.969040618451757, -2.875040921419305 ], [ -78.969040594009115, -2.875054754592486 ], [ -78.969036904775365, -2.875107006821501 ], [ -78.969031841006256, -2.87512291049587 ], [ -78.969022453135835, -2.875143236691585 ], [ -78.969006503649467, -2.87516201414134 ], [ -78.968958152560006, -2.87519746014514 ], [ -78.968868655826014, -2.87526176485165 ], [ -78.968832550787127, -2.875287829752993 ], [ -78.968727218760677, -2.875357169283037 ], [ -78.968621794086317, -2.875428045652316 ], [ -78.96856696729202, -2.875464203356554 ], [ -78.968504223493099, -2.875502516823318 ], [ -78.968416817953084, -2.875553805702902 ], [ -78.968258019430337, -2.875652795519793 ], [ -78.96811803128584, -2.875742415953727 ], [ -78.968053757508869, -2.875781449943994 ], [ -78.967954818700093, -2.875845828043275 ], [ -78.967869673978583, -2.875889887836928 ], [ -78.967803344769649, -2.875921685077283 ], [ -78.967690710883403, -2.876001228050089 ], [ -78.967395522236544, -2.876189121070538 ], [ -78.967215829464294, -2.876306246274175 ], [ -78.966939358639138, -2.876486216196365 ], [ -78.966478494110959, -2.876797316576706 ], [ -78.966432488929343, -2.876777433789332 ], [ -78.966421730261345, -2.876759331928443 ], [ -78.966419973429538, -2.87673582139587 ], [ -78.966402936576131, -2.876200455343594 ], [ -78.966385957321634, -2.875632450296104 ], [ -78.966378926737704, -2.875540216425902 ], [ -78.966375384077807, -2.875458747946604 ], [ -78.966372503887015, -2.875053692410651 ], [ -78.966281662319432, -2.875064921965632 ], [ -78.966073847530424, -2.875168796429703 ], [ -78.965733560380031, -2.875332829680015 ], [ -78.965648966318767, -2.875370651762693 ], [ -78.965618386377571, -2.875374213559862 ], [ -78.965582455919133, -2.875352450144653 ], [ -78.965521462351603, -2.87521482284474 ], [ -78.965498213825214, -2.875140642595399 ], [ -78.965464219452201, -2.875041127483771 ], [ -78.965442763127228, -2.874970476551385 ], [ -78.965401645398615, -2.874831166988077 ], [ -78.965360521268025, -2.874695473937668 ], [ -78.965317528285127, -2.874599559257021 ], [ -78.965244061009514, -2.874447534011419 ], [ -78.965170539496043, -2.874326158672982 ], [ -78.965097017832363, -2.874204873753335 ], [ -78.964992993253645, -2.874043662149016 ], [ -78.964903308052513, -2.873909690510174 ], [ -78.964786732834924, -2.873726757363102 ], [ -78.964666627809351, -2.873505934893088 ], [ -78.964569800109501, -2.873343018366442 ], [ -78.96438499918807, -2.873044234651878 ], [ -78.964334796523033, -2.872957348427023 ], [ -78.964209321881469, -2.872722050352769 ], [ -78.964083837666806, -2.872492177057764 ], [ -78.964035436665625, -2.872403485817453 ], [ -78.963931447488804, -2.872222383559346 ], [ -78.963857823268299, -2.872108331592916 ], [ -78.963787866652041, -2.872005135740338 ], [ -78.963732265532698, -2.871920048152137 ], [ -78.963608371540417, -2.871757083309706 ], [ -78.963409260585237, -2.871465507220577 ], [ -78.963289865633229, -2.871300923026761 ], [ -78.963249612698988, -2.871231956411473 ], [ -78.963217148079849, -2.871284337790628 ], [ -78.963130541293566, -2.871392678268304 ], [ -78.962782687732371, -2.871768173226652 ], [ -78.962436683443016, -2.872114829536289 ], [ -78.962231293581084, -2.872322411262065 ], [ -78.961910505494046, -2.872647413258553 ], [ -78.961707459334562, -2.872851653677201 ], [ -78.961658847712414, -2.872831223721044 ], [ -78.961606132376602, -2.872792342207835 ], [ -78.961545446534089, -2.872735092624716 ], [ -78.961464384514187, -2.872657463668241 ], [ -78.961389509159559, -2.872589972025736 ], [ -78.961334750802379, -2.872536892051994 ], [ -78.961231503627502, -2.872444847727973 ], [ -78.961184902843527, -2.872406067585031 ], [ -78.961101833755521, -2.872344709333825 ], [ -78.961051175770379, -2.87231197957602 ], [ -78.960951841773678, -2.872244444117951 ], [ -78.960886983388122, -2.872207620344092 ], [ -78.960844407471896, -2.872181053131474 ], [ -78.960785653032218, -2.872150297945605 ], [ -78.960759323936131, -2.872140124545352 ], [ -78.960708633446345, -2.872125748509169 ], [ -78.960651821076425, -2.872115430074383 ], [ -78.960550403892441, -2.872107111201999 ], [ -78.960475948781067, -2.872106977781189 ], [ -78.960446956364024, -2.8721788943386 ], [ -78.960437837736947, -2.872199492093662 ], [ -78.960426908816231, -2.872226777144144 ], [ -78.960419050212792, -2.872246744267731 ], [ -78.960414257439339, -2.872261925012299 ], [ -78.960411802628244, -2.872277109946753 ], [ -78.960408733431805, -2.872283794986158 ], [ -78.960397828230114, -2.872297698998072 ], [ -78.960363424468341, -2.872327925593765 ], [ -78.960353786663816, -2.872337040003043 ], [ -78.960351979735762, -2.872341828637567 ], [ -78.960341073410703, -2.872356365534907 ], [ -78.960336198246949, -2.872367296733638 ], [ -78.960332042456216, -2.872378229221589 ], [ -78.960324725462357, -2.872397021948224 ], [ -78.960322277220726, -2.872408499972643 ], [ -78.960316814117206, -2.872446734751338 ], [ -78.960310041614946, -2.872513447181845 ], [ -78.960308213205593, -2.872530351078612 ], [ -78.960302156073709, -2.872548603586124 ], [ -78.960291867493851, -2.872569741715038 ], [ -78.960282851442699, -2.872583197045586 ], [ -78.960240516285168, -2.872623716459026 ], [ -78.960198277459114, -2.872660619533851 ], [ -78.960154785018062, -2.872694536739205 ], [ -78.960129400336456, -2.872709590151601 ], [ -78.960111938219626, -2.872719323417414 ], [ -78.960071453112306, -2.872730733249715 ], [ -78.960043128752943, -2.872730139995069 ], [ -78.959962939162764, -2.872718423408746 ], [ -78.95992976657277, -2.872713572063828 ], [ -78.959897849840232, -2.872710440810487 ], [ -78.959862240869356, -2.872710376967321 ], [ -78.959843537167814, -2.872710343433091 ], [ -78.959830316441668, -2.872711585506566 ], [ -78.959804317382009, -2.872718139016177 ], [ -78.959771745223293, -2.872729653435984 ], [ -78.959733147352637, -2.872741699526014 ], [ -78.959692670749362, -2.872748317485815 ], [ -78.959678280080411, -2.872750099935243 ], [ -78.959581705369558, -2.872749293874667 ], [ -78.959527467552419, -2.87275769540427 ], [ -78.959509923212522, -2.872763088701999 ], [ -78.959486441799996, -2.872769737129619 ], [ -78.959458014698157, -2.872776376687425 ], [ -78.959420051573943, -2.872785440284348 ], [ -78.959388649681017, -2.872796233486603 ], [ -78.959366331796559, -2.872805958027204 ], [ -78.959343372912301, -2.872822191127641 ], [ -78.959327070312753, -2.872837260800634 ], [ -78.959322829881614, -2.872845209507841 ], [ -78.959310106823338, -2.872870050164944 ], [ -78.959296746773973, -2.872899139073005 ], [ -78.959285930354085, -2.872913676108006 ], [ -78.959256312935324, -2.872932338402967 ], [ -78.959247851640512, -2.872937205509199 ], [ -78.959227322561148, -2.872952358010666 ], [ -78.959210396923311, -2.872963810056728 ], [ -78.959189321896858, -2.872982578082835 ], [ -78.959165719278786, -2.873006856744753 ], [ -78.959140935005237, -2.873038275883513 ], [ -78.959129573597693, -2.873055885966417 ], [ -78.959121084387803, -2.873076484817768 ], [ -78.959111302905569, -2.873115887177144 ], [ -78.959107591974245, -2.873180163897966 ], [ -78.959101420747373, -2.873262699555327 ], [ -78.959093985478233, -2.873348126148278 ], [ -78.959089726911571, -2.873366291446167 ], [ -78.959079443433495, -2.873384536347766 ], [ -78.959065558917217, -2.873405125516841 ], [ -78.959038985820214, -2.873431116678471 ], [ -78.959025659124023, -2.873441399808049 ], [ -78.959006936005323, -2.873452306143783 ], [ -78.958985793666528, -2.873458325857069 ], [ -78.958964119339427, -2.873460095222283 ], [ -78.958941195737111, -2.873456437588575 ], [ -78.95893033351021, -2.873446111061406 ], [ -78.958923698724121, -2.87343515923081 ], [ -78.958920766771598, -2.873415172782242 ], [ -78.958913503657314, -2.873403586936134 ], [ -78.958902101901145, -2.873393259441216 ], [ -78.958886379574039, -2.873385365335003 ], [ -78.9588695717691, -2.873381085785668 ], [ -78.958840614755061, -2.873382299607124 ], [ -78.958829733274143, -2.873382822558862 ], [ -78.958813991531883, -2.873385868343047 ], [ -78.9588019312813, -2.873391904348655 ], [ -78.958788695630616, -2.873401554749347 ], [ -78.9587759789692, -2.873422778894751 ], [ -78.958774153577096, -2.873437964937483 ], [ -78.958772861295657, -2.873456768441053 ], [ -78.958774083610436, -2.873477384708782 ], [ -78.958778201285, -2.873538601432649 ], [ -78.958779964252145, -2.87355858578238 ], [ -78.958787011304409, -2.873641235551196 ], [ -78.958788154448072, -2.873655794032386 ], [ -78.958786326967257, -2.873672155435094 ], [ -78.958772927084141, -2.873723666575498 ], [ -78.958759032927148, -2.873749680472911 ], [ -78.958745696434974, -2.873765478746053 ], [ -78.95872579903147, -2.873779366580045 ], [ -78.958707078152614, -2.873789007132379 ], [ -78.958672093169511, -2.873792018376251 ], [ -78.958641442884442, -2.873784639949293 ], [ -78.958622126902057, -2.873774931135583 ], [ -78.958608295178053, -2.873765774639824 ], [ -78.958593210810889, -2.873753089804678 ], [ -78.958578224069981, -2.873736065340182 ], [ -78.958557766072943, -2.873711165160857 ], [ -78.958538461007464, -2.87369530831032 ], [ -78.958503559976023, -2.873651033915838 ], [ -78.958485517025423, -2.873633371078926 ], [ -78.958479413108051, -2.873627302480658 ], [ -78.958425243170055, -2.873597459519324 ], [ -78.95839746910363, -2.873590809553304 ], [ -78.958388387019127, -2.873590793253214 ], [ -78.958373992014543, -2.873595016809084 ], [ -78.958359410746112, -2.873602856533751 ], [ -78.9583394854169, -2.873632476098936 ], [ -78.958327376686853, -2.873665816608567 ], [ -78.958315268918668, -2.8736986146438 ], [ -78.958284948660008, -2.8737585941747 ], [ -78.958269815521518, -2.873824025718208 ], [ -78.95822317849796, -2.873907031160692 ], [ -78.958195965007562, -2.87393916918586 ], [ -78.958136168732651, -2.873988788755357 ], [ -78.958052812982274, -2.874038366021163 ], [ -78.957938228083123, -2.8740520838318 ], [ -78.957882639329313, -2.874061658167706 ], [ -78.957806624394735, -2.874079061715838 ], [ -78.957742655587424, -2.874098385551315 ], [ -78.957590461279935, -2.874175143738677 ], [ -78.957551829972502, -2.874205995450864 ], [ -78.9575191444128, -2.874230709785942 ], [ -78.957463594825541, -2.874268854523188 ], [ -78.95735852697824, -2.874341447901005 ], [ -78.957198564398979, -2.87438727095993 ], [ -78.95708758826656, -2.874394304609003 ], [ -78.957029118218585, -2.874355412605987 ], [ -78.956941168028109, -2.874308511342341 ], [ -78.95688749013415, -2.874305431297466 ], [ -78.956810223701794, -2.874318673533277 ], [ -78.956761977361822, -2.874345801013252 ], [ -78.956692394148334, -2.874437806319903 ], [ -78.956663422452124, -2.874497878567708 ], [ -78.956642181920117, -2.874559140066972 ], [ -78.956636665933857, -2.874627029931752 ], [ -78.956647299032198, -2.874715653274843 ], [ -78.956659896178039, -2.874761695867284 ], [ -78.956665329647237, -2.87479081845194 ], [ -78.956677874478402, -2.8748157044292 ], [ -78.956684492035876, -2.874836330368291 ], [ -78.956692911240296, -2.874855151295365 ], [ -78.956703073751569, -2.874904986838946 ], [ -78.956702998374325, -2.874947390160606 ], [ -78.956681234521923, -2.874999519054033 ], [ -78.956567062952161, -2.875084211185738 ], [ -78.95646685510485, -2.875154371984225 ], [ -78.956396691848227, -2.875218529135867 ], [ -78.956335711524247, -2.875276554737134 ], [ -78.956326612075173, -2.875286302926214 ], [ -78.956277651018922, -2.875361347668931 ], [ -78.956251612856491, -2.875389871197485 ], [ -78.956212980355886, -2.875421355693526 ], [ -78.956198480460316, -2.875433987369653 ], [ -78.95618039109479, -2.875442453618928 ], [ -78.956160384271257, -2.875467281075116 ], [ -78.9561542926306, -2.875504881705031 ], [ -78.956161383775111, -2.87556257760192 ], [ -78.956194989301181, -2.875677913907384 ], [ -78.956215447221524, -2.875702814116772 ], [ -78.956228726524046, -2.875719202648069 ], [ -78.956247303038282, -2.875790752305315 ], [ -78.956247244666329, -2.875823571923902 ], [ -78.956253872981193, -2.875838140248167 ], [ -78.956257451516734, -2.875848453703177 ], [ -78.956270654276295, -2.87590787843021 ], [ -78.956268199374804, -2.875923063309841 ], [ -78.956248215210763, -2.875935142646433 ], [ -78.956213221521637, -2.875943036020114 ], [ -78.9562000020684, -2.875943554724381 ], [ -78.956192082527139, -2.875947156982166 ], [ -78.956177055795266, -2.875952645121528 ], [ -78.95616014617579, -2.87595505585126 ], [ -78.956035234180888, -2.875960888862783 ], [ -78.956008056281931, -2.875972955256298 ], [ -78.955988773155426, -2.87599534286536 ], [ -78.955980293496921, -2.87601051690674 ], [ -78.9559536443506, -2.876028641882381 ], [ -78.955934388243477, -2.87603584024715 ], [ -78.955917480715669, -2.876037075614016 ], [ -78.955880669292711, -2.876055815197297 ], [ -78.955865544113834, -2.876066095012673 ], [ -78.955845002079897, -2.876088480351955 ], [ -78.955831756569594, -2.876103645818656 ], [ -78.955817797154552, -2.876115735978072 ], [ -78.955771338210511, -2.876149014604582 ], [ -78.955723621486968, -2.876181658077847 ], [ -78.955704264517195, -2.876195004299636 ], [ -78.955678326211981, -2.876217922399932 ], [ -78.955653552383197, -2.876243374141523 ], [ -78.955622763453334, -2.876263390315913 ], [ -78.955596835763529, -2.876280341211148 ], [ -78.955585316135384, -2.876285745233942 ], [ -78.955573892864223, -2.876287532932962 ], [ -78.955555800265515, -2.876297807401853 ], [ -78.955542476733442, -2.876306282201142 ], [ -78.955506818032987, -2.876334155489658 ], [ -78.95548809389004, -2.87634560418179 ], [ -78.955454870635165, -2.876369232464749 ], [ -78.955438568906231, -2.876383759535479 ], [ -78.955425336420817, -2.876391601608961 ], [ -78.955400580927005, -2.876406746356166 ], [ -78.955370962260304, -2.876426041323576 ], [ -78.955360688500619, -2.876438770989074 ], [ -78.955347325060274, -2.876469667989674 ], [ -78.955346745462847, -2.876492179636871 ], [ -78.955338811244388, -2.876554549923597 ], [ -78.955348409210217, -2.876567857817306 ], [ -78.955351969227607, -2.876588568664672 ], [ -78.955348957558911, -2.876613426658436 ], [ -78.955346467074776, -2.876648592604543 ], [ -78.95533137017199, -2.876693500407033 ], [ -78.95531259742036, -2.876732253550308 ], [ -78.955268452745415, -2.876778826915431 ], [ -78.955193672770562, -2.876809613388083 ], [ -78.955143583004514, -2.876811421906989 ], [ -78.955124879291574, -2.876811388247232 ], [ -78.95507965205897, -2.876809408193404 ], [ -78.955044047253523, -2.876806993393521 ], [ -78.95500719352475, -2.876798970776713 ], [ -78.954984901476934, -2.876794138800123 ], [ -78.954959560945127, -2.876784328655366 ], [ -78.954927658062829, -2.876773421750906 ], [ -78.95487695092703, -2.876768448219004 ], [ -78.954737083508206, -2.876739716574809 ], [ -78.954669576161422, -2.876726214033053 ], [ -78.954623116765674, -2.876709223292925 ], [ -78.95453209309801, -2.876671447902023 ], [ -78.954489322912352, -2.876653107614845 ], [ -78.954345757975034, -2.876630426911147 ], [ -78.954289600343273, -2.876656454983264 ], [ -78.954261251198588, -2.876669784974135 ], [ -78.954189264050086, -2.876748133287293 ], [ -78.954094818864391, -2.876813873836986 ], [ -78.953976339953925, -2.876893404180639 ], [ -78.953885473846668, -2.876918646418116 ], [ -78.953826830446715, -2.876926677920864 ], [ -78.953764717309909, -2.87691381792543 ], [ -78.953685453790101, -2.876887093956297 ], [ -78.95363601751626, -2.876875432146794 ], [ -78.953559026089962, -2.876885690898893 ], [ -78.953525640365399, -2.87689955426377 ], [ -78.953489865292838, -2.876942254848559 ], [ -78.953469041402471, -2.877021870580138 ], [ -78.953434481889687, -2.877088894257333 ], [ -78.953403276375255, -2.877140825118367 ], [ -78.95336644687697, -2.877169690709604 ], [ -78.953321593891204, -2.877210024205633 ], [ -78.953253632978161, -2.87724923112003 ], [ -78.953230690557518, -2.877256151533931 ], [ -78.953153623538057, -2.877258363407991 ], [ -78.953090456174763, -2.877231577977568 ], [ -78.953068007031291, -2.877213997548585 ], [ -78.953023620400018, -2.877194478936606 ], [ -78.952970497840042, -2.877182539215005 ], [ -78.952950100299915, -2.877174274946319 ], [ -78.952934282316264, -2.877169635419783 ], [ -78.952903108849213, -2.877153124217994 ], [ -78.952878135300381, -2.877139246142947 ], [ -78.952856114661898, -2.877133510492585 ], [ -78.95282653142479, -2.877132914714407 ], [ -78.952801433148451, -2.877138565463172 ], [ -78.952777399427575, -2.877152355233156 ], [ -78.952747237339977, -2.877173819001472 ], [ -78.952710327418771, -2.87724780013147 ], [ -78.952704719402405, -2.877266234126508 ], [ -78.952699480097365, -2.877279605699333 ], [ -78.95267537304035, -2.877334532909204 ], [ -78.952653716588514, -2.877376716405141 ], [ -78.952621990848925, -2.877417796805397 ], [ -78.952585196473251, -2.877426952542926 ], [ -78.952543318636273, -2.877412501519663 ], [ -78.952524926778565, -2.877388870775093 ], [ -78.952513921870406, -2.877357749127558 ], [ -78.952507209665697, -2.877339835405143 ], [ -78.952499757779066, -2.877333312292955 ], [ -78.952496889475754, -2.877328153625363 ], [ -78.952484127863599, -2.877324062074248 ], [ -78.952470642688098, -2.87732231993736 ], [ -78.952448326177148, -2.877331230528437 ], [ -78.952440840280175, -2.877343784338398 ], [ -78.952421860377868, -2.877347366619834 ], [ -78.952402806834598, -2.877341817131663 ], [ -78.952380245221633, -2.877336894206126 ], [ -78.952365326298761, -2.877332346704397 ], [ -78.952337466244941, -2.87732352650211 ], [ -78.952325149084231, -2.877322328942348 ], [ -78.95230959007209, -2.877323747494106 ], [ -78.952295104960541, -2.877328061172821 ], [ -78.952282145130596, -2.87733427625751 ], [ -78.952250539938106, -2.87735817853159 ], [ -78.952239014500435, -2.877366837331165 ], [ -78.952221910861908, -2.877377203907941 ], [ -78.952198145610808, -2.877391717438789 ], [ -78.952158464401606, -2.877406111866122 ], [ -78.952082023648131, -2.877410133032033 ], [ -78.952008476510727, -2.877405118186903 ], [ -78.951937274109738, -2.877396310251542 ], [ -78.951864200612661, -2.877377824832477 ], [ -78.951770492731157, -2.877332630607234 ], [ -78.951716221396183, -2.877309387235063 ], [ -78.951673930430317, -2.877274502288291 ], [ -78.951629733055412, -2.877249740070786 ], [ -78.951554754785093, -2.877240473251558 ], [ -78.951525462781703, -2.877227853141407 ], [ -78.951479731589089, -2.877205981346155 ], [ -78.951448073792093, -2.877158548276923 ], [ -78.951423698833011, -2.877111580401192 ], [ -78.951412701377421, -2.877076299819004 ], [ -78.951404006727259, -2.87706073324587 ], [ -78.95137620169119, -2.877021082574195 ], [ -78.951356542585216, -2.877002150980901 ], [ -78.951332472972695, -2.876985652564126 ], [ -78.951318088113553, -2.876984180031974 ], [ -78.951304592955225, -2.87698804342255 ], [ -78.951294957486951, -2.876995801496168 ], [ -78.951285328146525, -2.87700012391781 ], [ -78.951266522459576, -2.877006870921791 ], [ -78.951236202628593, -2.877015947879785 ], [ -78.951222792231164, -2.877022704611393 ], [ -78.951165378776253, -2.877047012368215 ], [ -78.951123020593599, -2.877049829173512 ], [ -78.951072045432142, -2.877043950869528 ], [ -78.951029733862811, -2.877020638639616 ], [ -78.950985545880059, -2.876990632525407 ], [ -78.950949105017443, -2.876952864936556 ], [ -78.95084740148944, -2.876802778166473 ], [ -78.950840683347295, -2.876788209694035 ], [ -78.950818192092612, -2.876743867177944 ], [ -78.950812993657621, -2.876683914545532 ], [ -78.950812112184067, -2.876673967619065 ], [ -78.950796101402105, -2.876626201129422 ], [ -78.950780326999933, -2.876597150382138 ], [ -78.950752150698307, -2.876564008723692 ], [ -78.950749009576882, -2.876560567397491 ], [ -78.950727368994464, -2.876543440475971 ], [ -78.950712099608992, -2.876533738840099 ], [ -78.950703472797017, -2.876530558857741 ], [ -78.95064513153487, -2.876520508310275 ], [ -78.950553953475122, -2.876519078106 ], [ -78.950531564171911, -2.876518404842125 ], [ -78.950481546736484, -2.876530158624211 ], [ -78.95042604748285, -2.876540003861542 ], [ -78.950418855867042, -2.876538815532958 ], [ -78.950376958136644, -2.876535575540403 ], [ -78.950323276186992, -2.876534845830937 ], [ -78.950268091708466, -2.876519466644931 ], [ -78.950247967059923, -2.876509485011884 ], [ -78.950209567491072, -2.876460774027935 ], [ -78.950195279991561, -2.876455142705442 ], [ -78.95013728021209, -2.876455309322782 ], [ -78.950096372111986, -2.876451799871384 ], [ -78.950071462759468, -2.876452387823338 ], [ -78.950001930622918, -2.876465100913957 ], [ -78.949991401593493, -2.876469692937716 ], [ -78.94998176596981, -2.876477541408798 ], [ -78.949975555263876, -2.876480965864965 ], [ -78.949955400129326, -2.876488072061884 ], [ -78.949946040561684, -2.87649239495831 ], [ -78.949890134203486, -2.876528820590803 ], [ -78.949869953898272, -2.876550031027434 ], [ -78.949856260839596, -2.87656402019907 ], [ -78.949845626721014, -2.876577110768064 ], [ -78.949838768816065, -2.87659047938597 ], [ -78.949829961731112, -2.876637929847924 ], [ -78.949831819422513, -2.876655111498152 ], [ -78.949832685925358, -2.87672382625585 ], [ -78.949823114724353, -2.876745959950854 ], [ -78.949806757140507, -2.876791769370073 ], [ -78.949795469846819, -2.87681814933616 ], [ -78.949775923784628, -2.876786289011055 ], [ -78.949672000205013, -2.876620647371125 ], [ -78.949644642767879, -2.876582172872066 ], [ -78.949552792274062, -2.876453712395791 ], [ -78.949438067365378, -2.876294108899376 ], [ -78.949393488614149, -2.87623119207285 ], [ -78.949228846886712, -2.876027015788619 ], [ -78.949097670970431, -2.875864851100356 ], [ -78.949055591324054, -2.875812426593062 ], [ -78.948959856565338, -2.875693904475979 ], [ -78.948835504561586, -2.87553744808204 ], [ -78.948666112831376, -2.875324493319148 ], [ -78.948512333068123, -2.875130824507112 ], [ -78.948420906713906, -2.875016740387203 ], [ -78.948347694672876, -2.874924930495081 ], [ -78.948230700043879, -2.874777619040839 ], [ -78.948085086765317, -2.874593187033745 ], [ -78.947943871106631, -2.874413554812058 ], [ -78.947819612483514, -2.874255290431513 ], [ -78.947719936100469, -2.874128533789263 ], [ -78.947669694884809, -2.874064250623638 ], [ -78.947633718360933, -2.874018346831559 ], [ -78.947600792861238, -2.87397597461293 ], [ -78.947571725415244, -2.873938401191525 ], [ -78.947514141028066, -2.873857107329861 ], [ -78.947421487416548, -2.873725390723528 ], [ -78.94739942284545, -2.873693977956358 ], [ -78.947359499982113, -2.873642371096757 ], [ -78.947231749259856, -2.873475872978776 ], [ -78.947192274399939, -2.873425171051926 ], [ -78.947155940644535, -2.873377910448476 ], [ -78.947136021761196, -2.873353463278035 ], [ -78.947091426093152, -2.873300130166801 ], [ -78.947016862350367, -2.873210035729287 ], [ -78.946883435715435, -2.87304967541122 ], [ -78.94671358014034, -2.872845037932961 ], [ -78.946562831609441, -2.872666292760972 ], [ -78.946512493639929, -2.872605897173046 ], [ -78.946354396023921, -2.872413486558567 ], [ -78.946275428680764, -2.872322028029047 ], [ -78.946231638496727, -2.872270866279922 ], [ -78.946206064802126, -2.872240712966339 ], [ -78.946159760713854, -2.872187376796711 ], [ -78.946132032957649, -2.872154959299485 ], [ -78.94610941890781, -2.872129151099347 ], [ -78.946088689161186, -2.872105606597293 ], [ -78.946072627712155, -2.872086319879 ], [ -78.946057916528332, -2.872066221890602 ], [ -78.946045356504371, -2.872050015495759 ], [ -78.94603324366382, -2.872035166086365 ], [ -78.946018980471166, -2.872015973025777 ], [ -78.945991708459104, -2.871980120701604 ], [ -78.945963087636429, -2.871944265943859 ], [ -78.945940569001792, -2.87191538391411 ], [ -78.945929713440719, -2.871901440893362 ], [ -78.945907194807461, -2.871872558864142 ], [ -78.945887277583481, -2.871847207593309 ], [ -78.945867361974194, -2.871820952206863 ], [ -78.945846549578761, -2.871793339024137 ], [ -78.945824929995311, -2.871764549030612 ], [ -78.945811027459584, -2.87174481415183 ], [ -78.945788063746491, -2.871713399788799 ], [ -78.945780708965358, -2.871702898738274 ], [ -78.945759080991934, -2.871678810148196 ], [ -78.945737811734006, -2.87165526467696 ], [ -78.94571663417301, -2.871630724840823 ], [ -78.945653277140053, -2.871559456359504 ], [ -78.945599161775831, -2.871499506041817 ], [ -78.94556793085134, -2.87146500275886 ], [ -78.945540649500686, -2.87143439431427 ], [ -78.94552934063168, -2.871422529951098 ], [ -78.945443980965607, -2.871335580515604 ], [ -78.945398924210295, -2.871288756270542 ], [ -78.945348214075054, -2.871235412170001 ], [ -78.9453152762852, -2.871200001691621 ], [ -78.945280544602682, -2.871162056444397 ], [ -78.945259813434447, -2.87113932565571 ], [ -78.945195652009318, -2.871065343381225 ], [ -78.945171423944856, -2.87103700074807 ], [ -78.945148447991869, -2.871012457672339 ], [ -78.945134535950501, -2.870998057081393 ], [ -78.945116315626066, -2.87097921853483 ], [ -78.945100699773533, -2.870962192925709 ], [ -78.945081672423882, -2.870942087157172 ], [ -78.945073415378928, -2.870933302306635 ], [ -78.945062555154195, -2.870921981226485 ], [ -78.94503787377981, -2.870895717249021 ], [ -78.945022711568001, -2.870876432163357 ], [ -78.944997137929406, -2.870846278867196 ], [ -78.944956850071193, -2.870797745413227 ], [ -78.944894483058675, -2.870726026683312 ], [ -78.944865048326577, -2.870692792418327 ], [ -78.944834266400633, -2.870658651604084 ], [ -78.944803933918124, -2.870624602013303 ], [ -78.944789574864785, -2.870608754028615 ], [ -78.944773604019886, -2.87058910583853 ], [ -78.944743277835784, -2.87055153019915 ], [ -78.944724612601973, -2.870530068910205 ], [ -78.944693030760291, -2.87049068276916 ], [ -78.944677866782484, -2.870472392213549 ], [ -78.944643598947124, -2.870426491575055 ], [ -78.944595964259079, -2.870363026920787 ], [ -78.944556581124274, -2.870311421108086 ], [ -78.944520607226679, -2.870264161216448 ], [ -78.944485528501872, -2.870219163236569 ], [ -78.944467767002209, -2.870195172051258 ], [ -78.944439150133064, -2.870157147444266 ], [ -78.944409285353643, -2.870112972583172 ], [ -78.944384618697171, -2.870078481167324 ], [ -78.944359955270087, -2.870042181521873 ], [ -78.944341748852793, -2.87001556759328 ], [ -78.944323989779036, -2.869990220237518 ], [ -78.944313224332049, -2.869976186979001 ], [ -78.944265948386672, -2.869913265455263 ], [ -78.944237777256916, -2.869877411540397 ], [ -78.944205751974579, -2.869834588962018 ], [ -78.944169336245466, -2.869782988516854 ], [ -78.944150767892651, -2.869757639702985 ], [ -78.944097937227653, -2.869683316274865 ], [ -78.944055872816563, -2.869622574048003 ], [ -78.944027802594363, -2.86958057231874 ], [ -78.943942862887766, -2.869459990526169 ], [ -78.943907789688396, -2.869411918571584 ], [ -78.943883482898045, -2.869377337403909 ], [ -78.943865722225169, -2.869352894169941 ], [ -78.943805082550284, -2.869270690836752 ], [ -78.94375610445563, -2.869204240201177 ], [ -78.943674739818434, -2.869095870468373 ], [ -78.94362064789243, -2.869022900961411 ], [ -78.94359768362628, -2.868991848281128 ], [ -78.943488978189549, -2.868835872630408 ], [ -78.943438742044791, -2.868768967677923 ], [ -78.943381150994711, -2.868691652102036 ], [ -78.943332177619297, -2.868622579551069 ], [ -78.943303655411427, -2.86858193320027 ], [ -78.943272441888823, -2.868537755934898 ], [ -78.943190098369186, -2.868423688527259 ], [ -78.943155929910134, -2.868372544228232 ], [ -78.94312211952051, -2.868322304693896 ], [ -78.943080862369769, -2.868262739312189 ], [ -78.943035834540225, -2.868199821892568 ], [ -78.942992062532184, -2.868138624563989 ], [ -78.942966055044479, -2.86809970058315 ], [ -78.94295314073716, -2.868080509989569 ], [ -78.942902025615524, -2.868002302007747 ], [ -78.94289772106211, -2.867995784594895 ], [ -78.942819758029387, -2.867896100582611 ], [ -78.942785036028809, -2.867852821115058 ], [ -78.942724754541629, -2.867771522598679 ], [ -78.94268663284771, -2.867718562944825 ], [ -78.94267147134714, -2.867698916239955 ], [ -78.942632107075951, -2.867636822763047 ], [ -78.942613906850326, -2.867606773228593 ], [ -78.942599558669528, -2.86758486770009 ], [ -78.942586645985074, -2.86756477299669 ], [ -78.942548893182433, -2.867506660546556 ], [ -78.94253893705293, -2.867492628763805 ], [ -78.942522975636166, -2.867467736738687 ], [ -78.942516071307665, -2.86745678446194 ], [ -78.942500467151376, -2.867433249257455 ], [ -78.942490874577672, -2.867417048250609 ], [ -78.942488366979745, -2.867411347787939 ], [ -78.942438509170955, -2.867334046214883 ], [ -78.942407395787228, -2.86728417321754 ], [ -78.942384888921282, -2.867248781625045 ], [ -78.942369734531269, -2.867225156822733 ], [ -78.942352338108321, -2.867198182741664 ], [ -78.942331533595194, -2.867166229867058 ], [ -78.942291258363284, -2.867110734813088 ], [ -78.942254478400798, -2.867061755710023 ], [ -78.942228015859342, -2.867025904923123 ], [ -78.942208998778995, -2.867000103271181 ], [ -78.94217562642757, -2.866956374198021 ], [ -78.942143152473008, -2.866913098805531 ], [ -78.942105024524864, -2.86686366521536 ], [ -78.942082503628654, -2.866836139419532 ], [ -78.942052172106841, -2.86680163782822 ], [ -78.94202183977967, -2.866767588294263 ], [ -78.941984503850236, -2.866727830185092 ], [ -78.941942050383489, -2.86668363266834 ], [ -78.941887032149452, -2.866625941136493 ], [ -78.941867554665421, -2.866606196239302 ], [ -78.941828508649294, -2.866567339162617 ], [ -78.941777343755859, -2.866517068344104 ], [ -78.941745746427742, -2.866486452173598 ], [ -78.941724474419956, -2.866464534158714 ], [ -78.941701137155619, -2.8664409850066 ], [ -78.941676001651174, -2.866417342197287 ], [ -78.941640004538186, -2.866383192032111 ], [ -78.94155023325655, -2.866299670459366 ], [ -78.941531202155971, -2.86628173460304 ], [ -78.941498255232645, -2.866251568057173 ], [ -78.941476980005518, -2.866231458271101 ], [ -78.94145139571738, -2.86620736259515 ], [ -78.941421951000649, -2.866179824309034 ], [ -78.941410190194418, -2.866169315330643 ], [ -78.941396366714926, -2.866155728633495 ], [ -78.941342592563046, -2.866106357228559 ], [ -78.941314853266093, -2.866080539842693 ], [ -78.941243395217199, -2.866014139132234 ], [ -78.941201292122557, -2.865975186133615 ], [ -78.941159278950977, -2.865936233297776 ], [ -78.941131090062427, -2.865910415101746 ], [ -78.941044368229711, -2.86583132921542 ], [ -78.94100971608168, -2.865799351363342 ], [ -78.940960339490417, -2.865754779717598 ], [ -78.940928201233518, -2.865724976282894 ], [ -78.94087532406445, -2.86567687226631 ], [ -78.940851712876807, -2.865655673327824 ], [ -78.940791656966582, -2.865599238485721 ], [ -78.940824105338265, -2.865556080315145 ], [ -78.940832126622823, -2.865545787871991 ], [ -78.94083563818478, -2.865543172274342 ], [ -78.940838707895622, -2.865536216122076 ], [ -78.940844748841045, -2.865527095454717 ], [ -78.940846105390023, -2.865522758146426 ], [ -78.940849101646904, -2.865506579877759 ], [ -78.940850462231595, -2.865499982286591 ], [ -78.940854807933903, -2.865483444807257 ], [ -78.940855714882645, -2.86547910668732 ], [ -78.940863568433301, -2.865462033070115 ], [ -78.94086618773629, -2.865455528162511 ], [ -78.940874847337881, -2.865440264232076 ], [ -78.94088179232493, -2.865428432847567 ], [ -78.940887927224651, -2.865417052058715 ], [ -78.940890902333066, -2.865412717671671 ], [ -78.940902256466686, -2.865399176424744 ], [ -78.940906134003427, -2.865393035434303 ], [ -78.940915777235318, -2.865380847272962 ], [ -78.940919651543481, -2.865376514508723 ], [ -78.940930108090512, -2.86536206752481 ], [ -78.940933980784365, -2.865358638873619 ], [ -78.94094136746051, -2.865351238454046 ], [ -78.940946231049864, -2.865346817063542 ], [ -78.940951006171943, -2.865341581808816 ], [ -78.940954877412906, -2.865338966859352 ], [ -78.940963164095862, -2.865331116005808 ], [ -78.940966226056815, -2.865328499595591 ], [ -78.940974421205496, -2.865321552692781 ], [ -78.94098054432024, -2.865316771928774 ], [ -78.940990083587792, -2.865312449388475 ], [ -78.94100142060968, -2.865308491739148 ], [ -78.941006639843437, -2.865306331280322 ], [ -78.941021399958785, -2.8652989441675 ], [ -78.941026620806582, -2.865295879595272 ], [ -78.941041387216643, -2.865284966440325 ], [ -78.941047509524026, -2.865280637732248 ], [ -78.941057054279085, -2.865273241205892 ], [ -78.94106182633378, -2.865269723765317 ], [ -78.941073978768657, -2.865262331944938 ], [ -78.941081362376877, -2.865256649338556 ], [ -78.941085687091075, -2.865251865327773 ], [ -78.94109217375879, -2.865244915339834 ], [ -78.94109829848685, -2.86523923046126 ], [ -78.941108751802403, -2.865226591699712 ], [ -78.941119204310695, -2.865214404994552 ], [ -78.941125240571026, -2.865207906251373 ], [ -78.941132720393043, -2.865198697764626 ], [ -78.941137046720698, -2.865193009640029 ], [ -78.941140109326568, -2.865190031583456 ], [ -78.941147064476354, -2.865172504280325 ], [ -78.941149231109989, -2.865167716374324 ], [ -78.941157979010569, -2.865153356712972 ], [ -78.941160593630158, -2.865149473731556 ], [ -78.941170150164766, -2.865135477175649 ], [ -78.941173578744426, -2.865128973725923 ], [ -78.941182777212489, -2.86511407240727 ], [ -78.941184943845712, -2.865109284500991 ], [ -78.941190185672284, -2.865094466453714 ], [ -78.941197566051159, -2.865090592072059 ], [ -78.941208464283648, -2.86508057604781 ], [ -78.941211889957941, -2.865075700001712 ], [ -78.941225846922322, -2.865064875791975 ], [ -78.941230170021242, -2.865060995893027 ], [ -78.941243226333015, -2.865050983762273 ], [ -78.941248450406903, -2.865046110961037 ], [ -78.941260157918535, -2.865036096395988 ], [ -78.941262773344263, -2.865031761357191 ], [ -78.941281493808162, -2.86502221150431 ], [ -78.94129148590055, -2.865016081543324 ], [ -78.941299315878837, -2.865012207971653 ], [ -78.941302377031448, -2.865010043616041 ], [ -78.941319297642821, -2.865001304219092 ], [ -78.941322809202205, -2.864998688617911 ], [ -78.941338380852173, -2.864990037198052 ], [ -78.94134234055916, -2.864988236110072 ], [ -78.941357552528999, -2.864979584040755 ], [ -78.941361872561387, -2.864977421956273 ], [ -78.941377983892366, -2.864968681097555 ], [ -78.9413828450583, -2.864965615872946 ], [ -78.941398415900963, -2.864957416508333 ], [ -78.941402377060101, -2.864954801717896 ], [ -78.941418398470759, -2.864946060695912 ], [ -78.941422358823061, -2.864943897962069 ], [ -78.941436668526535, -2.86493696208406 ], [ -78.9414436908379, -2.864932182937038 ], [ -78.941458451754755, -2.864924343756227 ], [ -78.941461063307045, -2.864922178588629 ], [ -78.941476633503711, -2.864914340867518 ], [ -78.941480593210514, -2.864912539778725 ], [ -78.941496256392682, -2.864902984403697 ], [ -78.941500576424801, -2.864900822318288 ], [ -78.941516687754643, -2.864892081456057 ], [ -78.941520558186753, -2.864889918559376 ], [ -78.941535319748425, -2.864881717731399 ], [ -78.94153928026185, -2.864879464585478 ], [ -78.94155620151669, -2.86487036353685 ], [ -78.941559263475469, -2.864867747123154 ], [ -78.941576626585785, -2.86486298663021 ], [ -78.941581395411063, -2.864861277412154 ], [ -78.941597050202816, -2.864856423425211 ], [ -78.941602267821381, -2.864855167074917 ], [ -78.941619182138481, -2.864849953713164 ], [ -78.94162395015708, -2.86484869655166 ], [ -78.941640954394174, -2.864843483351661 ], [ -78.941645273780793, -2.864841682910775 ], [ -78.941664795777882, -2.864836474252277 ], [ -78.941667404909836, -2.864835665254199 ], [ -78.941686568033646, -2.86483000388953 ], [ -78.941690437013605, -2.86482865469415 ], [ -78.94170609003082, -2.864824795230045 ], [ -78.941711758056101, -2.864823087633277 ], [ -78.941726963893259, -2.864817871187263 ], [ -78.941732182479853, -2.864816072367965 ], [ -78.941748646390423, -2.86481131024925 ], [ -78.941753865622303, -2.864809149784331 ], [ -78.941770776067784, -2.864806106292154 ], [ -78.94177518359983, -2.864805300537783 ], [ -78.941793352925487, -2.864802259316004 ], [ -78.941797311825454, -2.864800910282319 ], [ -78.941816380996528, -2.864797509036613 ], [ -78.941819890296486, -2.864796159191808 ], [ -78.941836802194118, -2.864792301996046 ], [ -78.941841570374152, -2.864790954421901 ], [ -78.941859019533496, -2.864788363958096 ], [ -78.941864596832318, -2.86478710825495 ], [ -78.941881598004883, -2.864783612866015 ], [ -78.941887625710308, -2.864781905916808 ], [ -78.941903276469745, -2.864779312208306 ], [ -78.941907146094991, -2.864777601366372 ], [ -78.941922809436505, -2.864767955570204 ], [ -78.941926768175193, -2.864766696947231 ], [ -78.941945123632422, -2.864760130002971 ], [ -78.941948984708461, -2.864763210963824 ], [ -78.941965524667339, -2.864766224381502 ], [ -78.941971996488576, -2.864767592229516 ], [ -78.941979363800044, -2.864771041161073 ], [ -78.941988530157005, -2.864774131690767 ], [ -78.941991944697975, -2.864775494024438 ], [ -78.94200847675377, -2.864782937599371 ], [ -78.942014138649995, -2.864784665633134 ], [ -78.942028869886428, -2.864793462135026 ], [ -78.942033182982541, -2.864795187736023 ], [ -78.942048362367757, -2.864804798751222 ], [ -78.942051865377309, -2.864806974949476 ], [ -78.942070108172999, -2.864813155846175 ], [ -78.942073970862737, -2.86481533269313 ], [ -78.942090516146678, -2.864815362534052 ], [ -78.942096091188063, -2.86481537258909 ], [ -78.942113087685314, -2.864814499126708 ], [ -78.942123068807916, -2.86481451712825 ], [ -78.94213520801118, -2.864814539021899 ], [ -78.942139974417657, -2.864814185971586 ], [ -78.942159037463014, -2.864814220352379 ], [ -78.94216344677011, -2.864812420071052 ], [ -78.94218034786411, -2.864814620432707 ], [ -78.942184663218953, -2.864815080273876 ], [ -78.942203356423576, -2.86482080992294 ], [ -78.942224565131411, -2.86482780987206 ], [ -78.942228428628269, -2.864829534661781 ], [ -78.942244062939849, -2.86483616291071 ], [ -78.942261048471522, -2.864841437421136 ], [ -78.942275782938225, -2.864848425693825 ], [ -78.942280994429453, -2.864850604972913 ], [ -78.942297443506007, -2.864854160693536 ], [ -78.942299593038896, -2.864858956389547 ], [ -78.942316123487885, -2.864867304076296 ], [ -78.942320435133851, -2.864869843379289 ], [ -78.942338670838453, -2.864880002375027 ], [ -78.942340825855098, -2.86488172408353 ], [ -78.942354292088496, -2.864893953946855 ], [ -78.942356447750328, -2.864895314009751 ], [ -78.942369461319515, -2.864909260878937 ], [ -78.942371609239913, -2.864914960689111 ], [ -78.942390228979392, -2.864911468211742 ], [ -78.942391137534003, -2.864906225971995 ], [ -78.942407244834314, -2.864899745377419 ], [ -78.942414619084545, -2.86489930661735 ], [ -78.942441052353061, -2.864901162519445 ], [ -78.942457955064455, -2.864902458764253 ], [ -78.942477915702881, -2.864903398876393 ], [ -78.942497876341591, -2.864904338988209 ], [ -78.942504888654227, -2.864905165338663 ], [ -78.942523498234777, -2.864907368777552 ], [ -78.942527003504182, -2.864908279215472 ], [ -78.942543455003758, -2.864910478762519 ], [ -78.942552175636465, -2.864911398604968 ], [ -78.942565211786871, -2.864912687876022 ], [ -78.94256997835619, -2.864912244412717 ], [ -78.942588230515184, -2.864913181442339 ], [ -78.942592099335357, -2.864911922654749 ], [ -78.942612067071252, -2.864908884662479 ], [ -78.942615936858999, -2.8649070834063 ], [ -78.942362332993724, -2.864671013215509 ], [ -78.94223718284961, -2.864559581158463 ], [ -78.942153957635412, -2.864486197614703 ], [ -78.941901868254746, -2.864258176824502 ], [ -78.941501391986876, -2.863889388732804 ], [ -78.941240037749282, -2.863663249918088 ], [ -78.940771904563249, -2.863265046497134 ], [ -78.939901876707339, -2.862638642584123 ], [ -78.939371129306849, -2.862257775691566 ], [ -78.938546006320749, -2.861663277682904 ], [ -78.938052997019682, -2.861298843390488 ], [ -78.937457905139013, -2.860897517797604 ], [ -78.93695871660222, -2.860569779386201 ], [ -78.936674785949464, -2.860398750886464 ], [ -78.93653629935568, -2.860303840131925 ], [ -78.936463487312565, -2.860240691939126 ], [ -78.936342809313317, -2.860143281823958 ], [ -78.936129727288545, -2.859926542698528 ], [ -78.93586399596272, -2.859635119169247 ], [ -78.93553311696472, -2.859268807872164 ], [ -78.935110905846258, -2.858837687618524 ], [ -78.935099955412511, -2.858826637665586 ], [ -78.934985160954341, -2.858808348091653 ], [ -78.934936978180957, -2.858800485701199 ], [ -78.934876749797922, -2.858790612505445 ], [ -78.934824523736935, -2.858781024994516 ], [ -78.934789377306942, -2.858774271080192 ], [ -78.934786051914173, -2.858773360961221 ], [ -78.934699503886861, -2.858748522361199 ], [ -78.93464647696257, -2.858734232012414 ], [ -78.93462652444758, -2.858728861708046 ], [ -78.93456666464354, -2.858714016547167 ], [ -78.93451246425488, -2.858702255589963 ], [ -78.934482353790685, -2.858695239532278 ], [ -78.934457997181184, -2.858688776335457 ], [ -78.934440650224118, -2.858684586081996 ], [ -78.934388440017429, -2.858666138283647 ], [ -78.934329230179372, -2.858639812061061 ], [ -78.934298054101177, -2.858625289942399 ], [ -78.93418044226101, -2.858573452653289 ], [ -78.933860591466143, -2.85842677024345 ], [ -78.933807586890666, -2.858400003166702 ], [ -78.933757877251651, -2.858340874828893 ], [ -78.933734187260967, -2.858313618251037 ], [ -78.933656290719981, -2.858227767680626 ], [ -78.93361205484392, -2.858174978021516 ], [ -78.933567364690347, -2.858124809467611 ], [ -78.933519352546142, -2.85807183216527 ], [ -78.933482828062694, -2.858031171543289 ], [ -78.933440369897198, -2.85798995773348 ], [ -78.933338114400627, -2.857899000133865 ], [ -78.933287838303741, -2.857854969452813 ], [ -78.933241510727825, -2.857815376054974 ], [ -78.933221573439766, -2.857801507118685 ], [ -78.933206652869572, -2.857798134944348 ], [ -78.933194513808616, -2.857798113009619 ], [ -78.933166795980767, -2.857810810900496 ], [ -78.933061579219014, -2.857867398986285 ], [ -78.932965272510657, -2.857919482599089 ], [ -78.932937544659737, -2.85793778595457 ], [ -78.932875529882196, -2.857971578061006 ], [ -78.932786332581912, -2.858020419693924 ], [ -78.932635752026926, -2.858101879193997 ], [ -78.932525494764207, -2.858161260825596 ], [ -78.932426936175986, -2.858215510153556 ], [ -78.932374366753791, -2.858247149420023 ], [ -78.932282919516638, -2.858297071848068 ], [ -78.93225195877524, -2.858313018637661 ], [ -78.932240894701195, -2.85831525891068 ], [ -78.932210946676506, -2.858318007505482 ], [ -78.932209237731271, -2.858318275648817 ], [ -78.932148654662186, -2.858255420786668 ], [ -78.932059619366115, -2.858163402099976 ], [ -78.932009349175871, -2.85811611660057 ], [ -78.931948581924004, -2.858055702510159 ], [ -78.931891136341847, -2.857998277993907 ], [ -78.931840689400843, -2.857949274366649 ], [ -78.931704780854204, -2.857821187314676 ], [ -78.93159193135655, -2.857721169403652 ], [ -78.931396218420133, -2.857547407029017 ], [ -78.931316758787673, -2.857480992016484 ], [ -78.931262884306562, -2.85743794932992 ], [ -78.931239268323083, -2.857419643586001 ], [ -78.930960955211731, -2.85727638118839 ], [ -78.930902142343001, -2.857229351483697 ], [ -78.930811272629782, -2.857157581584727 ], [ -78.930716543539603, -2.857081826620566 ], [ -78.930651262851242, -2.857031259188869 ], [ -78.930565409214466, -2.856970347688963 ], [ -78.930467792085764, -2.856900554631051 ], [ -78.930414810717139, -2.856860949181196 ], [ -78.930251906817048, -2.856744024301165 ], [ -78.930196949842923, -2.856702968701984 ], [ -78.930116487182843, -2.856644417640936 ], [ -78.930019770118093, -2.856574174157344 ], [ -78.929942808808534, -2.856518703404585 ], [ -78.929807833332575, -2.85642217152322 ], [ -78.929729793024407, -2.856366698818861 ], [ -78.929673396587859, -2.85632609267172 ], [ -78.929573357130167, -2.856253311671328 ], [ -78.92953160239847, -2.856221140234305 ], [ -78.929489399856138, -2.856187973466602 ], [ -78.929379056190442, -2.856094831357302 ], [ -78.929318184888388, -2.856042463690216 ], [ -78.929266750030152, -2.855992915836544 ], [ -78.929236323283149, -2.855961759417166 ], [ -78.929188217038202, -2.855911313477764 ], [ -78.929155368803748, -2.855876626651065 ], [ -78.928767742864949, -2.855466725389516 ], [ -78.928724213281484, -2.855421441163767 ], [ -78.928673413569484, -2.855368730088472 ], [ -78.928632755884138, -2.855326525032231 ], [ -78.928541568580613, -2.855231428571082 ], [ -78.928516707757751, -2.855205345243349 ], [ -78.928453073344741, -2.855139410955632 ], [ -78.928388361858822, -2.855072389789794 ], [ -78.928285147688555, -2.85496488528203 ], [ -78.928209757932493, -2.854885548916222 ], [ -78.928169998493857, -2.854843887958706 ], [ -78.92815007446363, -2.854822695756436 ], [ -78.928095413649871, -2.854766994147306 ], [ -78.928058074896796, -2.854729315651206 ], [ -78.928024506409258, -2.854695170002714 ], [ -78.927994617620797, -2.854664918681363 ], [ -78.927943532683244, -2.854620886550442 ], [ -78.927903132506273, -2.854585553199497 ], [ -78.927879964625618, -2.854568152386388 ], [ -78.92785509039976, -2.854549573144122 ], [ -78.927801839502479, -2.854509967227968 ], [ -78.927784597663134, -2.854497368915254 ], [ -78.927743644068684, -2.854469809899001 ], [ -78.927720203201957, -2.854454216809536 ], [ -78.927626981357548, -2.854390670090284 ], [ -78.927544176139818, -2.854334917556177 ], [ -78.927412066117569, -2.854245352542404 ], [ -78.92735566487741, -2.854207549142338 ], [ -78.92730132982193, -2.854170834411768 ], [ -78.927250587620321, -2.854136296043951 ], [ -78.927228944004952, -2.854121339082761 ], [ -78.927204874213629, -2.854105473622086 ], [ -78.927177841973702, -2.854086890474449 ], [ -78.927147846152536, -2.854066222513731 ], [ -78.927070610104209, -2.854013734848379 ], [ -78.927029388417694, -2.85398527123774 ], [ -78.926991937476075, -2.853960069241909 ], [ -78.926966701021371, -2.853942935917801 ], [ -78.926905182245278, -2.853900783534601 ], [ -78.92686153439368, -2.853871411424232 ], [ -78.926849050803355, -2.853862980622071 ], [ -78.926798039852955, -2.853827899302395 ], [ -78.926769479990028, -2.85380877092458 ], [ -78.926695207566397, -2.85375836807175 ], [ -78.92665066265026, -2.853727818996795 ], [ -78.926621294662354, -2.853708056280392 ], [ -78.926584473657442, -2.853682584192009 ], [ -78.926552411847652, -2.853660737150767 ], [ -78.92653750419322, -2.853650222512028 ], [ -78.926462425121599, -2.853598371625846 ], [ -78.926418509649054, -2.853567823690161 ], [ -78.926386178254518, -2.853545885750042 ], [ -78.926319630748637, -2.853500017420443 ], [ -78.926261166339202, -2.853459497960129 ], [ -78.926146479339621, -2.853381898707648 ], [ -78.92608891072797, -2.853343279495317 ], [ -78.926034576586545, -2.853306112710947 ], [ -78.925985000181328, -2.853273384667911 ], [ -78.92592761044871, -2.853235308243766 ], [ -78.925864383324253, -2.853193152766549 ], [ -78.925809406497464, -2.853163398501037 ], [ -78.925748859443019, -2.853131012237838 ], [ -78.925721729734718, -2.853116678218538 ], [ -78.925636824092152, -2.853079094438092 ], [ -78.925588025242817, -2.853064088308437 ], [ -78.925551539841123, -2.853052088027664 ], [ -78.92549448245137, -2.853029291618165 ], [ -78.925437422960528, -2.853007670543316 ], [ -78.925401748933709, -2.852994496389724 ], [ -78.925358078346719, -2.852977872147628 ], [ -78.92526866971015, -2.852944258274426 ], [ -78.925171796420685, -2.852911444576996 ], [ -78.925043200669151, -2.852868176194182 ], [ -78.924972117869729, -2.852844359855149 ], [ -78.924942462545474, -2.852834451380439 ], [ -78.924821235901007, -2.852793547009089 ], [ -78.92475051376384, -2.852769188851937 ], [ -78.924712500923533, -2.852756552916175 ], [ -78.924577345431132, -2.852710921947209 ], [ -78.92453061589012, -2.852695286667001 ], [ -78.924497905472052, -2.852684197313619 ], [ -78.924421880300983, -2.852658654201582 ], [ -78.924356819308514, -2.852636385732319 ], [ -78.924248891869567, -2.852600387597126 ], [ -78.924208812555875, -2.852586843802537 ], [ -78.924140426231688, -2.852563665196321 ], [ -78.923969054274451, -2.852506576837126 ], [ -78.92390902483686, -2.852486487326226 ], [ -78.923867776604439, -2.852472941407709 ], [ -78.923775668477333, -2.852440497925537 ], [ -78.92371150768551, -2.852417688604685 ], [ -78.923638451011357, -2.852391517969951 ], [ -78.923588757467428, -2.852374069086701 ], [ -78.923536818083008, -2.852355440794737 ], [ -78.923502310476806, -2.852343715295996 ], [ -78.923375694139622, -2.852299907940116 ], [ -78.923311531757221, -2.852278002711619 ], [ -78.923272621420438, -2.852264461018666 ], [ -78.923179616284315, -2.85223084054929 ], [ -78.923159400300349, -2.852222124494833 ], [ -78.923130287786876, -2.85221040876751 ], [ -78.923080061085301, -2.852189432893449 ], [ -78.923042063876622, -2.85216811753933 ], [ -78.923020056344143, -2.852155600991697 ], [ -78.922974334298942, -2.852129751107203 ], [ -78.92294316810424, -2.85210998511268 ], [ -78.922892063629675, -2.852077073446057 ], [ -78.922841586639592, -2.85204524784367 ], [ -78.92273982794768, -2.851979063683243 ], [ -78.922676239486051, -2.851937992436528 ], [ -78.92264094291636, -2.851914964174122 ], [ -78.922607353816232, -2.85189248146989 ], [ -78.922536673037357, -2.851845159037791 ], [ -78.922490691968576, -2.851813341583197 ], [ -78.922457733922229, -2.851789955916889 ], [ -78.922441029132401, -2.85177880513797 ], [ -78.92238228816008, -2.85174226320537 ], [ -78.922335941432934, -2.851713790278858 ], [ -78.922267318743692, -2.851672077031565 ], [ -78.922253666789373, -2.851663372871366 ], [ -78.922184781163153, -2.851617861903332 ], [ -78.922145622042109, -2.851592656784987 ], [ -78.922126313208636, -2.851579512253191 ], [ -78.922057065978876, -2.851535085555915 ], [ -78.92194632405257, -2.851464183757939 ], [ -78.921818613615144, -2.851378785511628 ], [ -78.92173194327529, -2.851322664268139 ], [ -78.921647875537005, -2.851269350468914 ], [ -78.921622906760405, -2.851253483359816 ], [ -78.921546114918755, -2.85120434163497 ], [ -78.92149141610895, -2.85117015770018 ], [ -78.921426389081134, -2.851129083840505 ], [ -78.921405911986014, -2.851115575547976 ], [ -78.92134914783513, -2.851079850889251 ], [ -78.921314388734132, -2.851057998935276 ], [ -78.921304329780526, -2.851051380730342 ], [ -78.92126625118317, -2.851025363874291 ], [ -78.921211917417736, -2.850988197053517 ], [ -78.921191442437078, -2.850973513428065 ], [ -78.921140068504769, -2.850940510856936 ], [ -78.921094352908213, -2.850911134965115 ], [ -78.921047108713225, -2.850881756301502 ], [ -78.921004626431866, -2.850854465713432 ], [ -78.920972564394077, -2.850832889880537 ], [ -78.920955679481665, -2.850821919594794 ], [ -78.92089595489449, -2.850782392325808 ], [ -78.920857066736858, -2.850756554822315 ], [ -78.920846645849053, -2.850751201707647 ], [ -78.920832991815487, -2.850743672878693 ], [ -78.920751349372736, -2.850691810039771 ], [ -78.920730243360836, -2.850678029374646 ], [ -78.920707430534932, -2.850663341509689 ], [ -78.920686856570995, -2.850653720691177 ], [ -78.920637264814161, -2.850629762397235 ], [ -78.920587675330992, -2.850604538360171 ], [ -78.920551739392536, -2.850587114382722 ], [ -78.92050186605276, -2.850569755540315 ], [ -78.920457653475168, -2.850554667224218 ], [ -78.920421978051408, -2.850542397113928 ], [ -78.920343247147599, -2.850521640746481 ], [ -78.920278446514089, -2.850504797289544 ], [ -78.920215171890092, -2.850489403165165 ], [ -78.920178591946879, -2.850480114954867 ], [ -78.920137607175391, -2.850470185881545 ], [ -78.920091221020698, -2.850463773017649 ], [ -78.919999257813501, -2.850451039163346 ], [ -78.919908019794406, -2.850435051843061 ], [ -78.919858131565576, -2.850426010716822 ], [ -78.919829544733489, -2.8504220712131 ], [ -78.919802575932778, -2.850418405875171 ], [ -78.919789451689837, -2.850416302628066 ], [ -78.919742165724131, -2.850410249762439 ], [ -78.919691375730892, -2.850402653561528 ], [ -78.91965362265924, -2.850395713882217 ], [ -78.919606073435645, -2.850386044118 ], [ -78.91951330895904, -2.850368878669472 ], [ -78.919496954175315, -2.850363153142627 ], [ -78.919461275056349, -2.850352962446789 ], [ -78.919428927270729, -2.850340336713337 ], [ -78.919389388836578, -2.85032616095675 ], [ -78.919336475559902, -2.850299213067031 ], [ -78.919293713401743, -2.850277617807675 ], [ -78.9192500541795, -2.850254845585174 ], [ -78.919239366967219, -2.850247593363161 ], [ -78.919200483115503, -2.850219405181172 ], [ -78.919178488031605, -2.850200017449996 ], [ -78.919149756269789, -2.850176639438785 ], [ -78.919116178533798, -2.850147918422307 ], [ -78.919092475668251, -2.850128165951318 ], [ -78.919075868827264, -2.850112585233348 ], [ -78.919057468503311, -2.85009428894982 ], [ -78.919014384661963, -2.85005153707676 ], [ -78.918953261471501, -2.84998976629354 ], [ -78.918904256548032, -2.849939499617514 ], [ -78.918855611298909, -2.849889233595084 ], [ -78.918803915024057, -2.849835526443601 ], [ -78.918769181361284, -2.84979957050366 ], [ -78.91872116603308, -2.849749034395928 ], [ -78.918637336745888, -2.849663263673907 ], [ -78.918578280399856, -2.849602219933261 ], [ -78.918486015279413, -2.849507302463408 ], [ -78.918458998474279, -2.849480311155434 ], [ -78.91844023898696, -2.849461742993599 ], [ -78.918392485000567, -2.849415908704835 ], [ -78.918350925099887, -2.849375781508199 ], [ -78.918311519975745, -2.849337466429023 ], [ -78.918254252437919, -2.849281760152026 ], [ -78.918184242268538, -2.849211745920164 ], [ -78.918153634135095, -2.849181764557266 ], [ -78.918040000866995, -2.849068907082126 ], [ -78.918005356681022, -2.849033222546288 ], [ -78.917936425713037, -2.848963119869165 ], [ -78.91789783149656, -2.848923902164282 ], [ -78.917861122789247, -2.848886224857017 ], [ -78.917809424332034, -2.848833783467066 ], [ -78.917772893355433, -2.848797281817693 ], [ -78.917732863717546, -2.848756253304259 ], [ -78.917646160139782, -2.848668850013627 ], [ -78.917611782970752, -2.848634702943085 ], [ -78.917547965492048, -2.848571209508442 ], [ -78.917482981204657, -2.848506538623974 ], [ -78.917442321678692, -2.848465780202913 ], [ -78.917395197682637, -2.84841967584355 ], [ -78.91734762572672, -2.848372666569141 ], [ -78.917232468891839, -2.848257094055342 ], [ -78.917147737240271, -2.848173220360981 ], [ -78.917123414770742, -2.848148042162124 ], [ -78.917010057462448, -2.848031840052391 ], [ -78.916991659801241, -2.848012097223966 ], [ -78.916888623690511, -2.847906672673836 ], [ -78.916771941113339, -2.847789560437373 ], [ -78.916641699885048, -2.847661936008583 ], [ -78.916609385353539, -2.84763086664319 ], [ -78.916471600043025, -2.84749825596603 ], [ -78.916407509205328, -2.847436841498065 ], [ -78.916319348971996, -2.847359561553339 ], [ -78.91625138846554, -2.847299948268963 ], [ -78.916221402712281, -2.847273946107054 ], [ -78.916179836636331, -2.847237344929649 ], [ -78.91612031439962, -2.847185522242891 ], [ -78.916096523360167, -2.847164865529001 ], [ -78.916091226850597, -2.847160064173523 ], [ -78.916051982884213, -2.84713223700314 ], [ -78.916015432863716, -2.847106403747484 ], [ -78.915977986108686, -2.847079212710943 ], [ -78.915965234106039, -2.847070148542454 ], [ -78.915928676460894, -2.847048564552768 ], [ -78.915834269645316, -2.846994870339507 ], [ -78.915640207091442, -2.846906277699723 ], [ -78.915449735750272, -2.846820765514802 ], [ -78.915212590020616, -2.846739327442884 ], [ -78.914772090138086, -2.84663627369235 ], [ -78.914424803701635, -2.846550476642194 ], [ -78.914149502731405, -2.846486056656658 ], [ -78.913793733777695, -2.84641724117085 ], [ -78.913666727075451, -2.846391424380207 ], [ -78.913577747463179, -2.846370016353062 ], [ -78.913336330136516, -2.846314156343365 ], [ -78.913150024143036, -2.846262736129042 ], [ -78.912989157197273, -2.846215520988006 ], [ -78.912925608855488, -2.846202657687322 ], [ -78.912777412429634, -2.846159805236506 ], [ -78.912658745209811, -2.846146751340505 ], [ -78.912523196383972, -2.846121009348322 ], [ -78.91241168285076, -2.846080031742455 ], [ -78.912035488733039, -2.845969318930086 ], [ -78.911746037991335, -2.84587350058478 ], [ -78.911272547869714, -2.845666143317585 ], [ -78.910562170931556, -2.845384219013587 ], [ -78.910183297072223, -2.845214101725364 ], [ -78.90959399109822, -2.844958887512703 ], [ -78.908936197621387, -2.844687726838262 ], [ -78.908704772763556, -2.844576101616835 ], [ -78.908625802857216, -2.844538889879133 ], [ -78.908162640089259, -2.84438977482089 ], [ -78.907946855443726, -2.844331158127885 ], [ -78.907725808152179, -2.844298931472741 ], [ -78.907625788282601, -2.844267015553695 ], [ -78.907430958391132, -2.844256082874777 ], [ -78.907225598697352, -2.844250465163339 ], [ -78.906930829530282, -2.844212860368487 ], [ -78.906693838561338, -2.844196516618028 ], [ -78.906593880203218, -2.844180422441327 ], [ -78.906325414341509, -2.844116465810597 ], [ -78.906146448214187, -2.844084315573352 ], [ -78.905841002389323, -2.844083759052455 ], [ -78.905704059815008, -2.844083509517365 ], [ -78.905614593070723, -2.844083346483346 ], [ -78.905430207250404, -2.844114834638903 ], [ -78.905135167335843, -2.844177764420361 ], [ -78.904708512903753, -2.844277612478874 ], [ -78.904402943213441, -2.844345856976454 ], [ -78.904097392463783, -2.844403613895113 ], [ -78.903676010695619, -2.844471646912634 ], [ -78.903333722621667, -2.844508090327012 ], [ -78.902986058721879, -2.844533945905559 ], [ -78.90192746982315, -2.844584993506197 ], [ -78.901732602435274, -2.844595215588354 ], [ -78.901353468187864, -2.844621013159034 ], [ -78.901069025307734, -2.844641649411404 ], [ -78.900194769224967, -2.844740677679467 ], [ -78.899467905129072, -2.844829306343161 ], [ -78.899157168606493, -2.84487114016041 ], [ -78.898867459247484, -2.844870610403613 ], [ -78.89854105101719, -2.844827611534975 ], [ -78.897930472313135, -2.844704713494247 ], [ -78.897793578299783, -2.844677973165327 ], [ -78.897698816416153, -2.844672556061722 ], [ -78.897646163979687, -2.844651303985688 ], [ -78.897509311976833, -2.844651053589097 ], [ -78.897503978304059, -2.844666865430344 ], [ -78.897003785731826, -2.844660706358768 ], [ -78.896256036046296, -2.844664581314115 ], [ -78.895782089798232, -2.844663713492487 ], [ -78.894844941262122, -2.844687582691426 ], [ -78.894714923753952, -2.844686982843991 ], [ -78.894714799557121, -2.844755512626221 ], [ -78.894511930947019, -2.846005406564212 ], [ -78.894298885912676, -2.846718071430382 ], [ -78.894300372216165, -2.846790943775295 ], [ -78.894302174021007, -2.846838592599921 ], [ -78.894317172959148, -2.846897566747504 ], [ -78.894364410003519, -2.846930019785789 ], [ -78.894419258906368, -2.846979574077803 ], [ -78.894423004213806, -2.846996758649547 ], [ -78.89448529547856, -2.847057718121517 ], [ -78.894507975159542, -2.847095821889936 ], [ -78.894504129646066, -2.847133877013116 ], [ -78.894498364735796, -2.84718910631977 ], [ -78.894488823518273, -2.847244238291057 ], [ -78.894473455019153, -2.847339410745753 ], [ -78.894471411260966, -2.847375570583615 ], [ -78.894450575071488, -2.847411695952672 ], [ -78.894437222734254, -2.847436353109019 ], [ -78.894416310595105, -2.847514337686149 ], [ -78.894400942070789, -2.84760951013229 ], [ -78.894387679643472, -2.847634167450441 ], [ -78.894340266397776, -2.847698813289119 ], [ -78.894319347166984, -2.847731141319715 ], [ -78.894285043430287, -2.847805846594105 ], [ -78.894228223438404, -2.847801945175645 ], [ -78.893899020340413, -2.847763279001515 ], [ -78.89372490849675, -2.847732491704777 ], [ -78.893350332504312, -2.847625212193457 ], [ -78.893239764339839, -2.848104628444546 ], [ -78.893553695706515, -2.848234579834098 ], [ -78.89361417467039, -2.848253676713657 ], [ -78.893750342003173, -2.848333938531539 ], [ -78.894083149184468, -2.848517175376997 ], [ -78.894362947253285, -2.848677622279819 ], [ -78.894506709359803, -2.848734934142974 ], [ -78.894661856047506, -2.84876188947255 ], [ -78.894945665757021, -2.84879287802176 ], [ -78.895349929775421, -2.849238884027452 ], [ -78.895440579371666, -2.849330363437162 ], [ -78.89579594255369, -2.849570780089697 ], [ -78.896026598650678, -2.849708263306598 ], [ -78.896181766501158, -2.849773280806927 ], [ -78.896359558629101, -2.849807871936817 ], [ -78.896647338971164, -2.849781729026455 ], [ -78.896825283008681, -2.84973260154809 ], [ -78.896859258024008, -2.849839165765483 ], [ -78.896885514068373, -2.849987665655621 ], [ -78.896896532927428, -2.850158920701778 ], [ -78.896873487104983, -2.850322609322023 ], [ -78.896835370090258, -2.85046710356591 ], [ -78.896774621534149, -2.850596457971359 ], [ -78.896709896154675, -2.850786650386599 ], [ -78.896671557915766, -2.85105301564276 ], [ -78.896674982151382, -2.851247130237593 ], [ -78.8967124224841, -2.851475572291135 ], [ -78.896780247491421, -2.851658413514883 ], [ -78.89694625466052, -2.851944139645305 ], [ -78.897150351515833, -2.852150104455566 ], [ -78.897358342418016, -2.85229134349313 ], [ -78.897441515333298, -2.852340949889227 ], [ -78.897676038579775, -2.852428896207279 ], [ -78.898269972505787, -2.852658359267596 ], [ -78.898633076746236, -2.852796085571176 ], [ -78.898788134708624, -2.852872494489759 ], [ -78.89906801118957, -2.853040445607326 ], [ -78.899200327219035, -2.853113015622723 ], [ -78.899499127689666, -2.853258218293731 ], [ -78.899794234737143, -2.853357667081899 ], [ -78.900059115685039, -2.853415291334089 ], [ -78.900399789799678, -2.853476761248419 ], [ -78.900501969911829, -2.853507416464973 ], [ -78.900630558030386, -2.853553308840106 ], [ -78.900800791675039, -2.853641137046356 ], [ -78.900978391764042, -2.853782320252806 ], [ -78.901106883550696, -2.853931007855482 ], [ -78.9012352164563, -2.854117757512429 ], [ -78.901295468285753, -2.854262522889481 ], [ -78.901378510823093, -2.854433910392094 ], [ -78.901506809374112, -2.854639645994242 ], [ -78.901642840541442, -2.85479594186054 ], [ -78.901831791360053, -2.854975208291901 ], [ -78.902580173185129, -2.855570388630596 ], [ -78.903132086289688, -2.856016756760439 ], [ -78.903336302550485, -2.856157988842215 ], [ -78.90367664687507, -2.856352721483375 ], [ -78.904293072557493, -2.856677335795768 ], [ -78.904788517915094, -2.856925694052323 ], [ -78.905075908337338, -2.85706698799769 ], [ -78.905170515277959, -2.857109111269721 ], [ -78.905560155776413, -2.857242907574362 ], [ -78.905915806984751, -2.857327368353427 ], [ -78.906793837399348, -2.857435477862898 ], [ -78.907588618452479, -2.857535930535024 ], [ -78.908663521134841, -2.857671160246529 ], [ -78.908935992434039, -2.857709720906588 ], [ -78.909041936429617, -2.857747977104721 ], [ -78.909136405976497, -2.857816590015689 ], [ -78.909223281431608, -2.857957607298777 ], [ -78.9092494693719, -2.858094716437181 ], [ -78.909317193363989, -2.85833460705717 ], [ -78.909381319676598, -2.858475582779867 ], [ -78.909479483106338, -2.858589949842025 ], [ -78.909623110570095, -2.858723386090105 ], [ -78.909774442871992, -2.858822661511996 ], [ -78.909952176192846, -2.858891517076697 ], [ -78.910095982601604, -2.858926045279746 ], [ -78.910584195306029, -2.858999175071191 ], [ -78.912158492677079, -2.859241908690505 ], [ -78.912616431372086, -2.859299793635688 ], [ -78.913797076282634, -2.859439010454381 ], [ -78.914546474866256, -2.859527894831108 ], [ -78.914675099454115, -2.859554800468287 ], [ -78.915322165493492, -2.859696839736732 ], [ -78.915798898880325, -2.859804302710629 ], [ -78.915965462396045, -2.859834984244141 ], [ -78.916366581008532, -2.859889057572145 ], [ -78.916529402280673, -2.859900746074266 ], [ -78.917759663293509, -2.859902988030596 ], [ -78.918191194717892, -2.859896179648128 ], [ -78.918403132104885, -2.859896565655868 ], [ -78.918543169917129, -2.859927288973338 ], [ -78.918773929324374, -2.860011429179376 ], [ -78.918966764619711, -2.860133563071701 ], [ -78.919129126014994, -2.860350843595046 ], [ -78.919355731917292, -2.860644366662863 ], [ -78.919506735667056, -2.860827270605346 ], [ -78.919623907750122, -2.860922686103782 ], [ -78.919744931983544, -2.860976158189746 ], [ -78.920127004784675, -2.861121510468302 ], [ -78.920630226230799, -2.861301348767817 ], [ -78.920781511981104, -2.861377749736271 ], [ -78.921015856778979, -2.861568490298377 ], [ -78.921132947098812, -2.861709472522528 ], [ -78.921850390553857, -2.862719397858672 ], [ -78.922624477700509, -2.863782768971668 ], [ -78.922737861021503, -2.863935226729911 ], [ -78.922769830476469, -2.863858526335527 ], [ -78.922829932803907, -2.863788386695919 ], [ -78.923010166644033, -2.863518658245725 ], [ -78.923114783748034, -2.863345893122006 ], [ -78.923173019246676, -2.863213818772081 ], [ -78.923194494317258, -2.863122543131855 ], [ -78.923188936231227, -2.862963229543061 ], [ -78.923199196448991, -2.86265811242632 ], [ -78.923214921090377, -2.862514388167726 ], [ -78.923238184071408, -2.86242890204389 ], [ -78.923265336953477, -2.862380400928677 ], [ -78.923327344334282, -2.86230086194375 ], [ -78.923367792965024, -2.862359159930796 ], [ -78.923435316406312, -2.862462350818566 ], [ -78.923626077343428, -2.862738630924311 ], [ -78.923739877622879, -2.862859355233443 ], [ -78.923901966935034, -2.863028717871465 ], [ -78.924141076422757, -2.863320636595983 ], [ -78.924260753082351, -2.863423831950955 ], [ -78.924698929272694, -2.86372388799261 ], [ -78.924814590258833, -2.863860075957173 ], [ -78.924998005462143, -2.863971252937379 ], [ -78.925075283436712, -2.864000505677122 ], [ -78.925229787693368, -2.864037764537188 ], [ -78.925363116605723, -2.86404966988886 ], [ -78.925734091110698, -2.86406779344933 ], [ -78.926043319115138, -2.864070344453125 ], [ -78.926197951937638, -2.864086176092298 ], [ -78.926335147467086, -2.864098088367451 ], [ -78.926425993675721, -2.86408270277193 ], [ -78.926482079711889, -2.864045826658915 ], [ -78.926536291255005, -2.864001262217856 ], [ -78.926619596449882, -2.863878997339022 ], [ -78.926685494935981, -2.863785813100579 ], [ -78.926871336633113, -2.863597644116855 ], [ -78.927026238269292, -2.863463846187577 ], [ -78.92718490250914, -2.863337830373811 ], [ -78.927272024533835, -2.863293235197202 ], [ -78.927413285487887, -2.863194401381587 ], [ -78.927575885989086, -2.863029515934368 ], [ -78.927630153291133, -2.8629538501419 ], [ -78.927668898832792, -2.862909167093591 ], [ -78.927694132655972, -2.862827662298827 ], [ -78.927646923861275, -2.86262794944543 ], [ -78.928425275086809, -2.863524520109595 ], [ -78.928614587718243, -2.863656863578874 ], [ -78.928825087578815, -2.863808050965805 ], [ -78.929204893276889, -2.864066501691668 ], [ -78.929796184875158, -2.86442804295077 ], [ -78.930337841611461, -2.864739316031522 ], [ -78.930625357671715, -2.864915867767402 ], [ -78.930722457365292, -2.864973545287687 ], [ -78.930958625383667, -2.865152354576706 ], [ -78.93105047006388, -2.865232173271496 ], [ -78.931009085652292, -2.86519394475794 ], [ -78.93117011696431, -2.865352636950172 ], [ -78.931378071921444, -2.865569548559757 ], [ -78.931556002924097, -2.865781342721173 ], [ -78.932322093434337, -2.866698505934977 ], [ -78.932615107127944, -2.866918736286878 ], [ -78.933240127555536, -2.86732726214559 ], [ -78.934013339806242, -2.867884602211182 ], [ -78.934723625533238, -2.868282161976481 ], [ -78.934878645571374, -2.86838379392161 ], [ -78.935122502262715, -2.868588294049448 ], [ -78.935220235457621, -2.868694252342555 ], [ -78.935324931864699, -2.868828431578834 ], [ -78.935496675005894, -2.869081803987974 ], [ -78.936150461872884, -2.870198754740714 ], [ -78.937265067178956, -2.872082144738523 ], [ -78.938501837291909, -2.874188350668792 ], [ -78.938794451471722, -2.874683341388578 ], [ -78.939181549889369, -2.875341515409145 ], [ -78.939743739188359, -2.876292578706973 ], [ -78.93982092817113, -2.876422549594899 ], [ -78.940082827853928, -2.876796152801913 ], [ -78.940295540902497, -2.8770694004826 ], [ -78.940532926734775, -2.877323525670232 ], [ -78.940642261212957, -2.877429234176718 ], [ -78.940792352377514, -2.877572627787003 ], [ -78.940999531021987, -2.877773174601804 ], [ -78.941484610671836, -2.87819989253715 ], [ -78.941981568892288, -2.87862184023284 ], [ -78.942137424266107, -2.878760271701435 ], [ -78.942541416393709, -2.879125272448952 ], [ -78.942879573527236, -2.879447208380046 ], [ -78.94301099244224, -2.879573390021823 ], [ -78.943232450376456, -2.879834719513389 ], [ -78.94346187493332, -2.880116406108184 ], [ -78.943677205111214, -2.880385138318493 ], [ -78.943881320808032, -2.880639565181991 ], [ -78.944191139392629, -2.881019494309312 ], [ -78.944632280064113, -2.881579942550236 ], [ -78.945146118195993, -2.882218276806594 ], [ -78.945416616167662, -2.882562241445067 ], [ -78.945751445665238, -2.882985794708606 ], [ -78.945987813718546, -2.883307365891714 ], [ -78.946050406980831, -2.883403496703825 ], [ -78.946282666132348, -2.883810138085118 ], [ -78.946439317389164, -2.884107244148226 ], [ -78.946536289969558, -2.884287520349906 ], [ -78.946623213199402, -2.884455572748909 ], [ -78.946825821545957, -2.884849231674145 ], [ -78.9470408255481, -2.885300686343423 ], [ -78.947197815649133, -2.885559368123207 ], [ -78.947393790600898, -2.88584117562202 ], [ -78.947644401088795, -2.88614378649781 ], [ -78.947853662808711, -2.886387645115667 ], [ -78.94801317586942, -2.88654326193096 ], [ -78.94820647293804, -2.886713857947481 ], [ -78.948382381573111, -2.88685295908985 ], [ -78.948568273072425, -2.886991264613927 ], [ -78.948781683071616, -2.887128354226182 ], [ -78.949006609495342, -2.887261938627971 ], [ -78.94942648524227, -2.887497408889507 ], [ -78.950016296684538, -2.887793220508313 ], [ -78.950843240102202, -2.888236561928207 ], [ -78.951575326595119, -2.888623766354774 ], [ -78.952201696379319, -2.888993239364116 ], [ -78.952566816854286, -2.88922544584156 ], [ -78.953034005846888, -2.889554849346262 ], [ -78.9536001958691, -2.889987230734931 ], [ -78.954063991981968, -2.890353787567271 ], [ -78.954270244168569, -2.89052196594602 ], [ -78.955040517645642, -2.891129212370767 ], [ -78.956663651421721, -2.892374775754919 ], [ -78.957327990818015, -2.892885541514257 ], [ -78.958585276998235, -2.893854233567258 ], [ -78.958777632842668, -2.893999874189842 ], [ -78.959366910586581, -2.89444784846886 ], [ -78.960188482384808, -2.89508556651375 ], [ -78.960595009186164, -2.895397781569594 ], [ -78.960595009202322, -2.895397772528355 ] ] ] ] } },
{ "type": "Feature", "properties": { "DESCRIP": "Totoracocha", "CODIGO": "07", "AREA": 3393130.71, "SHAPE_LENG": 8416.7136403799996, "SHAPE_AREA": 3393130.7159299999 }, "geometry": { "type": "MultiPolygon", "coordinates": [ [ [ [ -78.9776734357322, -2.882514984140188 ], [ -78.977673480773646, -2.882514939013692 ], [ -78.977527316246267, -2.882638725871147 ], [ -78.977412409194059, -2.882731918217348 ], [ -78.977291026898357, -2.882774557767519 ], [ -78.977096428827906, -2.882776380554648 ], [ -78.977007914278474, -2.882742227124349 ], [ -78.976892207524699, -2.882677103722798 ], [ -78.9767315570639, -2.882652676665566 ], [ -78.976634229025677, -2.882670043244909 ], [ -78.976333050495938, -2.882683791154414 ], [ -78.976211636424935, -2.882693519967141 ], [ -78.975773474393719, -2.882927903532145 ], [ -78.975669517780233, -2.882981604411574 ], [ -78.97558147567544, -2.883036418651844 ], [ -78.975382123999367, -2.883234972453526 ], [ -78.975170872671811, -2.883399419022638 ], [ -78.97502566622353, -2.883591559604465 ], [ -78.974931511956214, -2.883695728590636 ], [ -78.974801177165332, -2.883817553960494 ], [ -78.974770003444391, -2.883851584149544 ], [ -78.97461242141577, -2.883922729238783 ], [ -78.974531570579472, -2.883928099988092 ], [ -78.974495544401861, -2.8839093200216 ], [ -78.974433476208958, -2.883768525745623 ], [ -78.974209240295068, -2.883546069574871 ], [ -78.974084814389144, -2.883428309732469 ], [ -78.974023580632831, -2.883425939968084 ], [ -78.973964550047285, -2.883448980316039 ], [ -78.973889494347674, -2.883533473158617 ], [ -78.973803105821162, -2.883568489582605 ], [ -78.973659685072832, -2.883666060557355 ], [ -78.973518471617126, -2.883786690864548 ], [ -78.973457781783608, -2.88383269320696 ], [ -78.973235471982449, -2.884046665912547 ], [ -78.973145624151556, -2.884156357525648 ], [ -78.973131827378467, -2.884228934810886 ], [ -78.97314167047702, -2.884256347673514 ], [ -78.973178769770726, -2.884278474889935 ], [ -78.973216961901016, -2.884292828507926 ], [ -78.97323662983294, -2.884307148998227 ], [ -78.973246052910113, -2.884571986708691 ], [ -78.973251781664075, -2.88468853983166 ], [ -78.97326404620172, -2.884872100977504 ], [ -78.97324953691836, -2.885042413876639 ], [ -78.973233264998001, -2.885294095680367 ], [ -78.973229310774045, -2.885343544737016 ], [ -78.973205001700748, -2.88551275513298 ], [ -78.973144648529441, -2.885622499430174 ], [ -78.973064199068617, -2.885705897459599 ], [ -78.972993031071439, -2.885778372063786 ], [ -78.972977716885666, -2.885793714935479 ], [ -78.972863965705486, -2.88579242641485 ], [ -78.972768891388554, -2.885806541581949 ], [ -78.972656449445424, -2.8857260532719 ], [ -78.972541134099302, -2.885694021381249 ], [ -78.97249852402858, -2.885686259981602 ], [ -78.972399022202339, -2.885712392172269 ], [ -78.972343213205562, -2.885744208189572 ], [ -78.972300525333424, -2.885780387530291 ], [ -78.972256773908398, -2.885807794869008 ], [ -78.972198753806808, -2.885818721432657 ], [ -78.972052777134806, -2.885836000286552 ], [ -78.971837450035025, -2.885864185373009 ], [ -78.971687590985709, -2.885890317725023 ], [ -78.971640064698278, -2.885916633307094 ], [ -78.971531703626198, -2.885969150213727 ], [ -78.971381844964242, -2.886045823544124 ], [ -78.971285533607741, -2.886098361991783 ], [ -78.971227515808565, -2.886158744561205 ], [ -78.971179268565919, -2.88623668480286 ], [ -78.971118418428119, -2.886322287589416 ], [ -78.971012151414442, -2.886461695311002 ], [ -78.970975934315376, -2.886550687497449 ], [ -78.97093415592181, -2.886682525604294 ], [ -78.970860087327907, -2.886818645676559 ], [ -78.970788753760374, -2.8869844261827 ], [ -78.970759114635158, -2.887065744999263 ], [ -78.970734413594073, -2.887151412498881 ], [ -78.970708956440248, -2.88730850511327 ], [ -78.970538286138094, -2.887407201694924 ], [ -78.970323946113552, -2.887436472984593 ], [ -78.970221138353665, -2.887450573953117 ], [ -78.970150323063379, -2.887324049294095 ], [ -78.970081161519019, -2.887177727110795 ], [ -78.970043057143229, -2.887113917473062 ], [ -78.969969869039829, -2.887057730059059 ], [ -78.969811492287576, -2.887019020479405 ], [ -78.969697825363653, -2.887020986582658 ], [ -78.969609172955657, -2.887064768427311 ], [ -78.969468591808152, -2.887132687867487 ], [ -78.969356899710249, -2.887237999736376 ], [ -78.969187287192227, -2.887348722887944 ], [ -78.969057012213611, -2.887436370791391 ], [ -78.969006162702783, -2.887460419882799 ], [ -78.968851932580449, -2.887517374707352 ], [ -78.968688968340459, -2.887580823574107 ], [ -78.968660521442843, -2.887598312679119 ], [ -78.968575014427202, -2.887693816340963 ], [ -78.968418966786444, -2.887862789672842 ], [ -78.968243773297729, -2.888027298339769 ], [ -78.968163241388766, -2.888156896596873 ], [ -78.968071136968149, -2.88832155434425 ], [ -78.968061046288, -2.888433648480729 ], [ -78.968043959241939, -2.888535784611633 ], [ -78.968003357075119, -2.888612653259803 ], [ -78.967942019705688, -2.888668599242058 ], [ -78.967762857094499, -2.888637537054433 ], [ -78.967664506347916, -2.888623075160389 ], [ -78.967618549745609, -2.888626247496046 ], [ -78.96758244937169, -2.88864932840904 ], [ -78.967503641488406, -2.888719528239463 ], [ -78.967408958293746, -2.888766553795562 ], [ -78.967290803019793, -2.888814712543745 ], [ -78.967119065279377, -2.88890671575418 ], [ -78.966988786030825, -2.888996623496983 ], [ -78.966935748881454, -2.889037214070732 ], [ -78.966871178080609, -2.889090984218249 ], [ -78.966790006818329, -2.889226005844832 ], [ -78.966726450625629, -2.889316033420286 ], [ -78.966690170674724, -2.88944010530682 ], [ -78.966659976014142, -2.889530192825882 ], [ -78.96664333838919, -2.889632329641123 ], [ -78.966638666297825, -2.889832405268701 ], [ -78.966638584304718, -2.889878515764217 ], [ -78.966649441681611, -2.890195071284253 ], [ -78.966659094800661, -2.89032917115587 ], [ -78.966647277635005, -2.890501748374762 ], [ -78.966637348943351, -2.890573156812215 ], [ -78.967195555915922, -2.890797661424989 ], [ -78.9676580403777, -2.89099631655245 ], [ -78.96797463647853, -2.891213063275561 ], [ -78.968385887228578, -2.891550862437309 ], [ -78.968653204336093, -2.89181878485566 ], [ -78.968871346179853, -2.892079385879641 ], [ -78.969267717332258, -2.892593011995334 ], [ -78.969713082867045, -2.893165404420287 ], [ -78.96999312416304, -2.893459027219375 ], [ -78.970666098368, -2.894127033940864 ], [ -78.970848095460298, -2.894233596490163 ], [ -78.971099308027178, -2.894354930325804 ], [ -78.971651024625473, -2.894590453410799 ], [ -78.972080606435085, -2.894785432714084 ], [ -78.972543081272036, -2.894991411033034 ], [ -78.972885289908419, -2.895167879432406 ], [ -78.973221922294073, -2.895395602181631 ], [ -78.973443961040132, -2.895538944345077 ], [ -78.973636825562039, -2.895704114181203 ], [ -78.973793283671327, -2.895861985601697 ], [ -78.974055013678623, -2.896188576618065 ], [ -78.974276844681484, -2.896449094247953 ], [ -78.97452424029477, -2.89669501080946 ], [ -78.97465159041667, -2.896786828214634 ], [ -78.9748118085475, -2.896853027182247 ], [ -78.975010405923243, -2.896879061014063 ], [ -78.975443910821369, -2.896942133773445 ], [ -78.975986959090562, -2.896895460034716 ], [ -78.976464465549583, -2.896841344975172 ], [ -78.976881481174573, -2.896974006121013 ], [ -78.977242082909086, -2.897073565082495 ], [ -78.978500760484209, -2.897226088302984 ], [ -78.979094653267751, -2.897311417770038 ], [ -78.979294997933408, -2.897366748146688 ], [ -78.980338335949895, -2.897756943495488 ], [ -78.981614727000178, -2.898217264515961 ], [ -78.983346356033536, -2.898861487216081 ], [ -78.984358848928707, -2.899204067828225 ], [ -78.984610188862149, -2.899255781858446 ], [ -78.984761680472985, -2.899325128949595 ], [ -78.985278012711149, -2.899488797008135 ], [ -78.985635640253463, -2.899593954707514 ], [ -78.986213892335343, -2.899779884605667 ], [ -78.986623379954992, -2.899951408313143 ], [ -78.987125675344799, -2.900171378852966 ], [ -78.987377373960143, -2.900224087697957 ], [ -78.98745336087508, -2.900224223378534 ], [ -78.987583366878965, -2.90018828983089 ], [ -78.988136252778162, -2.900022462604253 ], [ -78.989103269717759, -2.899690559500935 ], [ -78.990064243741031, -2.899368770801526 ], [ -78.990612275870561, -2.899150673679256 ], [ -78.990328505834952, -2.898569436678279 ], [ -78.990204909795807, -2.898336037876274 ], [ -78.989999899616492, -2.897865427681546 ], [ -78.989975084450094, -2.897760954930361 ], [ -78.989919664533545, -2.897469450852325 ], [ -78.989901469475527, -2.897027292447901 ], [ -78.989873862580069, -2.89626161487777 ], [ -78.989851105856189, -2.895550104131911 ], [ -78.990275921237469, -2.895494622739328 ], [ -78.991184567939285, -2.895369659748938 ], [ -78.992049234514269, -2.895248595907428 ], [ -78.992343811975502, -2.894798946198457 ], [ -78.992437949957122, -2.894704630453203 ], [ -78.99276523265921, -2.894423932796458 ], [ -78.993626961205663, -2.893671858942581 ], [ -78.994544786232183, -2.892877659579988 ], [ -78.995187414495362, -2.892302045092173 ], [ -78.995243495952693, -2.892217787733333 ], [ -78.995326609235207, -2.891948861240051 ], [ -78.995074759446879, -2.891879789872332 ], [ -78.993708897581541, -2.89151308631055 ], [ -78.992330007757545, -2.891141114534936 ], [ -78.991124316980631, -2.890819538971708 ], [ -78.990839611443079, -2.890718763610549 ], [ -78.990619306114098, -2.890610146179545 ], [ -78.990378046665469, -2.890451311536191 ], [ -78.989853718695855, -2.89002805441954 ], [ -78.988903463549406, -2.889271496542329 ], [ -78.987879763139503, -2.888451427793723 ], [ -78.986793110989652, -2.88758377975527 ], [ -78.98609970020847, -2.887022973442709 ], [ -78.985222770416868, -2.886350902638577 ], [ -78.984193874375933, -2.885522958943786 ], [ -78.983387760671462, -2.884877505567486 ], [ -78.982668109981503, -2.884308696337522 ], [ -78.982454385796601, -2.884192134005343 ], [ -78.982215625446315, -2.884096774360501 ], [ -78.982050316122184, -2.884062122774121 ], [ -78.981824550029955, -2.884043276368383 ], [ -78.98140977519499, -2.884068938601787 ], [ -78.981127448848312, -2.884100080600891 ], [ -78.980857406387187, -2.883896349274201 ], [ -78.980561233379646, -2.883671504981094 ], [ -78.980322510989581, -2.883554897948299 ], [ -78.980099427465092, -2.883493832829137 ], [ -78.979935444082145, -2.883472383814103 ], [ -78.97967554160175, -2.883485121075898 ], [ -78.979268479076197, -2.883574176410132 ], [ -78.978882350278226, -2.883673756868256 ], [ -78.978681536933081, -2.883681355217587 ], [ -78.978500477473034, -2.883654631551186 ], [ -78.978285335624122, -2.883577667482339 ], [ -78.97799676672831, -2.883426704460567 ], [ -78.977803453994767, -2.882903768701088 ], [ -78.9776734357322, -2.882514984140188 ] ] ] ] } },
{ "type": "Feature", "properties": { "DESCRIP": "CaÃ±aribamba", "CODIGO": "10", "AREA": 1136079.07, "SHAPE_LENG": 4704.5802505900001, "SHAPE_AREA": 1136079.0644400001 }, "geometry": { "type": "MultiPolygon", "coordinates": [ [ [ [ -78.995751613705451, -2.91033769036637 ], [ -78.996006974204363, -2.908928762712284 ], [ -78.996160120341173, -2.908010513454824 ], [ -78.99631536328296, -2.907177709573412 ], [ -78.996435566256253, -2.906377754020697 ], [ -78.996502961636168, -2.905895511837087 ], [ -78.996284797667869, -2.905947744598877 ], [ -78.995425279897631, -2.906202719529501 ], [ -78.995070275979856, -2.90532081584464 ], [ -78.994700028497533, -2.904465105483128 ], [ -78.994244811452148, -2.903552373250044 ], [ -78.994083237077717, -2.903692318328258 ], [ -78.993511847628611, -2.903130097271905 ], [ -78.992886095198514, -2.902493187493684 ], [ -78.992744700623888, -2.902306591297641 ], [ -78.992493457225436, -2.901994846576857 ], [ -78.992078011038103, -2.901375942678873 ], [ -78.991559308335013, -2.900616441352941 ], [ -78.991118941046352, -2.899953552001637 ], [ -78.99078534738625, -2.899323854346479 ], [ -78.990713662197734, -2.89917897321759 ], [ -78.990612275870561, -2.899150673679256 ], [ -78.990064243741031, -2.899368770801526 ], [ -78.989103269717759, -2.899690559500935 ], [ -78.988136252778162, -2.900022462604253 ], [ -78.987583366878965, -2.90018828983089 ], [ -78.98745336087508, -2.900224223378534 ], [ -78.987377373960143, -2.900224087697957 ], [ -78.987125675344799, -2.900171378852966 ], [ -78.986623379954992, -2.899951408313143 ], [ -78.986213892335343, -2.899779884605667 ], [ -78.985635640253463, -2.899593954707514 ], [ -78.985278012711149, -2.899488797008135 ], [ -78.984761680472985, -2.899325128949595 ], [ -78.984610188862149, -2.899255781858446 ], [ -78.984712568632858, -2.900095006964032 ], [ -78.98469773497645, -2.900245248542121 ], [ -78.98464715886459, -2.90102922845138 ], [ -78.984537455522741, -2.902245462297785 ], [ -78.984457074326286, -2.903406686311296 ], [ -78.984416448465339, -2.903699735765503 ], [ -78.984187050990784, -2.904611692550646 ], [ -78.98392468608526, -2.905655413507479 ], [ -78.983726850519574, -2.906263273647741 ], [ -78.983503742199446, -2.906720820309262 ], [ -78.983678374641244, -2.906875017966996 ], [ -78.983869256545645, -2.907095246956877 ], [ -78.984531164739565, -2.907876796755552 ], [ -78.984932546321886, -2.908614028904593 ], [ -78.985050105660818, -2.908447335383831 ], [ -78.985884002758695, -2.908237803586304 ], [ -78.986256055587546, -2.908069667080362 ], [ -78.98673583781833, -2.908004252923889 ], [ -78.987286988762449, -2.908312738406019 ], [ -78.987802282843816, -2.908506514448733 ], [ -78.988126138490756, -2.90848901136834 ], [ -78.989277233277079, -2.908569460428138 ], [ -78.990134640890545, -2.908643325489693 ], [ -78.990820828088118, -2.908819413753354 ], [ -78.991222415886028, -2.908934686654668 ], [ -78.991719620217168, -2.909188735623306 ], [ -78.992234644188315, -2.909587569859684 ], [ -78.992719665130551, -2.909968267608241 ], [ -78.993271156531492, -2.910035617126842 ], [ -78.994113869404345, -2.909928534376438 ], [ -78.994407627309073, -2.909947141772327 ], [ -78.994934996641874, -2.910129002730555 ], [ -78.995510244013701, -2.910341057062738 ], [ -78.995751604632986, -2.910337735557497 ], [ -78.995751613705451, -2.91033769036637 ] ] ] ] } },
{ "type": "Feature", "properties": { "DESCRIP": "Huaynacapac", "CODIGO": "04", "AREA": 4006014.91, "SHAPE_LENG": 11170.7429847, "SHAPE_AREA": 4006014.8938099998 }, "geometry": { "type": "MultiPolygon", "coordinates": [ [ [ [ -78.985284177968879, -2.914514437246079 ], [ -78.98528417800101, -2.914514419163344 ], [ -78.986039451894669, -2.915335668456764 ], [ -78.986615114398404, -2.915970505106022 ], [ -78.986991289903969, -2.916318370870617 ], [ -78.987372494173684, -2.916619772828359 ], [ -78.987829581550031, -2.916879268455811 ], [ -78.988361855357169, -2.917134739959359 ], [ -78.988828784819304, -2.917270747319622 ], [ -78.989459263301555, -2.917422870526744 ], [ -78.990320471839738, -2.917638878208393 ], [ -78.990794541460048, -2.917755187538151 ], [ -78.991103788361954, -2.91786378722249 ], [ -78.991392489689702, -2.917996219417789 ], [ -78.991643051175487, -2.918134731386369 ], [ -78.991920411940058, -2.918323471370662 ], [ -78.991949582766381, -2.918608329004795 ], [ -78.991949416315563, -2.918702178846964 ], [ -78.991776398576519, -2.919055660117532 ], [ -78.991761978430915, -2.919124258774919 ], [ -78.991763645765374, -2.919198220729888 ], [ -78.991797536129866, -2.919306507524566 ], [ -78.991831458415604, -2.919396801916962 ], [ -78.991878005628024, -2.919467318202755 ], [ -78.99194070459744, -2.919557664208988 ], [ -78.991960418146192, -2.919597391481727 ], [ -78.991962123811618, -2.919649744474153 ], [ -78.991942285462343, -2.919680359373761 ], [ -78.991906391702784, -2.919687528149538 ], [ -78.991787816409129, -2.919716248078803 ], [ -78.991563364966524, -2.919762770528983 ], [ -78.991489763026181, -2.919786055815035 ], [ -78.991389160486207, -2.919821950664386 ], [ -78.99129938113326, -2.91983987246207 ], [ -78.991250913630552, -2.919837977215757 ], [ -78.991168283458748, -2.919830595809997 ], [ -78.991028314952885, -2.919803310772546 ], [ -78.990879437424468, -2.919779535894081 ], [ -78.990823775771076, -2.919777627721645 ], [ -78.99076810448895, -2.919781144388854 ], [ -78.990735801406586, -2.919791936136443 ], [ -78.99070518141589, -2.919817106780575 ], [ -78.990690805959758, -2.919860479855851 ], [ -78.990696131114134, -2.919900181300453 ], [ -78.990787426953347, -2.920041120255709 ], [ -78.990855524791513, -2.92012957727252 ], [ -78.991066963500671, -2.92032127347623 ], [ -78.991147682957362, -2.920391851113141 ], [ -78.991165536885987, -2.920415300470187 ], [ -78.991190645861067, -2.920455127844673 ], [ -78.991219188479263, -2.920536371154371 ], [ -78.991253139569935, -2.920610391024353 ], [ -78.99129609606139, -2.920677284324118 ], [ -78.991339168166832, -2.920729711536088 ], [ -78.991382147138154, -2.920783946869166 ], [ -78.991412555567749, -2.920827309920269 ], [ -78.991437642242204, -2.920879704857591 ], [ -78.991582471371231, -2.921208440173604 ], [ -78.991691444888176, -2.921472193651447 ], [ -78.991716505888107, -2.921539054854934 ], [ -78.991748578352954, -2.921658188154785 ], [ -78.991744949153855, -2.921676264516395 ], [ -78.992516391105411, -2.922259917763016 ], [ -78.992582210602606, -2.922314827017904 ], [ -78.992632399916005, -2.92236003388126 ], [ -78.992739863559848, -2.922461310055082 ], [ -78.992829476448549, -2.92253732857171 ], [ -78.992938815925598, -2.922645750857106 ], [ -78.993247078847673, -2.922954978928022 ], [ -78.993311537799443, -2.923016486006317 ], [ -78.993367174180804, -2.923032770022731 ], [ -78.99343901340022, -2.923040132076362 ], [ -78.993539446355953, -2.923049353716377 ], [ -78.993591501536287, -2.923056680266519 ], [ -78.993697381731337, -2.923087520728601 ], [ -78.993727851108929, -2.923096616838789 ], [ -78.993774517066257, -2.923100317135047 ], [ -78.993844567387114, -2.923102251088663 ], [ -78.993882250223834, -2.923100510396536 ], [ -78.993945125601215, -2.92309158173354 ], [ -78.994016913430542, -2.92307724418261 ], [ -78.994090592787188, -2.923061192142922 ], [ -78.99413366165372, -2.923064885972103 ], [ -78.994162335860864, -2.923072080147911 ], [ -78.994192888761205, -2.923084792977961 ], [ -78.994216138282113, -2.923108342450243 ], [ -78.994243055742871, -2.923142657828462 ], [ -78.994269899319519, -2.923167931623083 ], [ -78.994305751533247, -2.923184270537891 ], [ -78.994313012951395, -2.923146399878393 ], [ -78.994305895586976, -2.923103078559667 ], [ -78.994338266292431, -2.923104944905298 ], [ -78.994402824642378, -2.923110485556147 ], [ -78.99443510542261, -2.923112351737954 ], [ -78.994501526752273, -2.923132271634669 ], [ -78.994573327540166, -2.923161333043561 ], [ -78.994616399632491, -2.923163218572924 ], [ -78.994673767000691, -2.923166938025489 ], [ -78.994713235738416, -2.923172343256983 ], [ -78.994738402626211, -2.923179621547826 ], [ -78.994779650671902, -2.923195879713228 ], [ -78.994811909009485, -2.923210403882351 ], [ -78.994829900939422, -2.92320681956128 ], [ -78.994885582146225, -2.923197877944667 ], [ -78.994932273803471, -2.923187111915797 ], [ -78.994953766494874, -2.923187150451033 ], [ -78.994973544147911, -2.923190802493106 ], [ -78.995000413251248, -2.923201700413641 ], [ -78.995020174868955, -2.923214393882093 ], [ -78.99506504873473, -2.923214474335265 ], [ -78.995118912153742, -2.923216379194429 ], [ -78.995140408055235, -2.923214609440952 ], [ -78.99516018250452, -2.923220069766007 ], [ -78.995183448255716, -2.923234487391907 ], [ -78.995206826223892, -2.923236337594095 ], [ -78.995226622962932, -2.923229230333433 ], [ -78.995264305833857, -2.923227489596163 ], [ -78.995312770397405, -2.923231193059641 ], [ -78.995364816193572, -2.923243853983942 ], [ -78.9954114501421, -2.923265637077947 ], [ -78.995459879599494, -2.923289141266805 ], [ -78.995497552857771, -2.92329282538054 ], [ -78.995528041527137, -2.923291071739816 ], [ -78.995580116032684, -2.923287548497922 ], [ -78.995664480809481, -2.923280556960512 ], [ -78.995730943739147, -2.923277059500044 ], [ -78.995736390695598, -2.923248136591758 ], [ -78.995741837490982, -2.92321930409756 ], [ -78.995745485893451, -2.923190377965386 ], [ -78.995747329170385, -2.923165155596392 ], [ -78.995750916337627, -2.923120045141299 ], [ -78.995738605229036, -2.923013514682536 ], [ -78.995740503002438, -2.922957551448056 ], [ -78.995746013746256, -2.922892643642903 ], [ -78.995751373971871, -2.922861912285437 ], [ -78.995765797489682, -2.922842137335549 ], [ -78.995819753716191, -2.922791692261441 ], [ -78.995888104764092, -2.922737656390262 ], [ -78.995968942921678, -2.922690876052612 ], [ -78.996019269979769, -2.922658507377687 ], [ -78.996028291584693, -2.92264224891088 ], [ -78.996037251946191, -2.922609806118205 ], [ -78.996023030217799, -2.922566472038563 ], [ -78.99601408553302, -2.922539331629408 ], [ -78.996003338931416, -2.922514086699028 ], [ -78.99598719683533, -2.922488741687803 ], [ -78.995989081758609, -2.922440011589199 ], [ -78.996001770808263, -2.922384067677236 ], [ -78.996003668386265, -2.922328194846259 ], [ -78.996012757123026, -2.922274052775216 ], [ -78.996032688437126, -2.922190997450082 ], [ -78.996045296999242, -2.922129718927497 ], [ -78.996090148579981, -2.922142366901662 ], [ -78.996167399399411, -2.922140787399054 ], [ -78.996206798887343, -2.922134528947458 ], [ -78.996290841272611, -2.922157192721151 ], [ -78.996699732270301, -2.922315698581426 ], [ -78.996878928123621, -2.922383649644708 ], [ -78.996934962963408, -2.922378144276987 ], [ -78.996991017824399, -2.922361337108529 ], [ -78.99701912521266, -2.9223331780609 ], [ -78.99713714987071, -2.922158708232944 ], [ -78.997159641610324, -2.922102420157292 ], [ -78.997154225746527, -2.922012267028761 ], [ -78.997103916151119, -2.921933244950651 ], [ -78.996986350492705, -2.921848587173621 ], [ -78.996902318164942, -2.921820227352618 ], [ -78.9967287377589, -2.921729773158812 ], [ -78.99661117232651, -2.921645024961776 ], [ -78.99666156033328, -2.921578208339925 ], [ -78.997612570461612, -2.921869961012776 ], [ -78.998513154389528, -2.922149055345222 ], [ -78.999513239823571, -2.922456265384272 ], [ -78.999882689157161, -2.922543905113207 ], [ -79.000489733402759, -2.922628895414173 ], [ -79.000837950506863, -2.922620205114744 ], [ -79.001174569281233, -2.922559324580642 ], [ -79.001208789992688, -2.923244278592818 ], [ -79.001181007438987, -2.923495582347985 ], [ -79.001063178113625, -2.923864716541041 ], [ -79.001246866685904, -2.92383358055435 ], [ -79.001286034376818, -2.923755080023843 ], [ -79.001321446275284, -2.923613734416069 ], [ -79.001345007805327, -2.923562692110345 ], [ -79.0014426834841, -2.923555000598796 ], [ -79.001669156032278, -2.923637954187477 ], [ -79.001942585126116, -2.923713035151104 ], [ -79.002067404453712, -2.923815427084616 ], [ -79.002169127326667, -2.923756658306127 ], [ -79.002177138530712, -2.923650615882853 ], [ -79.002200755852925, -2.923517115195708 ], [ -79.002333364275145, -2.923639141064179 ], [ -79.002489527359117, -2.92371401240449 ], [ -79.002739381260611, -2.923848001672624 ], [ -79.003079080279264, -2.923978263560671 ], [ -79.003282206754477, -2.924041464789079 ], [ -79.003310354909942, -2.923888442443819 ], [ -79.003469426164941, -2.922876982408094 ], [ -79.00374877397384, -2.922452259113704 ], [ -79.00371604905925, -2.922396233803226 ], [ -79.003647605470405, -2.922197108164971 ], [ -79.003611910825654, -2.921989451550129 ], [ -79.003576233565155, -2.921771939735049 ], [ -79.003546899991747, -2.92167966406272 ], [ -79.00350768288051, -2.92163348242173 ], [ -79.003432404675593, -2.921587236435637 ], [ -79.003343973860922, -2.921554077156674 ], [ -79.003298776603046, -2.921482387811305 ], [ -79.003836776520004, -2.921148631203149 ], [ -79.004220086772222, -2.920924181346109 ], [ -79.004529152013831, -2.920781424538688 ], [ -79.004653419968491, -2.920737704354567 ], [ -79.004822111997797, -2.920694244170815 ], [ -79.00499878481854, -2.920663727538555 ], [ -79.005262298392211, -2.920650182852327 ], [ -79.005462375175654, -2.920657863030658 ], [ -79.005729013665899, -2.920657162749644 ], [ -79.005834308471805, -2.920816571445909 ], [ -79.00585566149654, -2.920895903585333 ], [ -79.005900965013467, -2.920958461181533 ], [ -79.005960622229665, -2.920989760707673 ], [ -79.006084698399889, -2.9210548998658 ], [ -79.00622313773998, -2.92113444062263 ], [ -79.006235064226914, -2.921153720303861 ], [ -79.006359086480799, -2.921300504270859 ], [ -79.006418697207934, -2.921358204945681 ], [ -79.006585713574438, -2.921500273513129 ], [ -79.0066596914684, -2.9215701154226 ], [ -79.006814684046475, -2.921748147829886 ], [ -79.006931533373034, -2.921882893825906 ], [ -79.007023521702251, -2.921989747652866 ], [ -79.007151246765787, -2.921974604587096 ], [ -79.00741897875649, -2.92191504574041 ], [ -79.007538462621142, -2.921881624062937 ], [ -79.007722536100005, -2.921836292154584 ], [ -79.008016548485543, -2.921764664270245 ], [ -79.008186314795608, -2.921724189212553 ], [ -79.008580742000376, -2.921621546608505 ], [ -79.008819820854868, -2.921542677857274 ], [ -79.008927459514638, -2.921494858859904 ], [ -79.009023129442454, -2.921451720147346 ], [ -79.009247977326567, -2.921334399416716 ], [ -79.009515861628813, -2.921188312659063 ], [ -79.009884228268106, -2.920972784636483 ], [ -79.010051617395334, -2.920903372015532 ], [ -79.010171118102932, -2.920860365926924 ], [ -79.010456657823411, -2.920799752734993 ], [ -79.011043850878224, -2.920618066771326 ], [ -79.011240350203565, -2.920563804994381 ], [ -79.01129279796568, -2.920450426781486 ], [ -79.011313764771657, -2.920391603568342 ], [ -79.011364550122323, -2.920047210882534 ], [ -79.01265137020907, -2.920284757194111 ], [ -79.012701719957604, -2.920188192373631 ], [ -79.012906966367495, -2.91991541134847 ], [ -79.013003328320053, -2.919785383980337 ], [ -79.013016012803547, -2.919680343618835 ], [ -79.012991062968993, -2.919600462409043 ], [ -79.012819919282705, -2.919503504465943 ], [ -79.012596704326526, -2.919305640782075 ], [ -79.01243384160064, -2.919204448000088 ], [ -79.01224586805526, -2.919166320670489 ], [ -79.01199496238263, -2.919220486240182 ], [ -79.011718997606138, -2.919308241802972 ], [ -79.011560118031298, -2.919345753356637 ], [ -79.011409734572979, -2.919307692639429 ], [ -79.011163454145233, -2.919135013817325 ], [ -79.010984183750125, -2.918903593552228 ], [ -79.010665167330572, -2.918465958768428 ], [ -79.010306442344913, -2.918108180755519 ], [ -79.010110082448335, -2.918032244709752 ], [ -79.009750885264694, -2.917943361223507 ], [ -79.009504229028053, -2.917984875737937 ], [ -79.009362113283117, -2.918001440480257 ], [ -79.009286946889162, -2.917942536936933 ], [ -79.009247635928944, -2.917744909545585 ], [ -79.009231093845145, -2.917639907933173 ], [ -79.009302233051812, -2.917585333041918 ], [ -79.009377405330596, -2.917589716119156 ], [ -79.009486039535076, -2.91764036088879 ], [ -79.009665538406253, -2.917741492905425 ], [ -79.009807595033749, -2.917758562515369 ], [ -79.0101544547055, -2.917754929080641 ], [ -79.010246569059859, -2.917687914029661 ], [ -79.010275935910528, -2.917608129378658 ], [ -79.010297095770937, -2.917490536509956 ], [ -79.010318136308967, -2.91738967027634 ], [ -79.010272625905387, -2.917137511311044 ], [ -79.010164515717761, -2.916788496733592 ], [ -79.010000508924236, -2.916212621148202 ], [ -79.009925659925855, -2.915972977905338 ], [ -79.009762572480554, -2.915334446214445 ], [ -79.009487244925424, -2.914343005076213 ], [ -79.00937868799015, -2.913941096976919 ], [ -79.009118099097421, -2.912955016838217 ], [ -79.00879904575649, -2.911821637073354 ], [ -79.008543753043369, -2.910840901343434 ], [ -79.008261840954333, -2.90980930524721 ], [ -79.008003774930998, -2.908871512343703 ], [ -79.007714028995153, -2.907794333569914 ], [ -79.007424169421526, -2.906730626754823 ], [ -79.007147709020515, -2.905666853540763 ], [ -79.00688177068109, -2.904654003011353 ], [ -79.006629197606543, -2.903609078988723 ], [ -79.006365726936849, -2.902727516212896 ], [ -79.006133447037641, -2.901858974391396 ], [ -79.005844673342636, -2.901967286956725 ], [ -79.004806605566444, -2.902351250167094 ], [ -79.003603131503937, -2.903060503357136 ], [ -79.003068915661842, -2.903397165828665 ], [ -79.002546411046964, -2.903824354020841 ], [ -79.001411866389873, -2.904557775494033 ], [ -79.001027467090211, -2.904894702112818 ], [ -79.000850009541253, -2.905219970950977 ], [ -79.000495496827511, -2.905641397721653 ], [ -78.999936813026778, -2.906237233105681 ], [ -78.999011893592993, -2.907067585109453 ], [ -78.998714371801071, -2.907501137024496 ], [ -78.998113095580919, -2.908434503046923 ], [ -78.997824741256423, -2.908717349199336 ], [ -78.996578443791606, -2.909890790073072 ], [ -78.996248119111726, -2.910209726292909 ], [ -78.995900059563482, -2.910335685830714 ], [ -78.995510306978275, -2.91034104813364 ], [ -78.994935059606433, -2.910128993801486 ], [ -78.99440769027359, -2.909947132843284 ], [ -78.994113932368847, -2.909928525447411 ], [ -78.993271219495981, -2.910035608197872 ], [ -78.992719728095025, -2.909968258679303 ], [ -78.992234707152747, -2.90958756093076 ], [ -78.991719683181557, -2.909188726694396 ], [ -78.991222478850375, -2.908934677725783 ], [ -78.990820891052451, -2.908819404824487 ], [ -78.990134703854864, -2.90864331656088 ], [ -78.989277296241369, -2.908569451499373 ], [ -78.988126201454989, -2.908489002439643 ], [ -78.987802345808049, -2.908506505520058 ], [ -78.987287051726653, -2.908312729477366 ], [ -78.986735900782492, -2.908004243995242 ], [ -78.986256118551694, -2.908069658151747 ], [ -78.985884065722843, -2.908237794657719 ], [ -78.985050168624966, -2.908447326455323 ], [ -78.98493260928602, -2.90861401997608 ], [ -78.985034000379059, -2.908943941707679 ], [ -78.985252342738477, -2.90914586607341 ], [ -78.985496264274431, -2.909274510517015 ], [ -78.985958581595284, -2.90952443006292 ], [ -78.986140303851172, -2.909788584100898 ], [ -78.986149365837335, -2.909850895649883 ], [ -78.986235968239114, -2.910305381691294 ], [ -78.986421104634346, -2.910723426730421 ], [ -78.986562889007345, -2.910892212823189 ], [ -78.986821235143509, -2.911152797404795 ], [ -78.987045025738468, -2.911325437521681 ], [ -78.987631379601467, -2.911509667639472 ], [ -78.988079311319311, -2.911708296632911 ], [ -78.98743426207264, -2.912725746339115 ], [ -78.98726660699586, -2.912743709337571 ], [ -78.986869454449703, -2.912713702838437 ], [ -78.986683518233491, -2.912746370452681 ], [ -78.986464725456699, -2.912848507521305 ], [ -78.986172735525045, -2.913100871786931 ], [ -78.985647013745904, -2.913664111888691 ], [ -78.985460569774673, -2.913982577037287 ], [ -78.985284177968879, -2.914514437246079 ] ] ] ] } },
{ "type": "Feature", "properties": { "DESCRIP": "Sucre", "CODIGO": "09", "AREA": 2612525.98, "SHAPE_LENG": 7483.0816600199996, "SHAPE_AREA": 2612525.9693900002 }, "geometry": { "type": "MultiPolygon", "coordinates": [ [ [ [ -79.006133429178973, -2.901858902027631 ], [ -79.00636571800753, -2.902727480030997 ], [ -79.006629188677209, -2.903609042806817 ], [ -79.006881761751771, -2.904653966829455 ], [ -79.007147700091195, -2.905666817358838 ], [ -79.007424160492235, -2.906730590572906 ], [ -79.007714020065848, -2.907794297387989 ], [ -79.008003766001693, -2.908871476161769 ], [ -79.008261832025042, -2.909809269065268 ], [ -79.008543744114064, -2.910840865161465 ], [ -79.008799036827213, -2.911821600891378 ], [ -79.009118090168144, -2.912954980656248 ], [ -79.009378679060873, -2.913941060794941 ], [ -79.009487235996147, -2.914342968894215 ], [ -79.009762563551277, -2.915334410032438 ], [ -79.010236963752121, -2.915163824338841 ], [ -79.010678006077214, -2.915041370597961 ], [ -79.010957954713518, -2.914937437327267 ], [ -79.011085991169267, -2.914795712142273 ], [ -79.011227642841405, -2.914530865202297 ], [ -79.011289208458564, -2.914397069057897 ], [ -79.011342671197411, -2.914268593047356 ], [ -79.011381522623395, -2.914113328143899 ], [ -79.011464584165751, -2.913875140189473 ], [ -79.011552748902488, -2.913701156240571 ], [ -79.011929001381986, -2.913345676352787 ], [ -79.012051680083601, -2.913233416810392 ], [ -79.012431556102641, -2.913067996402203 ], [ -79.012759398217582, -2.912985575539811 ], [ -79.013100516101332, -2.912870990110574 ], [ -79.013257878622113, -2.912774885695526 ], [ -79.013348632836838, -2.912662569364702 ], [ -79.013614226775573, -2.912333565023942 ], [ -79.013675735559289, -2.912231956320957 ], [ -79.013769430388209, -2.911929501080261 ], [ -79.013833154407507, -2.911281424313461 ], [ -79.013865421624828, -2.911136906823371 ], [ -79.0138949536599, -2.911013722573982 ], [ -79.013959093747161, -2.910898646513153 ], [ -79.014129740889956, -2.910765042741488 ], [ -79.014267148399981, -2.910663568113554 ], [ -79.014389775024426, -2.910580783358767 ], [ -79.014693502937305, -2.910557179298213 ], [ -79.015151693775607, -2.910552654585767 ], [ -79.015587232435834, -2.910542664719033 ], [ -79.015922945549065, -2.910484397173192 ], [ -79.016221625281517, -2.910313496496135 ], [ -79.01653363188737, -2.910081046076041 ], [ -79.01684718491579, -2.909786934649612 ], [ -79.017263245917292, -2.909498428869354 ], [ -79.017535198017285, -2.90933823984132 ], [ -79.017673705336762, -2.9093278151407 ], [ -79.017989455668328, -2.909320325139069 ], [ -79.01834618743014, -2.909430719188255 ], [ -79.01873495111019, -2.909479596441481 ], [ -79.018908170671281, -2.909469232802289 ], [ -79.019025421357611, -2.909426582397573 ], [ -79.019330886155231, -2.909180737545701 ], [ -79.019709790224354, -2.908798403454163 ], [ -79.020035069334611, -2.908638307426234 ], [ -79.020521699725492, -2.908363305459118 ], [ -79.021036128397569, -2.908133831309297 ], [ -79.02157461089817, -2.907931252676007 ], [ -79.02196523192876, -2.90768826877848 ], [ -79.022357123986993, -2.907541670409167 ], [ -79.022831428751829, -2.907424601990932 ], [ -79.023224416715522, -2.907371766633164 ], [ -79.023696281225497, -2.907158309826619 ], [ -79.024058786966435, -2.907051803719928 ], [ -79.024574429051469, -2.906900087113726 ], [ -79.024803705051468, -2.906820109821537 ], [ -79.025456749285553, -2.906569537762119 ], [ -79.026123019127709, -2.906367180216341 ], [ -79.026447486600361, -2.906311691469916 ], [ -79.026447853814673, -2.906100117954295 ], [ -79.026461441995195, -2.9059394720136 ], [ -79.026435000008831, -2.905837616862601 ], [ -79.026395149346541, -2.905741163169798 ], [ -79.026215843672546, -2.905475657605411 ], [ -79.02603239355112, -2.905266474144497 ], [ -79.025870172753955, -2.905105519819001 ], [ -79.0256280683234, -2.9049604290276 ], [ -79.025100967137206, -2.904772071246289 ], [ -79.024338248013308, -2.90448411318636 ], [ -79.024223849018256, -2.904438433025808 ], [ -79.024237297897173, -2.904358076641528 ], [ -79.024335956305251, -2.904302010946237 ], [ -79.02473317000333, -2.904093756209043 ], [ -79.024736109532753, -2.903954520392036 ], [ -79.024371717623595, -2.903645923367763 ], [ -79.023181348885458, -2.902658207568833 ], [ -79.022243690715172, -2.90192274437709 ], [ -79.021804783201901, -2.901595210066115 ], [ -79.020888331245388, -2.900870543675182 ], [ -79.020795616430902, -2.90055971143898 ], [ -79.02042853574963, -2.899522537840227 ], [ -79.020040191978225, -2.898405037854305 ], [ -79.019895793904226, -2.897976303107531 ], [ -79.019718391046609, -2.897341271691508 ], [ -79.019489714080535, -2.896352624058087 ], [ -79.019261088109587, -2.895334501131003 ], [ -79.019085229301865, -2.89458690499805 ], [ -79.019037800256811, -2.894297581272847 ], [ -79.019000429678229, -2.893601222729658 ], [ -79.018998216122313, -2.892959084980053 ], [ -79.018380056978714, -2.89327156338655 ], [ -79.018025616644366, -2.893656746190762 ], [ -79.017742824069103, -2.894210951262524 ], [ -79.017040222661009, -2.894782411721814 ], [ -79.016310973509519, -2.895215217056312 ], [ -79.015668603426192, -2.895642206807443 ], [ -79.014869792554549, -2.896412500360951 ], [ -79.014521641973744, -2.896592719289866 ], [ -79.013837890021648, -2.896718098038201 ], [ -79.013291711917205, -2.897006556981937 ], [ -79.013102509203776, -2.897211195993396 ], [ -79.012531553550758, -2.897939663167317 ], [ -79.0116911432807, -2.898480765636656 ], [ -79.010179392562208, -2.898888133432382 ], [ -79.009876120315113, -2.899116620490426 ], [ -79.008993428726967, -2.899820482890094 ], [ -79.008110757405817, -2.900512228217723 ], [ -79.007666068935706, -2.901078165223091 ], [ -79.006906694918882, -2.901559097225235 ], [ -79.006516678975373, -2.901715187184752 ], [ -79.006133438108307, -2.901858938209505 ], [ -79.006133429178973, -2.901858902027631 ] ] ] ] } },
{ "type": "Feature", "properties": { "DESCRIP": "Yanuncay", "CODIGO": "13", "AREA": 11339674.22, "SHAPE_LENG": 19514.4839545, "SHAPE_AREA": 11339674.2228 }, "geometry": { "type": "MultiPolygon", "coordinates": [ [ [ [ -79.010463021715793, -2.920806599452614 ], [ -79.010456648894191, -2.92079971655295 ], [ -79.011377055598757, -2.920960031436227 ], [ -79.011370355607994, -2.920985787937486 ], [ -79.011360154928838, -2.92100783118412 ], [ -79.011366899552115, -2.921007843168829 ], [ -79.011425958454637, -2.921021600845577 ], [ -79.011447733476956, -2.921065762284011 ], [ -79.011489796541852, -2.921130303252844 ], [ -79.011525192543814, -2.921150709627658 ], [ -79.011570681499535, -2.921159199093587 ], [ -79.01159762424156, -2.921179590447538 ], [ -79.011624546006544, -2.92121191660687 ], [ -79.011680137115746, -2.921254420239836 ], [ -79.011722259954681, -2.921284965099399 ], [ -79.011828477719831, -2.921329276576492 ], [ -79.011857051101899, -2.921342889665744 ], [ -79.012039046395287, -2.921456774864514 ], [ -79.012224440433201, -2.921530069533773 ], [ -79.012416606154233, -2.921588005579558 ], [ -79.012500842230395, -2.921603435431378 ], [ -79.012542985931816, -2.921622135887304 ], [ -79.012605459179667, -2.921637617493129 ], [ -79.012775738993199, -2.921663326696998 ], [ -79.012812759645911, -2.921680390568731 ], [ -79.012871824842819, -2.921690622010065 ], [ -79.012935815139713, -2.921712797047747 ], [ -79.013050423750997, -2.921792747097884 ], [ -79.013144711723555, -2.9218708527497 ], [ -79.01319355530272, -2.921915062281047 ], [ -79.013247408196648, -2.921974470523001 ], [ -79.013284393135862, -2.922011877829465 ], [ -79.013309726128611, -2.922027203046612 ], [ -79.013527063189201, -2.922090246969239 ], [ -79.013555693845646, -2.922122485753069 ], [ -79.013676942348468, -2.922210946652302 ], [ -79.013764593490336, -2.922278913974067 ], [ -79.01388916954879, -2.922367290365542 ], [ -79.014022288845709, -2.922455681924269 ], [ -79.014236206332768, -2.922571341609143 ], [ -79.01430870122023, -2.922615593129885 ], [ -79.014372679732432, -2.922644549290885 ], [ -79.014430012583205, -2.922668339962441 ], [ -79.014495717532057, -2.922687172634788 ], [ -79.014593419451302, -2.922716098237532 ], [ -79.014684487301579, -2.922733258026387 ], [ -79.014836248258476, -2.922755498394887 ], [ -79.014907001144692, -2.922767558836718 ], [ -79.014942430014855, -2.922769339613648 ], [ -79.014988017965877, -2.922772765901255 ], [ -79.015111121402498, -2.922778047650182 ], [ -79.015165075581493, -2.92277986129626 ], [ -79.015266239295357, -2.922783476612522 ], [ -79.015438281887782, -2.922778628197333 ], [ -79.015633882638127, -2.922775629865077 ], [ -79.01581259173156, -2.922764102455905 ], [ -79.015923944402388, -2.922752365117965 ], [ -79.016247738356981, -2.922724096834629 ], [ -79.016451921124428, -2.92269905213231 ], [ -79.016640819036724, -2.922672262383966 ], [ -79.016733547456738, -2.922665645626214 ], [ -79.016767276601229, -2.922662360048913 ], [ -79.016792627624383, -2.922667468280769 ], [ -79.01683641990806, -2.922669263826414 ], [ -79.016900530221903, -2.92267444077733 ], [ -79.016969682416274, -2.922676281280531 ], [ -79.017011862013575, -2.922674638161384 ], [ -79.017070890954471, -2.922654399262928 ], [ -79.017099610891989, -2.922635824528714 ], [ -79.017121615982148, -2.922600239723908 ], [ -79.017138524940691, -2.922547647718109 ], [ -79.017140349491612, -2.922481557021008 ], [ -79.017143706663262, -2.922464564806383 ], [ -79.017140548632213, -2.922367995160542 ], [ -79.017123829432393, -2.92226109407897 ], [ -79.017076857680266, -2.922123669261343 ], [ -79.017058460148618, -2.922050761540178 ], [ -79.01702090340109, -2.921826463863716 ], [ -79.01713876044056, -2.921849186271285 ], [ -79.017940929820355, -2.92195024587974 ], [ -79.018492317059426, -2.921983139385321 ], [ -79.018822508798351, -2.921999004434918 ], [ -79.019906010887141, -2.921978318655801 ], [ -79.020514962324796, -2.92195480311692 ], [ -79.021230650098644, -2.92193690097416 ], [ -79.021592645218021, -2.921919729207972 ], [ -79.022091635696171, -2.921935078044459 ], [ -79.022382867595098, -2.921963079356555 ], [ -79.022771346155992, -2.922023621430526 ], [ -79.023008129736127, -2.922075215392842 ], [ -79.023479216822807, -2.922208236149293 ], [ -79.024668127374497, -2.922594785729263 ], [ -79.025561583696941, -2.92289970967089 ], [ -79.026335450311961, -2.923144114515154 ], [ -79.027063995715906, -2.92338699242843 ], [ -79.027562826200125, -2.923546914759863 ], [ -79.027834620166729, -2.923634826780295 ], [ -79.02823836092108, -2.923762935494645 ], [ -79.028658002499242, -2.923900746716214 ], [ -79.029372802091629, -2.924136999151525 ], [ -79.029693527591874, -2.924219662592937 ], [ -79.029917990626373, -2.924375484089581 ], [ -79.030021996293925, -2.924503425858734 ], [ -79.030087029589708, -2.924598568186167 ], [ -79.030155281679086, -2.924756013145374 ], [ -79.030242781391223, -2.925015120164925 ], [ -79.030378911517175, -2.925441402593584 ], [ -79.03043408960967, -2.925618444929779 ], [ -79.030622470451917, -2.925992377961617 ], [ -79.03067777006315, -2.926048172005742 ], [ -79.030788432051281, -2.926123774434939 ], [ -79.030860178988817, -2.926133665879941 ], [ -79.030915575735804, -2.926133763519383 ], [ -79.031003691247861, -2.926091332638134 ], [ -79.031046105242737, -2.926058676605516 ], [ -79.031082107185625, -2.925989933074228 ], [ -79.031091983932313, -2.92594727387751 ], [ -79.031098538949919, -2.925901353831442 ], [ -79.031101890697528, -2.925835807752924 ], [ -79.03104671100283, -2.925711206955783 ], [ -79.031011118975371, -2.925596405664565 ], [ -79.030991645582603, -2.925521054384248 ], [ -79.030978714364167, -2.925458734612538 ], [ -79.030991862766726, -2.925396460794512 ], [ -79.03103765549919, -2.925334334909413 ], [ -79.031115924360947, -2.925265665829848 ], [ -79.031138852237916, -2.925216519629934 ], [ -79.031308746670646, -2.925000542560375 ], [ -79.031328290094507, -2.924984121174635 ], [ -79.031374002907938, -2.924967836300087 ], [ -79.0314897792572, -2.92474046175836 ], [ -79.031576674538556, -2.924624067848403 ], [ -79.031599465175333, -2.924653674198145 ], [ -79.031687437841867, -2.924693160322123 ], [ -79.031752484267486, -2.924729260658943 ], [ -79.031830705957361, -2.92473925380553 ], [ -79.031931769803634, -2.924749287167853 ], [ -79.032010014498155, -2.924746079523409 ], [ -79.032202364119968, -2.924700576966264 ], [ -79.032388187475476, -2.924684538689625 ], [ -79.032492443167513, -2.924720798436359 ], [ -79.032531499949442, -2.924756852996824 ], [ -79.032642029575712, -2.924960213687776 ], [ -79.032713617966607, -2.925009526341796 ], [ -79.03278204304786, -2.925016247197649 ], [ -79.03281455059151, -2.925094966880345 ], [ -79.032869633568652, -2.925275264175802 ], [ -79.032905242998993, -2.925380210147625 ], [ -79.032986866512061, -2.925347532587376 ], [ -79.033045574918532, -2.925305049687894 ], [ -79.033127005696628, -2.925331413838854 ], [ -79.033195752355866, -2.925463362304173 ], [ -79.03318804915699, -2.925548973308647 ], [ -79.033203082906084, -2.925591766843388 ], [ -79.033192883705965, -2.925664715123717 ], [ -79.033145183743102, -2.925737597391459 ], [ -79.03311759056821, -2.925780406306866 ], [ -79.033114993645725, -2.925825700472284 ], [ -79.033125004541105, -2.925860890168448 ], [ -79.033122416276953, -2.925901211433909 ], [ -79.033117248720799, -2.925976700231632 ], [ -79.033089607504593, -2.926047086131735 ], [ -79.033084586875233, -2.926089844362771 ], [ -79.033112039600823, -2.926127686849905 ], [ -79.033109460305411, -2.926162854381754 ], [ -79.033121932069264, -2.926230869652649 ], [ -79.033154295982015, -2.926288793283097 ], [ -79.033171797198534, -2.92630898700715 ], [ -79.033226753378102, -2.926407185822662 ], [ -79.033239165921927, -2.92645756974831 ], [ -79.033269005195152, -2.92657091434367 ], [ -79.033276324807176, -2.926653929714004 ], [ -79.033266136580124, -2.926772176750019 ], [ -79.033273611790747, -2.926817488652796 ], [ -79.033273541545711, -2.926857814353911 ], [ -79.033310867045657, -2.92695851380856 ], [ -79.033315833035203, -2.926998757962109 ], [ -79.033320590647406, -2.927106995069486 ], [ -79.033330570662514, -2.927159906384145 ], [ -79.033365400015086, -2.927248033536245 ], [ -79.033387805795527, -2.927343733811454 ], [ -79.033427623029937, -2.927459537248737 ], [ -79.033432566960926, -2.9275124396986 ], [ -79.033445102362862, -2.927492298860325 ], [ -79.033470184020615, -2.927497406363477 ], [ -79.033482657989495, -2.927512527912596 ], [ -79.033507684844722, -2.927497472403805 ], [ -79.033517627699453, -2.927520094078263 ], [ -79.033527682221745, -2.927530238450438 ], [ -79.033555231529078, -2.927512655715969 ], [ -79.033597742133594, -2.927527830158657 ], [ -79.033655297361562, -2.927527931509478 ], [ -79.033697967989326, -2.927502870813499 ], [ -79.033732968417326, -2.927492805776334 ], [ -79.03377065997347, -2.927435005472503 ], [ -79.03379829699854, -2.927367060794241 ], [ -79.033820810060718, -2.927349559597116 ], [ -79.03384339131992, -2.927344536020639 ], [ -79.03392604143886, -2.927342149866538 ], [ -79.033988529593941, -2.927349854880006 ], [ -79.034058688260828, -2.927342383390259 ], [ -79.03410380021819, -2.92730973196349 ], [ -79.034138916711584, -2.927284657940183 ], [ -79.034196480763185, -2.927279695935209 ], [ -79.034241522495762, -2.927287370222743 ], [ -79.034354057939325, -2.927320299153394 ], [ -79.034431637046495, -2.927337976543617 ], [ -79.034459263053847, -2.927327988912778 ], [ -79.034544415774278, -2.927282840009292 ], [ -79.034601992903646, -2.927270373417433 ], [ -79.034642154294048, -2.927240244912 ], [ -79.034674649746549, -2.927222670837645 ], [ -79.034724819658919, -2.927177460346414 ], [ -79.034774993974622, -2.927129718189507 ], [ -79.03483772554064, -2.927049267265983 ], [ -79.034857779946663, -2.927049302552715 ], [ -79.034890312757042, -2.927061927721216 ], [ -79.034907862184411, -2.927054454010562 ], [ -79.034915374538869, -2.927026799707211 ], [ -79.034920454531388, -2.927001582375822 ], [ -79.03489551519165, -2.92696636638583 ], [ -79.034843015639055, -2.926903343968035 ], [ -79.034828045476914, -2.926875650108503 ], [ -79.034838071621223, -2.926850441480756 ], [ -79.034860639658831, -2.926853012856178 ], [ -79.03490057528488, -2.926900913572229 ], [ -79.034920638501845, -2.926895885534285 ], [ -79.034913141344845, -2.926863141485243 ], [ -79.034880812404197, -2.926785054963802 ], [ -79.034860854312214, -2.926729684809062 ], [ -79.035218885444877, -2.926667384592308 ], [ -79.035163121287184, -2.927085011887264 ], [ -79.035145199521409, -2.927306410974658 ], [ -79.035162648234504, -2.927356803803781 ], [ -79.035210098512735, -2.927427412355613 ], [ -79.035262565141849, -2.927457703862903 ], [ -79.035335211218026, -2.927467867935934 ], [ -79.035450365536306, -2.927442934667803 ], [ -79.035545577394998, -2.927405307955035 ], [ -79.035623178294742, -2.927410507802402 ], [ -79.035695681905977, -2.927450870805306 ], [ -79.035763109944313, -2.927513919491263 ], [ -79.035845606925065, -2.927599598880578 ], [ -79.035950520698506, -2.927723111921039 ], [ -79.036070347738175, -2.927907049619239 ], [ -79.03615259262429, -2.928085948299736 ], [ -79.036257451954796, -2.928292463896831 ], [ -79.036329767317255, -2.928441055503076 ], [ -79.036352127156476, -2.928511619948399 ], [ -79.036419426344878, -2.928700438224731 ], [ -79.036541469107235, -2.929058161019995 ], [ -79.036646041397248, -2.929377968465118 ], [ -79.036740517634996, -2.929763129544304 ], [ -79.036797639340492, -2.930012418841755 ], [ -79.036919390866643, -2.930485784390245 ], [ -79.036986352572171, -2.930868455886974 ], [ -79.037046211423103, -2.930991889810002 ], [ -79.037108570860752, -2.931125364409568 ], [ -79.037198282490962, -2.931354548185579 ], [ -79.037300516363118, -2.931571186074821 ], [ -79.037352998698211, -2.931644244852861 ], [ -79.037437906464206, -2.931740055336292 ], [ -79.037495378761136, -2.931787987011912 ], [ -79.037552879754841, -2.931871090901498 ], [ -79.03759771360528, -2.931946667898786 ], [ -79.037635138199121, -2.932042304404198 ], [ -79.037689820730165, -2.932246290708269 ], [ -79.037722143399989, -2.932379712497953 ], [ -79.037741939253834, -2.932528302277599 ], [ -79.03776174168847, -2.932621466522981 ], [ -79.037798071975473, -2.932674153100173 ], [ -79.037836772555892, -2.932656770764133 ], [ -79.037926878692076, -2.932659461040921 ], [ -79.038067049938277, -2.932677339049747 ], [ -79.038159735543445, -2.932644771256741 ], [ -79.038247363148187, -2.932624762501394 ], [ -79.038447682586337, -2.932599979110365 ], [ -79.038773128793338, -2.932608056339058 ], [ -79.038923269211921, -2.932633546807558 ], [ -79.039055864500412, -2.932663979328597 ], [ -79.039173566387845, -2.932674222658767 ], [ -79.039271176187327, -2.932654321788086 ], [ -79.03933132010269, -2.93261410160874 ], [ -79.039381538492947, -2.93254122344023 ], [ -79.039456726949155, -2.932486020489117 ], [ -79.039554527500755, -2.932408162630844 ], [ -79.039689802899204, -2.932345470286868 ], [ -79.039952782037687, -2.93223010849458 ], [ -79.040030444807329, -2.932200045749001 ], [ -79.04003748681221, -2.932494546315957 ], [ -79.040025831327185, -2.932525810107351 ], [ -79.040014685544762, -2.932574254025123 ], [ -79.040000148811586, -2.932607501923363 ], [ -79.039989030390899, -2.932640213329175 ], [ -79.039980901074969, -2.932660633277957 ], [ -79.039970974086245, -2.932680507563545 ], [ -79.039948232412826, -2.932725947327111 ], [ -79.039941276127223, -2.932744108912287 ], [ -79.039926082503342, -2.932793088209252 ], [ -79.039918497801722, -2.932810615769736 ], [ -79.039910903976846, -2.932833387499826 ], [ -79.039899811029073, -2.932851451392603 ], [ -79.039892218304132, -2.932873590205065 ], [ -79.03988579656675, -2.932894646072535 ], [ -79.039872405640622, -2.932941277693915 ], [ -79.039865987047719, -2.932960525226366 ], [ -79.039852501940274, -2.933009597939594 ], [ -79.039838486526634, -2.933053335116562 ], [ -79.039829725639947, -2.93307492937042 ], [ -79.039820426111604, -2.933095980174697 ], [ -79.039811672460218, -2.933113415259014 ], [ -79.039798953671706, -2.933135545052947 ], [ -79.03979307261433, -2.933155968949597 ], [ -79.039785449204274, -2.933195739017645 ], [ -79.039779666257232, -2.933211461402891 ], [ -79.039763339062631, -2.933240004454887 ], [ -79.039751708408062, -2.93325698239216 ], [ -79.039731317017768, -2.933295464162909 ], [ -79.039707413130785, -2.933336923514549 ], [ -79.039666019075455, -2.933403397603601 ], [ -79.039633990881086, -2.933462383553781 ], [ -79.039623411068149, -2.933495638392002 ], [ -79.039605327340595, -2.933551665108136 ], [ -79.039592501298785, -2.933583740572573 ], [ -79.039586073564365, -2.933608232266209 ], [ -79.039586038001119, -2.933628666440953 ], [ -79.039566815535721, -2.933667240673518 ], [ -79.039552181745179, -2.93370455714011 ], [ -79.039545228585595, -2.933720910380104 ], [ -79.039542847736257, -2.933745409192082 ], [ -79.03954452384697, -2.933764128455141 ], [ -79.039549054611513, -2.933796144036236 ], [ -79.039555414208635, -2.933810802775441 ], [ -79.03956294101863, -2.933826548572033 ], [ -79.039577960960955, -2.933877389339588 ], [ -79.039582600698125, -2.93389846465874 ], [ -79.039584867767005, -2.933939337121824 ], [ -79.039585356901085, -2.934019989927378 ], [ -79.039585330460994, -2.934035179933256 ], [ -79.03959112403237, -2.934065027729951 ], [ -79.039602043821716, -2.934094794129465 ], [ -79.039622330588728, -2.934116439482264 ], [ -79.039650794930182, -2.934141625485895 ], [ -79.03966003955631, -2.934152130121638 ], [ -79.039660014217702, -2.934166687211219 ], [ -79.039651896042201, -2.934180687559505 ], [ -79.039649537536121, -2.934192347200329 ], [ -79.039649494884529, -2.934216850127354 ], [ -79.039654033514964, -2.93424434487574 ], [ -79.039659304813085, -2.934264245886929 ], [ -79.039669684073289, -2.934294553838978 ], [ -79.039680076396934, -2.934317357204666 ], [ -79.039684717234351, -2.934337799608794 ], [ -79.039695060609461, -2.934388722570701 ], [ -79.039703718748171, -2.934426170437036 ], [ -79.039715268054849, -2.934455937947338 ], [ -79.039719918965133, -2.934470593682753 ], [ -79.039721054542042, -2.934489854498803 ], [ -79.039742992080875, -2.934544776211356 ], [ -79.039756920729914, -2.934602577175479 ], [ -79.039761581871133, -2.934611355825306 ], [ -79.03978236652074, -2.934656962561349 ], [ -79.039793352789943, -2.934700201214279 ], [ -79.039807734241421, -2.934756194637678 ], [ -79.039814723356685, -2.93477085448888 ], [ -79.039830317511445, -2.934801804540899 ], [ -79.039837215751589, -2.934817006734355 ], [ -79.039844736425366, -2.934836278787809 ], [ -79.039855753073709, -2.934862067016807 ], [ -79.039866147603533, -2.934883604552587 ], [ -79.03987429653516, -2.93490360104799 ], [ -79.039887585435849, -2.934967277996423 ], [ -79.039895079665357, -2.93500174005919 ], [ -79.039897394574226, -2.935015125848039 ], [ -79.039899039196783, -2.935051928458777 ], [ -79.03990014926994, -2.935085836785053 ], [ -79.03990186760835, -2.935131952476014 ], [ -79.039897130119115, -2.935167025932266 ], [ -79.039894180229368, -2.935208431723837 ], [ -79.039894072395327, -2.935270367174556 ], [ -79.039888709635889, -2.935302998270887 ], [ -79.039884599612478, -2.93533924825147 ], [ -79.039884031531855, -2.935355612727321 ], [ -79.039880485652262, -2.935377758649721 ], [ -79.039878668770115, -2.935388243823083 ], [ -79.039880835058753, -2.935486982991528 ], [ -79.039895387667741, -2.935496321555579 ], [ -79.039906331700905, -2.935512163791792 ], [ -79.039920210081618, -2.9355471795956 ], [ -79.039923161589471, -2.93555649774094 ], [ -79.039932401184501, -2.935569895718692 ], [ -79.039947456698442, -2.935600302328239 ], [ -79.039955510817009, -2.935623101587259 ], [ -79.039956648432806, -2.935641186988822 ], [ -79.039957249453593, -2.935657553523007 ], [ -79.039961255573289, -2.93568097857632 ], [ -79.039971649000805, -2.935703149034325 ], [ -79.039994906503495, -2.935723081710015 ], [ -79.040011138364832, -2.935749331209731 ], [ -79.040026222534863, -2.935763281977642 ], [ -79.040029096234946, -2.935765637877698 ], [ -79.040063871054585, -2.935782064562363 ], [ -79.040090646105355, -2.935796126324294 ], [ -79.040127205222419, -2.935820784096192 ], [ -79.040137619907341, -2.935830748297293 ], [ -79.04016950686254, -2.935852956586682 ], [ -79.040208944880206, -2.935876986506258 ], [ -79.040245508097058, -2.935899293442663 ], [ -79.040275061887272, -2.935918604280901 ], [ -79.040293661404547, -2.935927949968166 ], [ -79.040325008780812, -2.935950157307326 ], [ -79.040361574050422, -2.935971288825411 ], [ -79.040478168590923, -2.936049614327869 ], [ -79.040618079803622, -2.936217222471771 ], [ -79.040740653765866, -2.936270332145241 ], [ -79.040898471764265, -2.936173682785909 ], [ -79.040995046647978, -2.936076925633937 ], [ -79.041065440234647, -2.935883285734674 ], [ -79.041162214272745, -2.935672060892081 ], [ -79.041258773658768, -2.935584164517451 ], [ -79.04147806249496, -2.935408327318191 ], [ -79.04162720085877, -2.935338154672932 ], [ -79.041695290656136, -2.935331402703028 ], [ -79.041918807740132, -2.935154668600381 ], [ -79.043960957078099, -2.933816375066566 ], [ -79.044002001182477, -2.933951349604023 ], [ -79.044035910780721, -2.934051772243889 ], [ -79.044058012705761, -2.934167545085294 ], [ -79.044084942897243, -2.934195892952482 ], [ -79.044178767215641, -2.934284576125418 ], [ -79.044284294848765, -2.934366227300979 ], [ -79.044443832198994, -2.934470396760483 ], [ -79.044565776305475, -2.934575675652941 ], [ -79.044685343287625, -2.934703373853411 ], [ -79.044749741664987, -2.934802674620494 ], [ -79.044769650973365, -2.934834626859083 ], [ -79.044820038614887, -2.934923233801206 ], [ -79.044851600049228, -2.934977629975191 ], [ -79.044958179747979, -2.935178543384421 ], [ -79.04502129478432, -2.935291856593528 ], [ -79.045058773324939, -2.935356841982391 ], [ -79.045084626431944, -2.935384012545588 ], [ -79.045119734141807, -2.935415991469558 ], [ -79.045171389369898, -2.935447909022619 ], [ -79.045180715533547, -2.935463296330248 ], [ -79.045208978612564, -2.935449150427372 ], [ -79.045388849907596, -2.935340874971444 ], [ -79.045363542206402, -2.935258550822109 ], [ -79.045440674392026, -2.93522351386128 ], [ -79.045738706106576, -2.935068971161988 ], [ -79.045791244191633, -2.935058574934475 ], [ -79.045857865083534, -2.935069180228818 ], [ -79.045983887579439, -2.935104664079757 ], [ -79.046137950463716, -2.935150685522502 ], [ -79.046316613426512, -2.935168630311482 ], [ -79.04657590385294, -2.935158506275777 ], [ -79.046831705187302, -2.935137887643148 ], [ -79.046887785812373, -2.935159053234032 ], [ -79.047227618142529, -2.935170227945005 ], [ -79.047595419216393, -2.935181451585397 ], [ -79.048005198392289, -2.9352561313004 ], [ -79.04815234279738, -2.935298704544619 ], [ -79.048201300571876, -2.935330436448676 ], [ -79.048289003692702, -2.935267207516466 ], [ -79.04870631664086, -2.935042527987097 ], [ -79.04917276873276, -2.934796776555154 ], [ -79.049267511035239, -2.934719364260843 ], [ -79.049390578390359, -2.93454010101806 ], [ -79.049548626434614, -2.934258546349268 ], [ -79.049790856291253, -2.933973612665216 ], [ -79.050134922005924, -2.933565527506222 ], [ -79.050222655589735, -2.933484576467519 ], [ -79.050475280506902, -2.933220818300985 ], [ -79.050591115194067, -2.933115322771579 ], [ -79.050675310725566, -2.93305208730837 ], [ -79.050885608540767, -2.932978403080496 ], [ -79.051085280682585, -2.932964647084721 ], [ -79.051263980522918, -2.932961433243506 ], [ -79.051579243555366, -2.9329831421156 ], [ -79.051726401899359, -2.932965767912441 ], [ -79.051842061222189, -2.932909639881883 ], [ -79.051968417804488, -2.932804162490854 ], [ -79.052087651493295, -2.932709251488095 ], [ -79.052164838412651, -2.932642477299334 ], [ -79.052238585044549, -2.932536907910507 ], [ -79.052411206423997, -2.931991990938982 ], [ -79.052484758135506, -2.931999171991801 ], [ -79.052715953550134, -2.93201015466371 ], [ -79.052856005960791, -2.932045571738747 ], [ -79.05296799353016, -2.932084556500821 ], [ -79.053108027702663, -2.932130552395866 ], [ -79.053437119367828, -2.932268561955895 ], [ -79.0536925622322, -2.93245563014656 ], [ -79.053923575375919, -2.932572310673875 ], [ -79.054545045875159, -2.931766778341504 ], [ -79.054468314942199, -2.931569443278984 ], [ -79.054416130579284, -2.931322782943317 ], [ -79.054398787177576, -2.931262896115649 ], [ -79.054395401408513, -2.931192454757663 ], [ -79.054441435511364, -2.930886109193824 ], [ -79.054501972742813, -2.93030509966414 ], [ -79.054652553239265, -2.930337008475647 ], [ -79.055181280798962, -2.930482327587393 ], [ -79.05543340488731, -2.930560255190727 ], [ -79.055682076284853, -2.930606530494279 ], [ -79.055797638239156, -2.930606731911801 ], [ -79.056000877328387, -2.930610612413117 ], [ -79.056067414634441, -2.930617690542337 ], [ -79.056088397813923, -2.9306529900789 ], [ -79.056095061439606, -2.930804451628481 ], [ -79.056126366292773, -2.93095595612384 ], [ -79.056185658091479, -2.931096930508954 ], [ -79.056238110128191, -2.931188615235166 ], [ -79.056287080268319, -2.931213384663045 ], [ -79.056343095471775, -2.931220534880489 ], [ -79.05638534743089, -2.931125488896813 ], [ -79.056487286968377, -2.930889675836755 ], [ -79.056533118999084, -2.930752410910752 ], [ -79.056628115470076, -2.930527164591531 ], [ -79.056705181933353, -2.930477930669345 ], [ -79.0567366701205, -2.930470932924425 ], [ -79.056817254845043, -2.930467546998722 ], [ -79.057048432366088, -2.930489107455068 ], [ -79.057213072883286, -2.930503408976308 ], [ -79.057395159988147, -2.93051783127561 ], [ -79.057559818614934, -2.930521644300455 ], [ -79.057668498320439, -2.930497239849926 ], [ -79.05777361736169, -2.930451580965008 ], [ -79.057857788259042, -2.930402449712807 ], [ -79.057984162511019, -2.930286392197319 ], [ -79.058061349090394, -2.930219617251602 ], [ -79.058142006562321, -2.930174006143652 ], [ -79.058191092131267, -2.930131775959851 ], [ -79.058278782472001, -2.930075598169483 ], [ -79.058376898798798, -2.9300229648118 ], [ -79.058510214789038, -2.929949234877156 ], [ -79.057599879437731, -2.92966229139727 ], [ -79.057333834881419, -2.929520957106553 ], [ -79.057239396703153, -2.929422237147853 ], [ -79.057103106308517, -2.929238813148177 ], [ -79.057082177583354, -2.929171867446176 ], [ -79.057075368093351, -2.92910494632493 ], [ -79.057089598487522, -2.928935979988735 ], [ -79.057103925019973, -2.928763397099143 ], [ -79.057093585050467, -2.928657680541428 ], [ -79.057083426913692, -2.928446356159718 ], [ -79.057073008001581, -2.928386481357078 ], [ -79.057045209187379, -2.928287787015949 ], [ -79.057013770619918, -2.928213770436552 ], [ -79.056926268394264, -2.928160814080074 ], [ -79.056838802609036, -2.928086699993052 ], [ -79.056779316636437, -2.928058386069474 ], [ -79.056635854017713, -2.927966543025251 ], [ -79.056534334700771, -2.927906509668841 ], [ -79.056467858400353, -2.927864078380569 ], [ -79.056352424047645, -2.927789915607661 ], [ -79.056236893710874, -2.927719278963298 ], [ -79.056135452238351, -2.927666298329521 ], [ -79.056044461024982, -2.927602756994273 ], [ -79.055946467333342, -2.927532150873695 ], [ -79.05599206348424, -2.927479426215038 ], [ -79.056188614985288, -2.9272930554375 ], [ -79.056311379330708, -2.927184044299902 ], [ -79.05643418501991, -2.92710324358843 ], [ -79.05671120041707, -2.926931208251602 ], [ -79.056893601237633, -2.926815248146558 ], [ -79.05724781502812, -2.926569294575802 ], [ -79.057321451431321, -2.92652719746095 ], [ -79.057528940147222, -2.926360646738328 ], [ -79.057699702498738, -2.926214014455502 ], [ -79.057929153400679, -2.925984118759321 ], [ -79.057904942181963, -2.925890946157621 ], [ -79.057759671663632, -2.925386070948216 ], [ -79.057672463162376, -2.925057702157197 ], [ -79.057619352776896, -2.924773426195068 ], [ -79.057483028319027, -2.924714417610958 ], [ -79.057171315802734, -2.92461586280079 ], [ -79.057137274055705, -2.924591300370936 ], [ -79.057147315107741, -2.924400264718582 ], [ -79.057216120418843, -2.924081841886844 ], [ -79.05725549000428, -2.923832085517083 ], [ -79.057275274524926, -2.923675335173887 ], [ -79.057363437281367, -2.923396187295535 ], [ -79.057314753576108, -2.923361834317837 ], [ -79.057236859242892, -2.923317575037253 ], [ -79.057183294099929, -2.923297861285032 ], [ -79.057066459515852, -2.923253624765838 ], [ -79.056978787910097, -2.923194700786996 ], [ -79.056891239971264, -2.923116156331993 ], [ -79.056764721077698, -2.923003185355749 ], [ -79.056696640367491, -2.92290017147306 ], [ -79.056701763426815, -2.922797284784296 ], [ -79.056677501558099, -2.922733588417271 ], [ -79.05661419289612, -2.922679589344982 ], [ -79.056580167987264, -2.922645261839388 ], [ -79.056546151628083, -2.922605961363947 ], [ -79.056434201464199, -2.922493106140256 ], [ -79.05639533723965, -2.922448914676826 ], [ -79.056283376014164, -2.922394831071288 ], [ -79.056093371618473, -2.922330846715651 ], [ -79.056039772837465, -2.922330753575062 ], [ -79.055976512201781, -2.922301167412722 ], [ -79.055859689090525, -2.922198068851653 ], [ -79.05582085848026, -2.922134347188079 ], [ -79.055747997487202, -2.921987201112295 ], [ -79.055772410857259, -2.921962740295541 ], [ -79.055748008592786, -2.921928429517589 ], [ -79.056294396426395, -2.921581541236899 ], [ -79.056631102229787, -2.921317563252382 ], [ -79.056801995585445, -2.921146337213678 ], [ -79.057133903760359, -2.920848082178855 ], [ -79.057480447926892, -2.920510610930325 ], [ -79.057578019589641, -2.920407884603542 ], [ -79.057544011572674, -2.920363701623187 ], [ -79.057330028762678, -2.920123270618306 ], [ -79.05687750135435, -2.919701137696697 ], [ -79.056702450389608, -2.919465656874004 ], [ -79.056474050657599, -2.919136953036359 ], [ -79.056406112950881, -2.918950664658488 ], [ -79.056343014580463, -2.918774240240573 ], [ -79.056217118247787, -2.918298785283257 ], [ -79.056007563365469, -2.918308186773639 ], [ -79.055988183022961, -2.918229760833431 ], [ -79.055838157030365, -2.917666016252515 ], [ -79.055780024366442, -2.917425855919639 ], [ -79.055615675945859, -2.91666615107553 ], [ -79.055566925308568, -2.916670949067641 ], [ -79.05553768102628, -2.916680753880757 ], [ -79.055459576858254, -2.916759010663227 ], [ -79.055425266203443, -2.916891232461154 ], [ -79.055371575201022, -2.916945028343209 ], [ -79.05527409905811, -2.916939976638135 ], [ -79.055186335556314, -2.916934851361892 ], [ -79.055025565218926, -2.916919924672558 ], [ -79.054894014035838, -2.916909840820051 ], [ -79.054762487860387, -2.916885199727616 ], [ -79.054635801325844, -2.916870241730371 ], [ -79.054470166435124, -2.916860189090064 ], [ -79.054280227842895, -2.91681085291051 ], [ -79.054022049124612, -2.916751542691025 ], [ -79.053909922832887, -2.916741582885926 ], [ -79.053724865741259, -2.91667760743931 ], [ -79.053632453779912, -2.916603937323846 ], [ -79.053588929715247, -2.916393188361878 ], [ -79.053574624576029, -2.916187372701022 ], [ -79.053535802669927, -2.916118678215068 ], [ -79.053521219679311, -2.916074619446682 ], [ -79.053540894493679, -2.915981523316866 ], [ -79.053575104293444, -2.915908073073209 ], [ -79.053628854094043, -2.91582000907056 ], [ -79.053682738658708, -2.915653462672325 ], [ -79.053756079198692, -2.91552121836609 ], [ -79.053902507484779, -2.915403929408755 ], [ -79.053951392608738, -2.915320739474139 ], [ -79.053936885494082, -2.915232466543542 ], [ -79.053859210356762, -2.915060899636797 ], [ -79.053859311250847, -2.915002128256941 ], [ -79.053859471124966, -2.914908998224115 ], [ -79.053835049613326, -2.914938341622217 ], [ -79.053795966904545, -2.915021548569042 ], [ -79.053790911310983, -2.915085284325484 ], [ -79.053732482022099, -2.915070444825207 ], [ -79.053635098660394, -2.915011504263803 ], [ -79.053557171311482, -2.914986865800013 ], [ -79.053518307328432, -2.914942674480034 ], [ -79.05345016804857, -2.914874019555191 ], [ -79.053421075362024, -2.914795576867778 ], [ -79.053372451080094, -2.914726865400005 ], [ -79.053343383546448, -2.914633775084753 ], [ -79.053294801342176, -2.914540560484783 ], [ -79.053217017020927, -2.914432647530655 ], [ -79.053149035086491, -2.914324751593872 ], [ -79.053080862323725, -2.914275626858827 ], [ -79.052978690230091, -2.9141774367019 ], [ -79.052881382758912, -2.914074372433666 ], [ -79.052798733895017, -2.913971333611669 ], [ -79.052730760399143, -2.913858555151974 ], [ -79.052691899074773, -2.913760474896104 ], [ -79.052653194902788, -2.913623244045786 ], [ -79.052648374965585, -2.91354972607876 ], [ -79.052599792670293, -2.913456601934284 ], [ -79.052366448590945, -2.913127890260273 ], [ -79.052332339850366, -2.913142569146132 ], [ -79.052146989104131, -2.913250025316699 ], [ -79.051942064693151, -2.913391715750523 ], [ -79.051849383790639, -2.913474829517468 ], [ -79.051795594531228, -2.913533598026907 ], [ -79.051746833109561, -2.913597167396608 ], [ -79.051746740541901, -2.913651056164478 ], [ -79.051795207493342, -2.913758918183615 ], [ -79.051994274344779, -2.914200230854653 ], [ -79.051969819132893, -2.914249194767455 ], [ -79.051935668411431, -2.914288286313995 ], [ -79.051774730381268, -2.914371371897184 ], [ -79.051482185512569, -2.914424752673625 ], [ -79.051228819249005, -2.914443842722556 ], [ -79.050873005716241, -2.914472700628044 ], [ -79.050668274669988, -2.914501730568376 ], [ -79.050517184001009, -2.91450635052666 ], [ -79.050336857727089, -2.914515802196251 ], [ -79.050138612406073, -2.914538604486003 ], [ -79.049909979660214, -2.914556200102232 ], [ -79.049709064938583, -2.914562451251759 ], [ -79.049629032944409, -2.914559057057398 ], [ -79.04957518765697, -2.914545762464245 ], [ -79.049532771709536, -2.914527695614455 ], [ -79.049498570645923, -2.91449146912315 ], [ -79.049487245676687, -2.91443557138823 ], [ -79.04948398033136, -2.914399489110569 ], [ -79.049490237097601, -2.914317220026368 ], [ -79.04950872991553, -2.914022581405789 ], [ -79.049512071893858, -2.913961826626324 ], [ -79.04951134054474, -2.91386417440643 ], [ -79.049505142805174, -2.9136506878083 ], [ -79.049503632758615, -2.913587483319359 ], [ -79.049502079017486, -2.913549686084608 ], [ -79.049505690583601, -2.913332147749181 ], [ -79.04950664811966, -2.9132459814928 ], [ -79.049505221389637, -2.913134313344112 ], [ -79.049507759562573, -2.913070302133378 ], [ -79.049510382066003, -2.913009546100584 ], [ -79.049512125012512, -2.912937305510475 ], [ -79.049516236675615, -2.91289960853967 ], [ -79.049524601070743, -2.912794467469535 ], [ -79.049530470825928, -2.912728020773204 ], [ -79.049532175675907, -2.912677932414575 ], [ -79.04952905540695, -2.91260975216112 ], [ -79.049522573851519, -2.912561277092067 ], [ -79.049516173676167, -2.912517775129813 ], [ -79.049511309299618, -2.912470207047026 ], [ -79.049500009618043, -2.91239957130741 ], [ -79.049488677450967, -2.912347832779214 ], [ -79.049465174217829, -2.912261533600215 ], [ -79.049436696409657, -2.912191772189543 ], [ -79.04942369903651, -2.912167065615651 ], [ -79.049398392488726, -2.912135827590197 ], [ -79.049353589388588, -2.912093976834904 ], [ -79.049317755478157, -2.912065975548618 ], [ -79.049288379563833, -2.912047840995652 ], [ -79.049263847107241, -2.912037129096801 ], [ -79.049201032751455, -2.912009985101118 ], [ -79.049129222793525, -2.911984362569528 ], [ -79.049098221003064, -2.91197038439579 ], [ -79.049079451199461, -2.9119555233034 ], [ -79.049059878868988, -2.911936682445349 ], [ -79.049046080533117, -2.911907091936353 ], [ -79.049046918189504, -2.911890637402886 ], [ -79.049048579201639, -2.911866046723147 ], [ -79.049060070831999, -2.911825017137358 ], [ -79.049082286778912, -2.911770805227978 ], [ -79.049120741965382, -2.911686422080559 ], [ -79.049151079698888, -2.911615858705404 ], [ -79.049171569874062, -2.91157158971811 ], [ -79.049192061600792, -2.911526416556713 ], [ -79.04919784802172, -2.911508433521568 ], [ -79.049203571552809, -2.911474717726464 ], [ -79.049206195409724, -2.911413147945832 ], [ -79.049206424885611, -2.911331953400594 ], [ -79.049205669130103, -2.911300758038982 ], [ -79.049201587532963, -2.911268652724088 ], [ -79.049193487074078, -2.911220265271733 ], [ -79.049178989377893, -2.9111266579406 ], [ -79.049171708227789, -2.911072485190636 ], [ -79.049167736291253, -2.911028897040814 ], [ -79.049165271869597, -2.91099769871164 ], [ -79.049163743412336, -2.910945163471225 ], [ -79.049166251839935, -2.910898421965313 ], [ -79.049162291086574, -2.910848323773115 ], [ -79.049163976162063, -2.910809718414598 ], [ -79.049167358556232, -2.910777716484032 ], [ -79.049163262658482, -2.910753929558715 ], [ -79.04915597171167, -2.910705453097847 ], [ -79.04914467355222, -2.910633913206721 ], [ -79.04910985069688, -2.910488551752207 ], [ -79.049085363477559, -2.91045152845128 ], [ -79.049066796248709, -2.910371115020779 ], [ -79.049042376765385, -2.910294669798265 ], [ -79.049016360921584, -2.910205201681307 ], [ -79.048957084713294, -2.910003105986121 ], [ -79.048929462876245, -2.909906220850048 ], [ -79.048904316811914, -2.909833933580938 ], [ -79.048874987547066, -2.909788673885961 ], [ -79.048839100423976, -2.909739334014519 ], [ -79.048711255587307, -2.909561803244986 ], [ -79.048519439464812, -2.909297812674386 ], [ -79.048998594478874, -2.908978024192165 ], [ -79.049227885028358, -2.908838455894918 ], [ -79.049567318154359, -2.908606491086198 ], [ -79.049652754131827, -2.908552479228301 ], [ -79.049695540286365, -2.908511955987469 ], [ -79.049861845370259, -2.908392531684486 ], [ -79.050086677929741, -2.908230441345986 ], [ -79.05016535768253, -2.908183108594654 ], [ -79.050228299630675, -2.908135838953601 ], [ -79.050315999308239, -2.908072789166239 ], [ -79.050376689288569, -2.908027685625066 ], [ -79.050612732047071, -2.90788360762759 ], [ -79.050801526938471, -2.907759791589136 ], [ -79.050842037815016, -2.907734996978262 ], [ -79.050853329233163, -2.907705721243517 ], [ -79.050891501942687, -2.907680922575115 ], [ -79.050918511775706, -2.907662885874465 ], [ -79.050979197689685, -2.907620133120837 ], [ -79.051019634135244, -2.907586296604929 ], [ -79.051053400143502, -2.907561580704557 ], [ -79.051078165613518, -2.907541279664965 ], [ -79.051138824541397, -2.907514259517106 ], [ -79.051215220958611, -2.90748735705875 ], [ -79.051262382722683, -2.907464834388665 ], [ -79.051327514865122, -2.907451384625561 ], [ -79.051424059344043, -2.90742225662431 ], [ -79.051574596500018, -2.907372787782718 ], [ -79.051632995407886, -2.907352635420578 ], [ -79.051749895085422, -2.90730536869847 ], [ -79.05184646668215, -2.907260417598013 ], [ -79.051922905707315, -2.907208650279075 ], [ -79.052001593117851, -2.907156796427475 ], [ -79.052024110180852, -2.907136581872139 ], [ -79.052069128126178, -2.907053113908712 ], [ -79.05208947829054, -2.906985426306988 ], [ -79.052136759946976, -2.906892920484708 ], [ -79.052208818496283, -2.906773422675367 ], [ -79.052285938164829, -2.90663928594758 ], [ -79.052341702473953, -2.906477173149972 ], [ -79.052376089063998, -2.906352637090166 ], [ -79.052394102868092, -2.906283860403356 ], [ -79.052397531229516, -2.906224913991542 ], [ -79.052405650115801, -2.906210189961849 ], [ -79.052218680731869, -2.905951000340303 ], [ -79.051997625470392, -2.9056408465654 ], [ -79.051787898446662, -2.905332430377231 ], [ -79.051760267601935, -2.905293050844981 ], [ -79.051701830101294, -2.905178300048451 ], [ -79.051610765175496, -2.905053637238035 ], [ -79.051550692084859, -2.904948739145707 ], [ -79.051516518875658, -2.904896237729861 ], [ -79.051431982419913, -2.904792834387075 ], [ -79.051389721166103, -2.90473706393453 ], [ -79.051316470895387, -2.904659901259582 ], [ -79.051277463827077, -2.904594371337661 ], [ -79.051209266380596, -2.904454919654383 ], [ -79.051158919777151, -2.904341810420815 ], [ -79.051029044371177, -2.904089410742328 ], [ -79.05084539687256, -2.903571180566198 ], [ -79.050813709706929, -2.903484867287838 ], [ -79.050743888358966, -2.903295954403958 ], [ -79.050689392854508, -2.90313744838352 ], [ -79.050664247906283, -2.90306434741456 ], [ -79.050652796138721, -2.903029788058403 ], [ -79.050621918185129, -2.902943566612353 ], [ -79.050578857730812, -2.902829385035656 ], [ -79.050559347500595, -2.902774286933051 ], [ -79.050537425909326, -2.902709419554622 ], [ -79.050505772349979, -2.902603485734032 ], [ -79.050500066129345, -2.90257472305509 ], [ -79.050490431056446, -2.902529587987384 ], [ -79.050483926776494, -2.902494223441602 ], [ -79.050466920334514, -2.902394915464849 ], [ -79.050450667208125, -2.902328339969421 ], [ -79.050428763883801, -2.902252803351832 ], [ -79.050412472673216, -2.90220847052496 ], [ -79.050402743643659, -2.902165686155929 ], [ -79.050381660825479, -2.902083640893701 ], [ -79.050362964135715, -2.90202610293474 ], [ -79.050340235970182, -2.90195960665611 ], [ -79.050326461531625, -2.901916001529612 ], [ -79.05031258570898, -2.901879087131015 ], [ -79.050302828504712, -2.901852758720801 ], [ -79.05027191681009, -2.901786248282312 ], [ -79.050253191948642, -2.901745166283304 ], [ -79.05023285548836, -2.901699922286022 ], [ -79.050196290970788, -2.90162598782463 ], [ -79.050170193336612, -2.901584079309727 ], [ -79.050153155920029, -2.901555387444954 ], [ -79.050117287000162, -2.901495378501084 ], [ -79.05006277758379, -2.901397542744099 ], [ -79.050010698883341, -2.901298174098329 ], [ -79.049961845087779, -2.901206134861872 ], [ -79.049908936140454, -2.901118971160202 ], [ -79.049866607686155, -2.901049999706405 ], [ -79.049809564809237, -2.900961201339201 ], [ -79.049784280732752, -2.900916852968135 ], [ -79.049749380002964, -2.900869142504751 ], [ -79.049725706134183, -2.900829769888575 ], [ -79.049708694272297, -2.900786159176253 ], [ -79.049694838122164, -2.90073776179432 ], [ -79.049681912371909, -2.900671192090713 ], [ -79.04965901087273, -2.900548365394217 ], [ -79.0496217615094, -2.900543554010973 ], [ -79.049586328321311, -2.900538971813625 ], [ -79.049566134731919, -2.900536359966481 ], [ -79.049529440855054, -2.900538014397971 ], [ -79.049466551239234, -2.900555084895539 ], [ -79.049428138964913, -2.900562432655539 ], [ -79.049379113704248, -2.900570575803356 ], [ -79.049339899193171, -2.900573762963563 ], [ -79.049272170146494, -2.900581059975206 ], [ -79.049190405249803, -2.90059240147664 ], [ -79.04913572578414, -2.900593934343902 ], [ -79.049037791988383, -2.900594578574524 ], [ -79.048998584451112, -2.900593696944505 ], [ -79.048943826211158, -2.90058871960339 ], [ -79.048925931786385, -2.900587874867266 ], [ -79.048895722854567, -2.900583663363358 ], [ -79.048849152314176, -2.900576258919474 ], [ -79.048803394231214, -2.90056704753013 ], [ -79.048773270895396, -2.900565367862504 ], [ -79.048713659301569, -2.900558754593753 ], [ -79.048681020905903, -2.900555352636567 ], [ -79.04864991966177, -2.900547070793981 ], [ -79.048625467413586, -2.900542145911171 ], [ -79.048573241286618, -2.900528944945113 ], [ -79.048540618226909, -2.900516591677503 ], [ -79.04850800089865, -2.900500892971431 ], [ -79.048489217104915, -2.900494259968944 ], [ -79.048420623962258, -2.900481030658702 ], [ -79.048361837233386, -2.90046537705366 ], [ -79.048320210005812, -2.90045960866837 ], [ -79.048283437689832, -2.90045457202891 ], [ -79.04823452902933, -2.900447163517001 ], [ -79.048186332985054, -2.900443734607208 ], [ -79.048128338743581, -2.900437937872311 ], [ -79.048083478428723, -2.900429632191012 ], [ -79.048001844259204, -2.900417194033569 ], [ -79.047958591511957, -2.900415401191279 ], [ -79.047919382612633, -2.900415333283348 ], [ -79.047898153715522, -2.900418641962039 ], [ -79.047854802521925, -2.900421821906509 ], [ -79.047804248515547, -2.900429962334341 ], [ -79.047736411475043, -2.900447837909541 ], [ -79.047690599829281, -2.900469910835354 ], [ -79.047636688870753, -2.900495315174116 ], [ -79.047598268261979, -2.900507545393499 ], [ -79.047524727598173, -2.900547653764729 ], [ -79.047417547931204, -2.900643491415916 ], [ -79.047368432673508, -2.900704166846134 ], [ -79.047356979344357, -2.900723044248465 ], [ -79.047320993663831, -2.900783742421418 ], [ -79.047312864903461, -2.900804253096807 ], [ -79.047307865357922, -2.90083543845273 ], [ -79.047304571666515, -2.90086825427831 ], [ -79.0472765908995, -2.900980685093723 ], [ -79.04725195732145, -2.9010815482724 ], [ -79.047246923977312, -2.90113244456975 ], [ -79.047241973429564, -2.901187500212548 ], [ -79.047237811443424, -2.901202231042669 ], [ -79.047216540373739, -2.901230133167854 ], [ -79.047203464130064, -2.901251449021363 ], [ -79.047165792396612, -2.901298943303878 ], [ -79.047125029273928, -2.901313701113311 ], [ -79.047005679645139, -2.901374254761177 ], [ -79.046962388749975, -2.90139470447777 ], [ -79.046948434298429, -2.901403722031562 ], [ -79.046869222471713, -2.901447075501031 ], [ -79.046717095056977, -2.90153306998736 ], [ -79.046672177065801, -2.901558399404365 ], [ -79.046621493712337, -2.901589505536212 ], [ -79.046551155189647, -2.901650144074982 ], [ -79.046504591645444, -2.901691112836727 ], [ -79.046484145417708, -2.901709974619699 ], [ -79.046438294319017, -2.901755013393672 ], [ -79.046418661635201, -2.901771435314968 ], [ -79.046395798497713, -2.901783782850675 ], [ -79.046340170448801, -2.901814066626391 ], [ -79.046247814883571, -2.901865625204542 ], [ -79.0462045128006, -2.901892584902173 ], [ -79.046157069652764, -2.901922069101062 ], [ -79.046126006246325, -2.901944167481464 ], [ -79.046050821308228, -2.901999101254899 ], [ -79.045986153987442, -2.902056404114594 ], [ -79.045951846005238, -2.902082656056165 ], [ -79.045906121422377, -2.902106356504207 ], [ -79.045886497261705, -2.902117805466364 ], [ -79.045821062776909, -2.902150513452439 ], [ -79.045786771704144, -2.902166909921298 ], [ -79.04574754169127, -2.902179138621098 ], [ -79.045725503576023, -2.902182355410758 ], [ -79.04568799338162, -2.902188077041843 ], [ -79.045653705101557, -2.902202845997028 ], [ -79.045585831208868, -2.902242150195586 ], [ -79.045520458554634, -2.902291223800516 ], [ -79.045495869842938, -2.902313423800561 ], [ -79.045409213322458, -2.90239781364024 ], [ -79.045347881701687, -2.902450239678099 ], [ -79.045264480911399, -2.902523965896952 ], [ -79.045106601804164, -2.902660041198712 ], [ -79.045084555301415, -2.902668140489134 ], [ -79.04506574328154, -2.902677963322615 ], [ -79.04500859198356, -2.902704989310626 ], [ -79.044972669600384, -2.902728706706073 ], [ -79.044953849039473, -2.9027435024739 ], [ -79.044935840786579, -2.902756581722257 ], [ -79.044857469109104, -2.90278194334673 ], [ -79.044777391736886, -2.902805584073118 ], [ -79.044741410479247, -2.90281121789259 ], [ -79.044715321221943, -2.902816959302975 ], [ -79.044657301691771, -2.902825900295203 ], [ -79.044578056354297, -2.90283634152197 ], [ -79.044549443503925, -2.902845333568202 ], [ -79.044498788187823, -2.902860074044336 ], [ -79.04446612870241, -2.902868968643451 ], [ -79.044404058036733, -2.902880434268669 ], [ -79.044374642973565, -2.90288526572056 ], [ -79.044323196784703, -2.902889245156064 ], [ -79.044264463423744, -2.902894929861711 ], [ -79.044203212061689, -2.902900610190749 ], [ -79.044141953866017, -2.902910268864127 ], [ -79.044113353755989, -2.90291184670159 ], [ -79.044038153668751, -2.902923199081447 ], [ -79.043964656479361, -2.902937899851877 ], [ -79.043927950052861, -2.902946877818736 ], [ -79.043887914868193, -2.902956663757056 ], [ -79.043842932209671, -2.902967254854476 ], [ -79.043780857514975, -2.902981071278909 ], [ -79.043722929327771, -2.902989198615629 ], [ -79.043702422955505, -2.902990700084328 ], [ -79.043665724921695, -2.902994795523345 ], [ -79.043586482251044, -2.90300369957752 ], [ -79.043539885231425, -2.903011756172195 ], [ -79.043515416095573, -2.903016686607127 ], [ -79.043450101177839, -2.90303212488926 ], [ -79.043352843102767, -2.903058267312807 ], [ -79.043288239067195, -2.903078679765042 ], [ -79.043196720881937, -2.903113873866013 ], [ -79.043058678664096, -2.90316698012708 ], [ -79.042931155293317, -2.903221732154678 ], [ -79.042864197564626, -2.903251182200355 ], [ -79.042829014331474, -2.903263417785271 ], [ -79.042795534144929, -2.90327891134802 ], [ -79.042770148777251, -2.903293695642507 ], [ -79.042753038396711, -2.90330759014831 ], [ -79.042685161631297, -2.903348521562629 ], [ -79.042616464154236, -2.90339605199751 ], [ -79.042594331503665, -2.903454242189437 ], [ -79.042592683088287, -2.903471509006461 ], [ -79.04258777609418, -2.90350106689573 ], [ -79.042577925824006, -2.903528988681198 ], [ -79.042504163328559, -2.903697940568625 ], [ -79.042488559174387, -2.90372494817424 ], [ -79.042468923627368, -2.903742997468474 ], [ -79.04245263519104, -2.903749569600176 ], [ -79.04240683196565, -2.903766669219501 ], [ -79.042368408331583, -2.903780617067394 ], [ -79.042341497117718, -2.903793680761062 ], [ -79.042314490219965, -2.903810089722644 ], [ -79.042286675519449, -2.903825593106565 ], [ -79.042242570981287, -2.903848482368203 ], [ -79.042220524311631, -2.903856671989654 ], [ -79.042207476104863, -2.903861622241769 ], [ -79.042157637288497, -2.903872204791234 ], [ -79.042113561060518, -2.903878638170747 ], [ -79.042089007589766, -2.903880313393255 ], [ -79.042063736245936, -2.903881083195045 ], [ -79.042032716626565, -2.903877683809268 ], [ -79.041977957096734, -2.903873519794652 ], [ -79.041897213955451, -2.903865965148022 ], [ -79.041840019357494, -2.903865865663491 ], [ -79.0418147480176, -2.90386663545979 ], [ -79.04177391762849, -2.903868191945103 ], [ -79.041739554942865, -2.903873918868035 ], [ -79.041698710396361, -2.903883703285335 ], [ -79.04167423145573, -2.903894329924528 ], [ -79.041639042608764, -2.903909820456948 ], [ -79.041616182382612, -2.903920449910091 ], [ -79.041566316655675, -2.903946674544732 ], [ -79.04150178276177, -2.903978569935143 ], [ -79.041463349324687, -2.903998214001478 ], [ -79.041391435680254, -2.904033351558173 ], [ -79.041281108203734, -2.904076740640608 ], [ -79.041214964148622, -2.90410366026105 ], [ -79.041165102616034, -2.904127443611401 ], [ -79.041122613982097, -2.904151963125592 ], [ -79.041064546374969, -2.904188842668086 ], [ -79.041025281002277, -2.904221595741295 ], [ -79.0409942033329, -2.904251921799923 ], [ -79.040927968821606, -2.904331373567334 ], [ -79.040873985607391, -2.904398640341731 ], [ -79.040806042277836, -2.90447817953286 ], [ -79.040755327773496, -2.904527278147363 ], [ -79.040720203300836, -2.904557597142949 ], [ -79.040697336054691, -2.904572295319112 ], [ -79.040625423617058, -2.90460670945112 ], [ -79.040608238844925, -2.904611562055366 ], [ -79.040500363529503, -2.904640940625191 ], [ -79.040454672793174, -2.904644929840996 ], [ -79.040285581494729, -2.904659463816845 ], [ -79.04013544312177, -2.90463460893455 ], [ -79.040079902617776, -2.904613987544342 ], [ -79.039950763269147, -2.904562677018952 ], [ -79.039504307766094, -2.904591013696596 ], [ -79.039120487979815, -2.904697489182728 ], [ -79.038509902661843, -2.905044530480569 ], [ -79.038360512600406, -2.905159461271631 ], [ -79.038095059081101, -2.905410719241083 ], [ -79.03771337789118, -2.905841251938102 ], [ -79.037345306235125, -2.906097755520662 ], [ -79.037108143636559, -2.906161628109782 ], [ -79.036677948675816, -2.906147495636497 ], [ -79.036251957855384, -2.906042320586713 ], [ -79.035833929307316, -2.905961210204635 ], [ -79.035547502526015, -2.905963422563865 ], [ -79.035030695222261, -2.906007999591732 ], [ -79.034341631956366, -2.906285369713275 ], [ -79.033848528131728, -2.906455847547854 ], [ -79.033624633393956, -2.906543883667827 ], [ -79.033313919903378, -2.906757627924231 ], [ -79.03314591895915, -2.906869812459458 ], [ -79.032570089246548, -2.907139241376125 ], [ -79.031654159249612, -2.907662597174795 ], [ -79.03127570258529, -2.907787794384728 ], [ -79.031058400315786, -2.907859747073598 ], [ -79.030653603287206, -2.90782422766768 ], [ -79.029984083186889, -2.90756591011419 ], [ -79.02941743159576, -2.907157862150861 ], [ -79.0289873683205, -2.907068771536496 ], [ -79.028337527364428, -2.907027397016751 ], [ -79.027718652382219, -2.906761210936794 ], [ -79.027194335877283, -2.906521863398023 ], [ -79.026966747935916, -2.906406364179445 ], [ -79.026447486600361, -2.906311691469916 ], [ -79.026123019127709, -2.906367180216341 ], [ -79.025456749285553, -2.906569537762119 ], [ -79.024803705051468, -2.906820109821537 ], [ -79.024574429051469, -2.906900087113726 ], [ -79.024058786966435, -2.907051803719928 ], [ -79.023696281225497, -2.907158309826619 ], [ -79.023224416715522, -2.907371766633164 ], [ -79.022831428751829, -2.907424601990932 ], [ -79.022357123986993, -2.907541670409167 ], [ -79.02196523192876, -2.90768826877848 ], [ -79.02157461089817, -2.907931252676007 ], [ -79.021036128397569, -2.908133831309297 ], [ -79.020521699725492, -2.908363305459118 ], [ -79.020035069334611, -2.908638307426234 ], [ -79.019709790224354, -2.908798403454163 ], [ -79.019330886155231, -2.909180737545701 ], [ -79.019025421357611, -2.909426582397573 ], [ -79.018908170671281, -2.909469232802289 ], [ -79.01873495111019, -2.909479596441481 ], [ -79.01834618743014, -2.909430719188255 ], [ -79.017989455668328, -2.909320325139069 ], [ -79.017673705336762, -2.9093278151407 ], [ -79.017535198017285, -2.90933823984132 ], [ -79.017263245917292, -2.909498428869354 ], [ -79.01684718491579, -2.909786934649612 ], [ -79.01653363188737, -2.910081046076041 ], [ -79.016221625281517, -2.910313496496135 ], [ -79.015922945549065, -2.910484397173192 ], [ -79.015587232435834, -2.910542664719033 ], [ -79.015151693775607, -2.910552654585767 ], [ -79.014693502937305, -2.910557179298213 ], [ -79.014389775024426, -2.910580783358767 ], [ -79.014267148399981, -2.910663568113554 ], [ -79.014129740889956, -2.910765042741488 ], [ -79.013959093747161, -2.910898646513153 ], [ -79.0138949536599, -2.911013722573982 ], [ -79.013865421624828, -2.911136906823371 ], [ -79.013833154407507, -2.911281424313461 ], [ -79.013769430388209, -2.911929501080261 ], [ -79.013675735559289, -2.912231956320957 ], [ -79.013614226775573, -2.912333565023942 ], [ -79.013348632836838, -2.912662569364702 ], [ -79.013257878622113, -2.912774885695526 ], [ -79.013100516101332, -2.912870990110574 ], [ -79.012759398217582, -2.912985575539811 ], [ -79.012431556102641, -2.913067996402203 ], [ -79.012051680083601, -2.913233416810392 ], [ -79.011929001381986, -2.913345676352787 ], [ -79.011552748902488, -2.913701156240571 ], [ -79.011464584165751, -2.913875140189473 ], [ -79.011381522623395, -2.914113328143899 ], [ -79.011342671197411, -2.914268593047356 ], [ -79.011289208458564, -2.914397069057897 ], [ -79.011227642841405, -2.914530865202297 ], [ -79.011085991169267, -2.914795712142273 ], [ -79.010957954713518, -2.914937437327267 ], [ -79.010678006077214, -2.915041370597961 ], [ -79.010236963752121, -2.915163824338841 ], [ -79.009762563551277, -2.915334410032438 ], [ -79.009925650996578, -2.915972941723324 ], [ -79.010000499994959, -2.916212584966187 ], [ -79.010164506788485, -2.916788460551574 ], [ -79.01027261697611, -2.91713747512902 ], [ -79.010318127379705, -2.917389634094314 ], [ -79.010297086841675, -2.917490500327931 ], [ -79.010275926981279, -2.91760809319665 ], [ -79.010246560130611, -2.917687877847636 ], [ -79.010154445776237, -2.917754892898635 ], [ -79.0098075861045, -2.917758526333351 ], [ -79.009665529477004, -2.917741456723407 ], [ -79.009486030605842, -2.917640324706776 ], [ -79.009377396401376, -2.917589679937143 ], [ -79.009302224122578, -2.917585296859924 ], [ -79.009231084915925, -2.917639871751162 ], [ -79.009247626999723, -2.917744873363574 ], [ -79.009286937959942, -2.917942500754936 ], [ -79.009362104353883, -2.91800140429826 ], [ -79.009504220098833, -2.917984839555921 ], [ -79.009750876335445, -2.917943325041504 ], [ -79.010110073519087, -2.918032208527745 ], [ -79.010306433415678, -2.918108144573491 ], [ -79.010665158401309, -2.918465922586395 ], [ -79.010984174820862, -2.918903557370186 ], [ -79.011163445215956, -2.91913497763528 ], [ -79.011409725643688, -2.919307656457396 ], [ -79.011560109102007, -2.919345717174603 ], [ -79.011718988676847, -2.919308205620936 ], [ -79.011994953453325, -2.919220450058126 ], [ -79.01224585912594, -2.919166284488429 ], [ -79.01243383267132, -2.919204411818025 ], [ -79.012596695397193, -2.91930560460001 ], [ -79.012819910353372, -2.919503468283872 ], [ -79.012991054039659, -2.91960042622697 ], [ -79.013016003874228, -2.919680307436761 ], [ -79.01300331939072, -2.919785347798279 ], [ -79.012906957438176, -2.919915375166413 ], [ -79.012701711028299, -2.92018815619156 ], [ -79.012651361279751, -2.92028472101204 ], [ -79.011364541193061, -2.920047174700482 ], [ -79.01131375584238, -2.92039156738629 ], [ -79.011292789036418, -2.920450390599433 ], [ -79.011240341274316, -2.920563768812328 ], [ -79.011043841948975, -2.920618030589292 ], [ -79.010463021715793, -2.920806599452614 ] ] ] ] } }
]
}
